Workbook
Name centro: Tabla_Trans_dic_2012.accdb[[#All],[centro]]
Name ind: Tabla_Trans_dic_2012.accdb[[#All],[INDEPENDIENTE]]
Name independiente: Tabla_Trans_dic_2012.accdb[[#All],[INDEPENDIENTE]]
Name mud: Tabla_Trans_dic_2012.accdb[[#All],[MUD]]
Name municipio: Tabla_Trans_dic_2012.accdb[[#All],[municipio]]
Name otro: Tabla_Trans_dic_2012.accdb[[#All],[Otro]]
Name psuv: Tabla_Trans_dic_2012.accdb[[#All],[PSUV]]
Name totalv: Tabla_Trans_dic_2012.accdb[[#All],[totalv]]
Name turno: Tabla_Trans_dic_2012.accdb[[#All],[turno]]

Sheet Entrada
B1: Id | C1: centro | D1: municipio | E1: turno | F1: PSUV | G1: MUD | H1: Otro | I1: INDEPENDIENTE | J1: totalv | K1: usuario
B2: 2 | C2: 11 | D2: 3 | E2: 16 | F2: 2 | G2: 0 | H2: 0 | I2: 0 | J2: 2 | K2: rodolfo
B3: 3 | C3: 9 | D3: 3 | E3: 15 | F3: 22 | G3: 8 | H3: 0 | I3: 0 | J3: 30 | K3: jonathan
B4: 4 | C4: 75 | D4: 37 | E4: 15 | F4: 4 | G4: 3 | H4: 3 | I4: 0 | J4: 10 | K4: jonathan
B5: 5 | C5: 272 | D5: 123 | E5: 1 | F5: 13 | G5: 17 | H5: 0 | I5: 0 | J5: 30 | K5: jonathan
B6: 6 | C6: 273 | D6: 124 | E6: 1 | F6: 19 | G6: 11 | H6: 0 | I6: 0 | J6: 30 | K6: jonathan
B7: 7 | C7: 255 | D7: 116 | E7: 1 | F7: 14 | G7: 2 | H7: 1 | I7: 0 | J7: 17 | K7: jonathan
B8: 14 | C8: 22 | D8: 10 | E8: 2 | F8: 4 | G8: 6 | H8: 0 | I8: 0 | J8: 10 | K8: jonathan
B9: 16 | C9: 3 | D9: 1 | E9: 2 | F9: 9 | G9: 9 | H9: 0 | I9: 0 | J9: 18 | K9: jonathan
B10: 17 | C10: 24 | D10: 12 | E10: 2 | F10: 20 | G10: 4 | H10: 1 | I10: 0 | J10: 25 | K10: jonathan
B11: 19 | C11: 26 | D11: 14 | E11: 2 | F11: 11 | G11: 8 | H11: 4 | I11: 0 | J11: 23 | K11: jonathan
B12: 20 | C12: 7 | D12: 2 | E12: 2 | F12: 15 | G12: 13 | H12: 0 | I12: 0 | J12: 28 | K12: jonathan
B13: 21 | C13: 129 | D13: 57 | E13: 2 | F13: 3 | G13: 16 | H13: 0 | I13: 0 | J13: 19 | K13: jonathan
... B703: 5287 | C703: 198 | D703: 86 | E703: 2 | F703: 6 | G703: 3 | H703: 0 | I703: 0 | J703: 9 | K703: geraldine
A704: * | B704: 5289 | C704: 185 | D704: 81 | E704: 7 | F704: 5 | G704: 10 | H704: 0 | I704: 0 | J704: 15 | K704: gibran
B705: 5291 | C705: 198 | D705: 86 | E705: 3 | F705: 7 | G705: 8 | H705: 1 | I705: 0 | J705: 16 | K705: geraldine
B706: 5292 | C706: 185 | D706: 81 | E706: 8 | F706: 10 | G706: 20 | H706: 0 | I706: 0 | J706: 30 | K706: gibran
B707: 5290 | C707: 42 | D707: 21 | E707: 18 | F707: 11 | G707: 10 | H707: 0 | I707: 0 | J707: 21 | K707: octavio
B708: 776 | C708: 70 | D708: 35 | E708: 4 | F708: 14 | G708: 10 | H708: 6 | I708: 0 | J708: 30 | K708: michelle
B709: 778 | C709: 24 | D709: 12 | E709: 5 | F709: 5 | G709: 7 | H709: 10 | I709: 0 | J709: 22 | K709: gibran
B710: 779 | C710: 4 | D710: 1 | E710: 4 | F710: 3 | G710: 3 | H710: 0 | I710: 0 | J710: 6 | K710: michelle
B711: 780 | C711: 283 | D711: 131 | E711: 5 | F711: 9 | G711: 3 | H711: 0 | I711: 0 | J711: 12 | K711: moises
B712: 781 | C712: 346 | D712: 155 | E712: 4 | F712: 8 | G712: 16 | H712: 0 | I712: 0 | J712: 24 | K712: jonathan
B713: 782 | C713: 33 | D713: 17 | E713: 5 | F713: 7 | G713: 15 | H713: 0 | I713: 0 | J713: 22 | K713: gibran
B714: 783 | C714: 164 | D714: 70 | E714: 5 | F714: 2 | G714: 0 | H714: 0 | I714: 0 | J714: 2 | K714: moises
B715: 785 | C715: 19 | D715: 9 | E715: 5 | F715: 17 | G715: 13 | H715: 0 | I715: 0 | J715: 30 | K715: eugenia
B716: 786 | C716: 78 | D716: 40 | E716: 5 | F716: 4 | G716: 5 | H716: 0 | I716: 0 | J716: 9 | K716: gibran
... B4625: 5122 | C4625: 16 | D4625: 7 | E4625: 7 | F4625: 6 | G4625: 11 | H4625: 0 | I4625: 0 | J4625: 17 | K4625: moises

Sheet Hector
E1: 0.3125 | F1: 0.33333333 | G1: 0.35416667 | H1: 0.375 | I1: 0.39583333 | J1: 0.41666667 | K1: 0.4375 | L1: 0.45833333 | M1: 0.47916667 | N1: 0.5 | O1: 0.52083333 | P1: 0.041666667 | Q1: 0.0625 | R1: 0.083333333 | S1: 0.10416667 | T1: 0.125 | U1: 0.14583333 | V1: 0.16666667
B2: Estado | C2: Candidato | D2: Resultado | E2: 1 | F2: 2 | G2: 3 | H2: 4 | I2: 5 | J2: 6 | K2: 7 | L2: 8 | M2: 9 | N2: 10 | O2: 11 | P2: 12 | Q2: 13 | R2: 14 | S2: 15 | T2: 16 | U2: 17 | V2: 18
B3: Amazonas | C3: Nicia Maldonado | D3: =Alejandro!F5/(Alejandro!$F$5+Alejandro!$F$6+Alejandro!$F$7) -> 0.49724771 | E3: =IF((Alejandro!G$2+Alejandro!G$3+Alejandro!G$4)=0,NA(),Alejandro!G2/(Alejandro!G$2+Alejandro!G$3+Alejandro!G$4)) -> 0.36363636 | F3: =IF((Alejandro!H$2+Alejandro!H$3+Alejandro!H$4)=0,NA(),Alejandro!H2/(Alejandro!H$2+Alejandro!H$3+Alejandro!H$4)) -> 0.44776119 | G3: =IF((Alejandro!I$2+Alejandro!I$3+Alejandro!I$4)=0,NA(),Alejandro!I2/(Alejandro!I$2+Alejandro!I$3+Alejandro!I$4)) -> 0.47154472 | H3: =IF((Alejandro!J$2+Alejandro!J$3+Alejandro!J$4)=0,NA(),Alejandro!J2/(Alejandro!J$2+Alejandro!J$3+Alejandro!J$4)) -> 0.45121951 | I3: =IF((Alejandro!K$2+Alejandro!K$3+Alejandro!K$4)=0,NA(),Alejandro!K2/(Alejandro!K$2+Alejandro!K$3+Alejandro!K$4)) -> 0.45360825 | J3: =IF((Alejandro!L$2+Alejandro!L$3+Alejandro!L$4)=0,NA(),Alejandro!L2/(Alejandro!L$2+Alejandro!L$3+Alejandro!L$4)) -> 0.47945205 | K3: =IF((Alejandro!M$2+Alejandro!M$3+Alejandro!M$4)=0,NA(),Alejandro!M2/(Alejandro!M$2+Alejandro!M$3+Alejandro!M$4)) -> 0.5 | L3: =IF((Alejandro!N$2+Alejandro!N$3+Alejandro!N$4)=0,NA(),Alejandro!N2/(Alejandro!N$2+Alejandro!N$3+Alejandro!N$4)) -> 0.48494983 | ... V3: =IF((Alejandro!X$2+Alejandro!X$3+Alejandro!X$4)=0,NA(),Alejandro!X2/(Alejandro!X$2+Alejandro!X$3+Alejandro!X$4)) -> 0.49724771
C4: Liborio Guarulla | D4: =Alejandro!F6/(Alejandro!$F$5+Alejandro!$F$6+Alejandro!$F$7) -> 0.43669725 | E4: =IF((Alejandro!G$2+Alejandro!G$3+Alejandro!G$4)=0,NA(),Alejandro!G3/(Alejandro!G$2+Alejandro!G$3+Alejandro!G$4)) -> 0.63636364 | F4: =IF((Alejandro!H$2+Alejandro!H$3+Alejandro!H$4)=0,NA(),Alejandro!H3/(Alejandro!H$2+Alejandro!H$3+Alejandro!H$4)) -> 0.55223881 | G4: =IF((Alejandro!I$2+Alejandro!I$3+Alejandro!I$4)=0,NA(),Alejandro!I3/(Alejandro!I$2+Alejandro!I$3+Alejandro!I$4)) -> 0.51219512 | H4: =IF((Alejandro!J$2+Alejandro!J$3+Alejandro!J$4)=0,NA(),Alejandro!J3/(Alejandro!J$2+Alejandro!J$3+Alejandro!J$4)) -> 0.5304878 | I4: =IF((Alejandro!K$2+Alejandro!K$3+Alejandro!K$4)=0,NA(),Alejandro!K3/(Alejandro!K$2+Alejandro!K$3+Alejandro!K$4)) -> 0.52061856 | J4: =IF((Alejandro!L$2+Alejandro!L$3+Alejandro!L$4)=0,NA(),Alejandro!L3/(Alejandro!L$2+Alejandro!L$3+Alejandro!L$4)) -> 0.49315068 | K4: =IF((Alejandro!M$2+Alejandro!M$3+Alejandro!M$4)=0,NA(),Alejandro!M3/(Alejandro!M$2+Alejandro!M$3+Alejandro!M$4)) -> 0.46428571 | L4: =IF((Alejandro!N$2+Alejandro!N$3+Alejandro!N$4)=0,NA(),Alejandro!N3/(Alejandro!N$2+Alejandro!N$3+Alejandro!N$4)) -> 0.46822742 | ... V4: =IF((Alejandro!X$2+Alejandro!X$3+Alejandro!X$4)=0,NA(),Alejandro!X3/(Alejandro!X$2+Alejandro!X$3+Alejandro!X$4)) -> 0.43669725
C5: Otro | D5: =Alejandro!F7/(Alejandro!$F$5+Alejandro!$F$6+Alejandro!$F$7) -> 0.066055046 | E5: =IF((Alejandro!G$2+Alejandro!G$3+Alejandro!G$4)=0,NA(),Alejandro!G4/(Alejandro!G$2+Alejandro!G$3+Alejandro!G$4)) -> 0 | F5: =IF((Alejandro!H$2+Alejandro!H$3+Alejandro!H$4)=0,NA(),Alejandro!H4/(Alejandro!H$2+Alejandro!H$3+Alejandro!H$4)) -> 0 | G5: =IF((Alejandro!I$2+Alejandro!I$3+Alejandro!I$4)=0,NA(),Alejandro!I4/(Alejandro!I$2+Alejandro!I$3+Alejandro!I$4)) -> 0.016260163 | H5: =IF((Alejandro!J$2+Alejandro!J$3+Alejandro!J$4)=0,NA(),Alejandro!J4/(Alejandro!J$2+Alejandro!J$3+Alejandro!J$4)) -> 0.018292683 | I5: =IF((Alejandro!K$2+Alejandro!K$3+Alejandro!K$4)=0,NA(),Alejandro!K4/(Alejandro!K$2+Alejandro!K$3+Alejandro!K$4)) -> 0.025773196 | J5: =IF((Alejandro!L$2+Alejandro!L$3+Alejandro!L$4)=0,NA(),Alejandro!L4/(Alejandro!L$2+Alejandro!L$3+Alejandro!L$4)) -> 0.02739726 | K5: =IF((Alejandro!M$2+Alejandro!M$3+Alejandro!M$4)=0,NA(),Alejandro!M4/(Alejandro!M$2+Alejandro!M$3+Alejandro!M$4)) -> 0.035714286 | L5: =IF((Alejandro!N$2+Alejandro!N$3+Alejandro!N$4)=0,NA(),Alejandro!N4/(Alejandro!N$2+Alejandro!N$3+Alejandro!N$4)) -> 0.046822742 | ... V5: =IF((Alejandro!X$2+Alejandro!X$3+Alejandro!X$4)=0,NA(),Alejandro!X4/(Alejandro!X$2+Alejandro!X$3+Alejandro!X$4)) -> 0.066055046
B6: Anzoategui | C6: Aristóbulo Iztúriz | D6: =Alejandro!F14/(Alejandro!$F$14+Alejandro!$F$15+Alejandro!$F$16) -> 0.58135268 | E6: =IF((Alejandro!G$11+Alejandro!G$12+Alejandro!G$13)=0,NA(),Alejandro!G11/(Alejandro!G$11+Alejandro!G$12+Alejandro!G$13)) -> 0.67034891 | F6: =IF((Alejandro!H$11+Alejandro!H$12+Alejandro!H$13)=0,NA(),Alejandro!H11/(Alejandro!H$11+Alejandro!H$12+Alejandro!H$13)) -> 0.64791346 | G6: =IF((Alejandro!I$11+Alejandro!I$12+Alejandro!I$13)=0,NA(),Alejandro!I11/(Alejandro!I$11+Alejandro!I$12+Alejandro!I$13)) -> 0.63870578 | H6: =IF((Alejandro!J$11+Alejandro!J$12+Alejandro!J$13)=0,NA(),Alejandro!J11/(Alejandro!J$11+Alejandro!J$12+Alejandro!J$13)) -> 0.63091953 | I6: =IF((Alejandro!K$11+Alejandro!K$12+Alejandro!K$13)=0,NA(),Alejandro!K11/(Alejandro!K$11+Alejandro!K$12+Alejandro!K$13)) -> 0.60627904 | J6: =IF((Alejandro!L$11+Alejandro!L$12+Alejandro!L$13)=0,NA(),Alejandro!L11/(Alejandro!L$11+Alejandro!L$12+Alejandro!L$13)) -> 0.58914399 | K6: =IF((Alejandro!M$11+Alejandro!M$12+Alejandro!M$13)=0,NA(),Alejandro!M11/(Alejandro!M$11+Alejandro!M$12+Alejandro!M$13)) -> 0.59217944 | L6: =IF((Alejandro!N$11+Alejandro!N$12+Alejandro!N$13)=0,NA(),Alejandro!N11/(Alejandro!N$11+Alejandro!N$12+Alejandro!N$13)) -> 0.57462447 | ... V6: =IF((Alejandro!X$11+Alejandro!X$12+Alejandro!X$13)=0,NA(),Alejandro!X11/(Alejandro!X$11+Alejandro!X$12+Alejandro!X$13)) -> 0.58135268
C7: Antonio Barreto Sira | D7: =Alejandro!F15/(Alejandro!$F$14+Alejandro!$F$15+Alejandro!$F$16) -> 0.40019382 | E7: =IF((Alejandro!G$11+Alejandro!G$12+Alejandro!G$13)=0,NA(),Alejandro!G12/(Alejandro!G$11+Alejandro!G$12+Alejandro!G$13)) -> 0.29408316 | F7: =IF((Alejandro!H$11+Alejandro!H$12+Alejandro!H$13)=0,NA(),Alejandro!H12/(Alejandro!H$11+Alejandro!H$12+Alejandro!H$13)) -> 0.33628585 | G7: =IF((Alejandro!I$11+Alejandro!I$12+Alejandro!I$13)=0,NA(),Alejandro!I12/(Alejandro!I$11+Alejandro!I$12+Alejandro!I$13)) -> 0.34953845 | H7: =IF((Alejandro!J$11+Alejandro!J$12+Alejandro!J$13)=0,NA(),Alejandro!J12/(Alejandro!J$11+Alejandro!J$12+Alejandro!J$13)) -> 0.35739123 | I7: =IF((Alejandro!K$11+Alejandro!K$12+Alejandro!K$13)=0,NA(),Alejandro!K12/(Alejandro!K$11+Alejandro!K$12+Alejandro!K$13)) -> 0.37473985 | J7: =IF((Alejandro!L$11+Alejandro!L$12+Alejandro!L$13)=0,NA(),Alejandro!L12/(Alejandro!L$11+Alejandro!L$12+Alejandro!L$13)) -> 0.38522128 | K7: =IF((Alejandro!M$11+Alejandro!M$12+Alejandro!M$13)=0,NA(),Alejandro!M12/(Alejandro!M$11+Alejandro!M$12+Alejandro!M$13)) -> 0.38162011 | L7: =IF((Alejandro!N$11+Alejandro!N$12+Alejandro!N$13)=0,NA(),Alejandro!N12/(Alejandro!N$11+Alejandro!N$12+Alejandro!N$13)) -> 0.39895128 | ... V7: =IF((Alejandro!X$11+Alejandro!X$12+Alejandro!X$13)=0,NA(),Alejandro!X12/(Alejandro!X$11+Alejandro!X$12+Alejandro!X$13)) -> 0.40019382
C8: Otro | D8: =Alejandro!F16/(Alejandro!$F$14+Alejandro!$F$15+Alejandro!$F$16) -> 0.018453501 | E8: =IF((Alejandro!G$11+Alejandro!G$12+Alejandro!G$13)=0,NA(),Alejandro!G13/(Alejandro!G$11+Alejandro!G$12+Alejandro!G$13)) -> 0.035567923 | F8: =IF((Alejandro!H$11+Alejandro!H$12+Alejandro!H$13)=0,NA(),Alejandro!H13/(Alejandro!H$11+Alejandro!H$12+Alejandro!H$13)) -> 0.015800689 | G8: =IF((Alejandro!I$11+Alejandro!I$12+Alejandro!I$13)=0,NA(),Alejandro!I13/(Alejandro!I$11+Alejandro!I$12+Alejandro!I$13)) -> 0.011755775 | H8: =IF((Alejandro!J$11+Alejandro!J$12+Alejandro!J$13)=0,NA(),Alejandro!J13/(Alejandro!J$11+Alejandro!J$12+Alejandro!J$13)) -> 0.011689243 | I8: =IF((Alejandro!K$11+Alejandro!K$12+Alejandro!K$13)=0,NA(),Alejandro!K13/(Alejandro!K$11+Alejandro!K$12+Alejandro!K$13)) -> 0.018981114 | J8: =IF((Alejandro!L$11+Alejandro!L$12+Alejandro!L$13)=0,NA(),Alejandro!L13/(Alejandro!L$11+Alejandro!L$12+Alejandro!L$13)) -> 0.025634731 | K8: =IF((Alejandro!M$11+Alejandro!M$12+Alejandro!M$13)=0,NA(),Alejandro!M13/(Alejandro!M$11+Alejandro!M$12+Alejandro!M$13)) -> 0.026200454 | L8: =IF((Alejandro!N$11+Alejandro!N$12+Alejandro!N$13)=0,NA(),Alejandro!N13/(Alejandro!N$11+Alejandro!N$12+Alejandro!N$13)) -> 0.02642425 | ... V8: =IF((Alejandro!X$11+Alejandro!X$12+Alejandro!X$13)=0,NA(),Alejandro!X13/(Alejandro!X$11+Alejandro!X$12+Alejandro!X$13)) -> 0.018453501
B9: Apure | C9: Ramón Carrizález | D9: =Alejandro!F23/(Alejandro!$F$23+Alejandro!$F$24+Alejandro!$F$25) -> 0.49358909 | E9: =IF((Alejandro!G$20+Alejandro!G$21+Alejandro!G$22)=0,NA(),Alejandro!G20/(Alejandro!G$20+Alejandro!G$21+Alejandro!G$22)) -> 0.47596071 | F9: =IF((Alejandro!H$20+Alejandro!H$21+Alejandro!H$22)=0,NA(),Alejandro!H20/(Alejandro!H$20+Alejandro!H$21+Alejandro!H$22)) -> 0.52083169 | G9: =IF((Alejandro!I$20+Alejandro!I$21+Alejandro!I$22)=0,NA(),Alejandro!I20/(Alejandro!I$20+Alejandro!I$21+Alejandro!I$22)) -> 0.49908697 | H9: =IF((Alejandro!J$20+Alejandro!J$21+Alejandro!J$22)=0,NA(),Alejandro!J20/(Alejandro!J$20+Alejandro!J$21+Alejandro!J$22)) -> 0.51526227 | I9: =IF((Alejandro!K$20+Alejandro!K$21+Alejandro!K$22)=0,NA(),Alejandro!K20/(Alejandro!K$20+Alejandro!K$21+Alejandro!K$22)) -> 0.5008291 | J9: =IF((Alejandro!L$20+Alejandro!L$21+Alejandro!L$22)=0,NA(),Alejandro!L20/(Alejandro!L$20+Alejandro!L$21+Alejandro!L$22)) -> 0.47787592 | K9: =IF((Alejandro!M$20+Alejandro!M$21+Alejandro!M$22)=0,NA(),Alejandro!M20/(Alejandro!M$20+Alejandro!M$21+Alejandro!M$22)) -> 0.49384294 | L9: =IF((Alejandro!N$20+Alejandro!N$21+Alejandro!N$22)=0,NA(),Alejandro!N20/(Alejandro!N$20+Alejandro!N$21+Alejandro!N$22)) -> 0.50020855 | ... V9: =IF((Alejandro!X$20+Alejandro!X$21+Alejandro!X$22)=0,NA(),Alejandro!X20/(Alejandro!X$20+Alejandro!X$21+Alejandro!X$22)) -> 0.49358909
C10: Luis Lippa | D10: =Alejandro!F24/(Alejandro!$F$23+Alejandro!$F$24+Alejandro!$F$25) -> 0.29659705 | E10: =IF((Alejandro!G$20+Alejandro!G$21+Alejandro!G$22)=0,NA(),Alejandro!G21/(Alejandro!G$20+Alejandro!G$21+Alejandro!G$22)) -> 0.24404619 | F10: =IF((Alejandro!H$20+Alejandro!H$21+Alejandro!H$22)=0,NA(),Alejandro!H21/(Alejandro!H$20+Alejandro!H$21+Alejandro!H$22)) -> 0.27187112 | G10: =IF((Alejandro!I$20+Alejandro!I$21+Alejandro!I$22)=0,NA(),Alejandro!I21/(Alejandro!I$20+Alejandro!I$21+Alejandro!I$22)) -> 0.28382136 | H10: =IF((Alejandro!J$20+Alejandro!J$21+Alejandro!J$22)=0,NA(),Alejandro!J21/(Alejandro!J$20+Alejandro!J$21+Alejandro!J$22)) -> 0.26822339 | I10: =IF((Alejandro!K$20+Alejandro!K$21+Alejandro!K$22)=0,NA(),Alejandro!K21/(Alejandro!K$20+Alejandro!K$21+Alejandro!K$22)) -> 0.28124564 | J10: =IF((Alejandro!L$20+Alejandro!L$21+Alejandro!L$22)=0,NA(),Alejandro!L21/(Alejandro!L$20+Alejandro!L$21+Alejandro!L$22)) -> 0.32452172 | K10: =IF((Alejandro!M$20+Alejandro!M$21+Alejandro!M$22)=0,NA(),Alejandro!M21/(Alejandro!M$20+Alejandro!M$21+Alejandro!M$22)) -> 0.31949288 | L10: =IF((Alejandro!N$20+Alejandro!N$21+Alejandro!N$22)=0,NA(),Alejandro!N21/(Alejandro!N$20+Alejandro!N$21+Alejandro!N$22)) -> 0.31462782 | ... V10: =IF((Alejandro!X$20+Alejandro!X$21+Alejandro!X$22)=0,NA(),Alejandro!X21/(Alejandro!X$20+Alejandro!X$21+Alejandro!X$22)) -> 0.29659705
C11: Otro | D11: =Alejandro!F25/(Alejandro!$F$23+Alejandro!$F$24+Alejandro!$F$25) -> 0.20981385 | E11: =IF((Alejandro!G$20+Alejandro!G$21+Alejandro!G$22)=0,NA(),Alejandro!G22/(Alejandro!G$20+Alejandro!G$21+Alejandro!G$22)) -> 0.2799931 | F11: =IF((Alejandro!H$20+Alejandro!H$21+Alejandro!H$22)=0,NA(),Alejandro!H22/(Alejandro!H$20+Alejandro!H$21+Alejandro!H$22)) -> 0.20729719 | G11: =IF((Alejandro!I$20+Alejandro!I$21+Alejandro!I$22)=0,NA(),Alejandro!I22/(Alejandro!I$20+Alejandro!I$21+Alejandro!I$22)) -> 0.21709166 | H11: =IF((Alejandro!J$20+Alejandro!J$21+Alejandro!J$22)=0,NA(),Alejandro!J22/(Alejandro!J$20+Alejandro!J$21+Alejandro!J$22)) -> 0.21651434 | I11: =IF((Alejandro!K$20+Alejandro!K$21+Alejandro!K$22)=0,NA(),Alejandro!K22/(Alejandro!K$20+Alejandro!K$21+Alejandro!K$22)) -> 0.21792526 | J11: =IF((Alejandro!L$20+Alejandro!L$21+Alejandro!L$22)=0,NA(),Alejandro!L22/(Alejandro!L$20+Alejandro!L$21+Alejandro!L$22)) -> 0.19760236 | K11: =IF((Alejandro!M$20+Alejandro!M$21+Alejandro!M$22)=0,NA(),Alejandro!M22/(Alejandro!M$20+Alejandro!M$21+Alejandro!M$22)) -> 0.18666418 | L11: =IF((Alejandro!N$20+Alejandro!N$21+Alejandro!N$22)=0,NA(),Alejandro!N22/(Alejandro!N$20+Alejandro!N$21+Alejandro!N$22)) -> 0.18516363 | ... V11: =IF((Alejandro!X$20+Alejandro!X$21+Alejandro!X$22)=0,NA(),Alejandro!X22/(Alejandro!X$20+Alejandro!X$21+Alejandro!X$22)) -> 0.20981385
B12: Aragua | C12: Tareck El Aissami | D12: =Alejandro!F32/(Alejandro!$F$32+Alejandro!$F$33+Alejandro!$F$34) -> 0.5310806 | E12: =IF((Alejandro!G$29+Alejandro!G$30+Alejandro!G$31)=0,NA(),Alejandro!G29/(Alejandro!G$29+Alejandro!G$30+Alejandro!G$31)) -> 0.62301981 | F12: =IF((Alejandro!H$29+Alejandro!H$30+Alejandro!H$31)=0,NA(),Alejandro!H29/(Alejandro!H$29+Alejandro!H$30+Alejandro!H$31)) -> 0.56606447 | G12: =IF((Alejandro!I$29+Alejandro!I$30+Alejandro!I$31)=0,NA(),Alejandro!I29/(Alejandro!I$29+Alejandro!I$30+Alejandro!I$31)) -> 0.52816493 | H12: =IF((Alejandro!J$29+Alejandro!J$30+Alejandro!J$31)=0,NA(),Alejandro!J29/(Alejandro!J$29+Alejandro!J$30+Alejandro!J$31)) -> 0.52012884 | I12: =IF((Alejandro!K$29+Alejandro!K$30+Alejandro!K$31)=0,NA(),Alejandro!K29/(Alejandro!K$29+Alejandro!K$30+Alejandro!K$31)) -> 0.51242826 | J12: =IF((Alejandro!L$29+Alejandro!L$30+Alejandro!L$31)=0,NA(),Alejandro!L29/(Alejandro!L$29+Alejandro!L$30+Alejandro!L$31)) -> 0.54279934 | K12: =IF((Alejandro!M$29+Alejandro!M$30+Alejandro!M$31)=0,NA(),Alejandro!M29/(Alejandro!M$29+Alejandro!M$30+Alejandro!M$31)) -> 0.52729989 | L12: =IF((Alejandro!N$29+Alejandro!N$30+Alejandro!N$31)=0,NA(),Alejandro!N29/(Alejandro!N$29+Alejandro!N$30+Alejandro!N$31)) -> 0.53658138 | ... V12: =IF((Alejandro!X$29+Alejandro!X$30+Alejandro!X$31)=0,NA(),Alejandro!X29/(Alejandro!X$29+Alejandro!X$30+Alejandro!X$31)) -> 0.5310806
C13: Richard Mardo | D13: =Alejandro!F33/(Alejandro!$F$32+Alejandro!$F$33+Alejandro!$F$34) -> 0.4539795 | E13: =IF((Alejandro!G$29+Alejandro!G$30+Alejandro!G$31)=0,NA(),Alejandro!G30/(Alejandro!G$29+Alejandro!G$30+Alejandro!G$31)) -> 0.36500738 | F13: =IF((Alejandro!H$29+Alejandro!H$30+Alejandro!H$31)=0,NA(),Alejandro!H30/(Alejandro!H$29+Alejandro!H$30+Alejandro!H$31)) -> 0.39544573 | G13: =IF((Alejandro!I$29+Alejandro!I$30+Alejandro!I$31)=0,NA(),Alejandro!I30/(Alejandro!I$29+Alejandro!I$30+Alejandro!I$31)) -> 0.44997188 | H13: =IF((Alejandro!J$29+Alejandro!J$30+Alejandro!J$31)=0,NA(),Alejandro!J30/(Alejandro!J$29+Alejandro!J$30+Alejandro!J$31)) -> 0.45777698 | I13: =IF((Alejandro!K$29+Alejandro!K$30+Alejandro!K$31)=0,NA(),Alejandro!K30/(Alejandro!K$29+Alejandro!K$30+Alejandro!K$31)) -> 0.47054416 | J13: =IF((Alejandro!L$29+Alejandro!L$30+Alejandro!L$31)=0,NA(),Alejandro!L30/(Alejandro!L$29+Alejandro!L$30+Alejandro!L$31)) -> 0.44234634 | K13: =IF((Alejandro!M$29+Alejandro!M$30+Alejandro!M$31)=0,NA(),Alejandro!M30/(Alejandro!M$29+Alejandro!M$30+Alejandro!M$31)) -> 0.45705192 | L13: =IF((Alejandro!N$29+Alejandro!N$30+Alejandro!N$31)=0,NA(),Alejandro!N30/(Alejandro!N$29+Alejandro!N$30+Alejandro!N$31)) -> 0.44771578 | ... V13: =IF((Alejandro!X$29+Alejandro!X$30+Alejandro!X$31)=0,NA(),Alejandro!X30/(Alejandro!X$29+Alejandro!X$30+Alejandro!X$31)) -> 0.4539795
C14: Otro | D14: =Alejandro!F34/(Alejandro!$F$32+Alejandro!$F$33+Alejandro!$F$34) -> 0.014939904 | E14: =IF((Alejandro!G$29+Alejandro!G$30+Alejandro!G$31)=0,NA(),Alejandro!G31/(Alejandro!G$29+Alejandro!G$30+Alejandro!G$31)) -> 0.011972808 | F14: =IF((Alejandro!H$29+Alejandro!H$30+Alejandro!H$31)=0,NA(),Alejandro!H31/(Alejandro!H$29+Alejandro!H$30+Alejandro!H$31)) -> 0.038489797 | G14: =IF((Alejandro!I$29+Alejandro!I$30+Alejandro!I$31)=0,NA(),Alejandro!I31/(Alejandro!I$29+Alejandro!I$30+Alejandro!I$31)) -> 0.021863193 | H14: =IF((Alejandro!J$29+Alejandro!J$30+Alejandro!J$31)=0,NA(),Alejandro!J31/(Alejandro!J$29+Alejandro!J$30+Alejandro!J$31)) -> 0.022094184 | I14: =IF((Alejandro!K$29+Alejandro!K$30+Alejandro!K$31)=0,NA(),Alejandro!K31/(Alejandro!K$29+Alejandro!K$30+Alejandro!K$31)) -> 0.017027579 | J14: =IF((Alejandro!L$29+Alejandro!L$30+Alejandro!L$31)=0,NA(),Alejandro!L31/(Alejandro!L$29+Alejandro!L$30+Alejandro!L$31)) -> 0.014854321 | K14: =IF((Alejandro!M$29+Alejandro!M$30+Alejandro!M$31)=0,NA(),Alejandro!M31/(Alejandro!M$29+Alejandro!M$30+Alejandro!M$31)) -> 0.015648189 | L14: =IF((Alejandro!N$29+Alejandro!N$30+Alejandro!N$31)=0,NA(),Alejandro!N31/(Alejandro!N$29+Alejandro!N$30+Alejandro!N$31)) -> 0.015702838 | ... V14: =IF((Alejandro!X$29+Alejandro!X$30+Alejandro!X$31)=0,NA(),Alejandro!X31/(Alejandro!X$29+Alejandro!X$30+Alejandro!X$31)) -> 0.014939904
B15: Barinas | C15: Adán Chávez | D15: =Alejandro!F41/(Alejandro!$F$41+Alejandro!$F$42+Alejandro!$F$43) -> 0.40061443 | E15: =IF((Alejandro!G$38+Alejandro!G$39+Alejandro!G$40)=0,NA(),Alejandro!G38/(Alejandro!G$38+Alejandro!G$39+Alejandro!G$40)) -> 0.37080697 | F15: =IF((Alejandro!H$38+Alejandro!H$39+Alejandro!H$40)=0,NA(),Alejandro!H38/(Alejandro!H$38+Alejandro!H$39+Alejandro!H$40)) -> 0.42677523 | G15: =IF((Alejandro!I$38+Alejandro!I$39+Alejandro!I$40)=0,NA(),Alejandro!I38/(Alejandro!I$38+Alejandro!I$39+Alejandro!I$40)) -> 0.39709166 | H15: =IF((Alejandro!J$38+Alejandro!J$39+Alejandro!J$40)=0,NA(),Alejandro!J38/(Alejandro!J$38+Alejandro!J$39+Alejandro!J$40)) -> 0.42586522 | I15: =IF((Alejandro!K$38+Alejandro!K$39+Alejandro!K$40)=0,NA(),Alejandro!K38/(Alejandro!K$38+Alejandro!K$39+Alejandro!K$40)) -> 0.44496301 | J15: =IF((Alejandro!L$38+Alejandro!L$39+Alejandro!L$40)=0,NA(),Alejandro!L38/(Alejandro!L$38+Alejandro!L$39+Alejandro!L$40)) -> 0.44994503 | K15: =IF((Alejandro!M$38+Alejandro!M$39+Alejandro!M$40)=0,NA(),Alejandro!M38/(Alejandro!M$38+Alejandro!M$39+Alejandro!M$40)) -> 0.45051459 | L15: =IF((Alejandro!N$38+Alejandro!N$39+Alejandro!N$40)=0,NA(),Alejandro!N38/(Alejandro!N$38+Alejandro!N$39+Alejandro!N$40)) -> 0.42825042 | ... V15: =IF((Alejandro!X$38+Alejandro!X$39+Alejandro!X$40)=0,NA(),Alejandro!X38/(Alejandro!X$38+Alejandro!X$39+Alejandro!X$40)) -> 0.38312331
C16: Julio Cesar Reyes | D16: =Alejandro!F42/(Alejandro!$F$41+Alejandro!$F$42+Alejandro!$F$43) -> 0.5730002 | E16: =IF((Alejandro!G$38+Alejandro!G$39+Alejandro!G$40)=0,NA(),Alejandro!G39/(Alejandro!G$38+Alejandro!G$39+Alejandro!G$40)) -> 0.62919303 | F16: =IF((Alejandro!H$38+Alejandro!H$39+Alejandro!H$40)=0,NA(),Alejandro!H39/(Alejandro!H$38+Alejandro!H$39+Alejandro!H$40)) -> 0.56975528 | G16: =IF((Alejandro!I$38+Alejandro!I$39+Alejandro!I$40)=0,NA(),Alejandro!I39/(Alejandro!I$38+Alejandro!I$39+Alejandro!I$40)) -> 0.56946888 | H16: =IF((Alejandro!J$38+Alejandro!J$39+Alejandro!J$40)=0,NA(),Alejandro!J39/(Alejandro!J$38+Alejandro!J$39+Alejandro!J$40)) -> 0.53999687 | I16: =IF((Alejandro!K$38+Alejandro!K$39+Alejandro!K$40)=0,NA(),Alejandro!K39/(Alejandro!K$38+Alejandro!K$39+Alejandro!K$40)) -> 0.52807346 | J16: =IF((Alejandro!L$38+Alejandro!L$39+Alejandro!L$40)=0,NA(),Alejandro!L39/(Alejandro!L$38+Alejandro!L$39+Alejandro!L$40)) -> 0.52656295 | K16: =IF((Alejandro!M$38+Alejandro!M$39+Alejandro!M$40)=0,NA(),Alejandro!M39/(Alejandro!M$38+Alejandro!M$39+Alejandro!M$40)) -> 0.52888039 | L16: =IF((Alejandro!N$38+Alejandro!N$39+Alejandro!N$40)=0,NA(),Alejandro!N39/(Alejandro!N$38+Alejandro!N$39+Alejandro!N$40)) -> 0.5419966 | ... V16: =IF((Alejandro!X$38+Alejandro!X$39+Alejandro!X$40)=0,NA(),Alejandro!X39/(Alejandro!X$38+Alejandro!X$39+Alejandro!X$40)) -> 0.59289618
C17: Otro | D17: =Alejandro!F43/(Alejandro!$F$41+Alejandro!$F$42+Alejandro!$F$43) -> 0.02638538 | E17: =IF((Alejandro!G$38+Alejandro!G$39+Alejandro!G$40)=0,NA(),Alejandro!G40/(Alejandro!G$38+Alejandro!G$39+Alejandro!G$40)) -> 0 | F17: =IF((Alejandro!H$38+Alejandro!H$39+Alejandro!H$40)=0,NA(),Alejandro!H40/(Alejandro!H$38+Alejandro!H$39+Alejandro!H$40)) -> 0.0034694881 | G17: =IF((Alejandro!I$38+Alejandro!I$39+Alejandro!I$40)=0,NA(),Alejandro!I40/(Alejandro!I$38+Alejandro!I$39+Alejandro!I$40)) -> 0.033439457 | H17: =IF((Alejandro!J$38+Alejandro!J$39+Alejandro!J$40)=0,NA(),Alejandro!J40/(Alejandro!J$38+Alejandro!J$39+Alejandro!J$40)) -> 0.034137914 | I17: =IF((Alejandro!K$38+Alejandro!K$39+Alejandro!K$40)=0,NA(),Alejandro!K40/(Alejandro!K$38+Alejandro!K$39+Alejandro!K$40)) -> 0.026963531 | J17: =IF((Alejandro!L$38+Alejandro!L$39+Alejandro!L$40)=0,NA(),Alejandro!L40/(Alejandro!L$38+Alejandro!L$39+Alejandro!L$40)) -> 0.023492025 | K17: =IF((Alejandro!M$38+Alejandro!M$39+Alejandro!M$40)=0,NA(),Alejandro!M40/(Alejandro!M$38+Alejandro!M$39+Alejandro!M$40)) -> 0.020605028 | L17: =IF((Alejandro!N$38+Alejandro!N$39+Alejandro!N$40)=0,NA(),Alejandro!N40/(Alejandro!N$38+Alejandro!N$39+Alejandro!N$40)) -> 0.029752974 | ... V17: =IF((Alejandro!X$38+Alejandro!X$39+Alejandro!X$40)=0,NA(),Alejandro!X40/(Alejandro!X$38+Alejandro!X$39+Alejandro!X$40)) -> 0.023980514
B18: Bolivar | C18: Francisco Rangel Gómez | D18: =Alejandro!F50/(Alejandro!$F$50+Alejandro!$F$51+Alejandro!$F$52) -> 0.39132608 | E18: =IF((Alejandro!G$47+Alejandro!G$48+Alejandro!G$49)=0,NA(),Alejandro!G47/(Alejandro!G$47+Alejandro!G$48+Alejandro!G$49)) -> 0.38115818 | F18: =IF((Alejandro!H$47+Alejandro!H$48+Alejandro!H$49)=0,NA(),Alejandro!H47/(Alejandro!H$47+Alejandro!H$48+Alejandro!H$49)) -> 0.40508076 | G18: =IF((Alejandro!I$47+Alejandro!I$48+Alejandro!I$49)=0,NA(),Alejandro!I47/(Alejandro!I$47+Alejandro!I$48+Alejandro!I$49)) -> 0.41603343 | H18: =IF((Alejandro!J$47+Alejandro!J$48+Alejandro!J$49)=0,NA(),Alejandro!J47/(Alejandro!J$47+Alejandro!J$48+Alejandro!J$49)) -> 0.42883812 | I18: =IF((Alejandro!K$47+Alejandro!K$48+Alejandro!K$49)=0,NA(),Alejandro!K47/(Alejandro!K$47+Alejandro!K$48+Alejandro!K$49)) -> 0.4266802 | J18: =IF((Alejandro!L$47+Alejandro!L$48+Alejandro!L$49)=0,NA(),Alejandro!L47/(Alejandro!L$47+Alejandro!L$48+Alejandro!L$49)) -> 0.4136483 | K18: =IF((Alejandro!M$47+Alejandro!M$48+Alejandro!M$49)=0,NA(),Alejandro!M47/(Alejandro!M$47+Alejandro!M$48+Alejandro!M$49)) -> 0.41284639 | L18: =IF((Alejandro!N$47+Alejandro!N$48+Alejandro!N$49)=0,NA(),Alejandro!N47/(Alejandro!N$47+Alejandro!N$48+Alejandro!N$49)) -> 0.40992448 | ... V18: =IF((Alejandro!X$47+Alejandro!X$48+Alejandro!X$49)=0,NA(),Alejandro!X47/(Alejandro!X$47+Alejandro!X$48+Alejandro!X$49)) -> 0.39132608
C19: Andrés Velásquez | D19: =Alejandro!F51/(Alejandro!$F$50+Alejandro!$F$51+Alejandro!$F$52) -> 0.41561256 | E19: =IF((Alejandro!G$47+Alejandro!G$48+Alejandro!G$49)=0,NA(),Alejandro!G48/(Alejandro!G$47+Alejandro!G$48+Alejandro!G$49)) -> 0.5007254 | F19: =IF((Alejandro!H$47+Alejandro!H$48+Alejandro!H$49)=0,NA(),Alejandro!H48/(Alejandro!H$47+Alejandro!H$48+Alejandro!H$49)) -> 0.44840863 | G19: =IF((Alejandro!I$47+Alejandro!I$48+Alejandro!I$49)=0,NA(),Alejandro!I48/(Alejandro!I$47+Alejandro!I$48+Alejandro!I$49)) -> 0.4440799 | H19: =IF((Alejandro!J$47+Alejandro!J$48+Alejandro!J$49)=0,NA(),Alejandro!J48/(Alejandro!J$47+Alejandro!J$48+Alejandro!J$49)) -> 0.43033311 | I19: =IF((Alejandro!K$47+Alejandro!K$48+Alejandro!K$49)=0,NA(),Alejandro!K48/(Alejandro!K$47+Alejandro!K$48+Alejandro!K$49)) -> 0.43009975 | J19: =IF((Alejandro!L$47+Alejandro!L$48+Alejandro!L$49)=0,NA(),Alejandro!L48/(Alejandro!L$47+Alejandro!L$48+Alejandro!L$49)) -> 0.43634741 | K19: =IF((Alejandro!M$47+Alejandro!M$48+Alejandro!M$49)=0,NA(),Alejandro!M48/(Alejandro!M$47+Alejandro!M$48+Alejandro!M$49)) -> 0.43345699 | L19: =IF((Alejandro!N$47+Alejandro!N$48+Alejandro!N$49)=0,NA(),Alejandro!N48/(Alejandro!N$47+Alejandro!N$48+Alejandro!N$49)) -> 0.43147368 | ... V19: =IF((Alejandro!X$47+Alejandro!X$48+Alejandro!X$49)=0,NA(),Alejandro!X48/(Alejandro!X$47+Alejandro!X$48+Alejandro!X$49)) -> 0.41561256
C20: Otro | D20: =Alejandro!F52/(Alejandro!$F$50+Alejandro!$F$51+Alejandro!$F$52) -> 0.19306136 | E20: =IF((Alejandro!G$47+Alejandro!G$48+Alejandro!G$49)=0,NA(),Alejandro!G49/(Alejandro!G$47+Alejandro!G$48+Alejandro!G$49)) -> 0.11811642 | F20: =IF((Alejandro!H$47+Alejandro!H$48+Alejandro!H$49)=0,NA(),Alejandro!H49/(Alejandro!H$47+Alejandro!H$48+Alejandro!H$49)) -> 0.14651061 | G20: =IF((Alejandro!I$47+Alejandro!I$48+Alejandro!I$49)=0,NA(),Alejandro!I49/(Alejandro!I$47+Alejandro!I$48+Alejandro!I$49)) -> 0.13988667 | H20: =IF((Alejandro!J$47+Alejandro!J$48+Alejandro!J$49)=0,NA(),Alejandro!J49/(Alejandro!J$47+Alejandro!J$48+Alejandro!J$49)) -> 0.14082877 | I20: =IF((Alejandro!K$47+Alejandro!K$48+Alejandro!K$49)=0,NA(),Alejandro!K49/(Alejandro!K$47+Alejandro!K$48+Alejandro!K$49)) -> 0.14322005 | J20: =IF((Alejandro!L$47+Alejandro!L$48+Alejandro!L$49)=0,NA(),Alejandro!L49/(Alejandro!L$47+Alejandro!L$48+Alejandro!L$49)) -> 0.15000429 | K20: =IF((Alejandro!M$47+Alejandro!M$48+Alejandro!M$49)=0,NA(),Alejandro!M49/(Alejandro!M$47+Alejandro!M$48+Alejandro!M$49)) -> 0.15369662 | L20: =IF((Alejandro!N$47+Alejandro!N$48+Alejandro!N$49)=0,NA(),Alejandro!N49/(Alejandro!N$47+Alejandro!N$48+Alejandro!N$49)) -> 0.15860184 | ... V20: =IF((Alejandro!X$47+Alejandro!X$48+Alejandro!X$49)=0,NA(),Alejandro!X49/(Alejandro!X$47+Alejandro!X$48+Alejandro!X$49)) -> 0.19306136
B21: Carabobo | C21: Francisco Ameliach | D21: =Alejandro!F59/(Alejandro!$F$59+Alejandro!$F$60+Alejandro!$F$61) -> 0.53475121 | E21: =IF((Alejandro!G$56+Alejandro!G$57+Alejandro!G$58)=0,NA(),Alejandro!G56/(Alejandro!G$56+Alejandro!G$57+Alejandro!G$58)) -> 0.57646834 | F21: =IF((Alejandro!H$56+Alejandro!H$57+Alejandro!H$58)=0,NA(),Alejandro!H56/(Alejandro!H$56+Alejandro!H$57+Alejandro!H$58)) -> 0.53468455 | G21: =IF((Alejandro!I$56+Alejandro!I$57+Alejandro!I$58)=0,NA(),Alejandro!I56/(Alejandro!I$56+Alejandro!I$57+Alejandro!I$58)) -> 0.53915457 | H21: =IF((Alejandro!J$56+Alejandro!J$57+Alejandro!J$58)=0,NA(),Alejandro!J56/(Alejandro!J$56+Alejandro!J$57+Alejandro!J$58)) -> 0.53615587 | I21: =IF((Alejandro!K$56+Alejandro!K$57+Alejandro!K$58)=0,NA(),Alejandro!K56/(Alejandro!K$56+Alejandro!K$57+Alejandro!K$58)) -> 0.55342673 | J21: =IF((Alejandro!L$56+Alejandro!L$57+Alejandro!L$58)=0,NA(),Alejandro!L56/(Alejandro!L$56+Alejandro!L$57+Alejandro!L$58)) -> 0.5622577 | K21: =IF((Alejandro!M$56+Alejandro!M$57+Alejandro!M$58)=0,NA(),Alejandro!M56/(Alejandro!M$56+Alejandro!M$57+Alejandro!M$58)) -> 0.55671099 | L21: =IF((Alejandro!N$56+Alejandro!N$57+Alejandro!N$58)=0,NA(),Alejandro!N56/(Alejandro!N$56+Alejandro!N$57+Alejandro!N$58)) -> 0.54851139 | ... V21: =IF((Alejandro!X$56+Alejandro!X$57+Alejandro!X$58)=0,NA(),Alejandro!X56/(Alejandro!X$56+Alejandro!X$57+Alejandro!X$58)) -> 0.53475121
C22: Henrique Salas Feo | D22: =Alejandro!F60/(Alejandro!$F$59+Alejandro!$F$60+Alejandro!$F$61) -> 0.42214298 | E22: =IF((Alejandro!G$56+Alejandro!G$57+Alejandro!G$58)=0,NA(),Alejandro!G57/(Alejandro!G$56+Alejandro!G$57+Alejandro!G$58)) -> 0.37097224 | F22: =IF((Alejandro!H$56+Alejandro!H$57+Alejandro!H$58)=0,NA(),Alejandro!H57/(Alejandro!H$56+Alejandro!H$57+Alejandro!H$58)) -> 0.41311946 | G22: =IF((Alejandro!I$56+Alejandro!I$57+Alejandro!I$58)=0,NA(),Alejandro!I57/(Alejandro!I$56+Alejandro!I$57+Alejandro!I$58)) -> 0.40525387 | H22: =IF((Alejandro!J$56+Alejandro!J$57+Alejandro!J$58)=0,NA(),Alejandro!J57/(Alejandro!J$56+Alejandro!J$57+Alejandro!J$58)) -> 0.39914787 | I22: =IF((Alejandro!K$56+Alejandro!K$57+Alejandro!K$58)=0,NA(),Alejandro!K57/(Alejandro!K$56+Alejandro!K$57+Alejandro!K$58)) -> 0.39167733 | J22: =IF((Alejandro!L$56+Alejandro!L$57+Alejandro!L$58)=0,NA(),Alejandro!L57/(Alejandro!L$56+Alejandro!L$57+Alejandro!L$58)) -> 0.38514065 | K22: =IF((Alejandro!M$56+Alejandro!M$57+Alejandro!M$58)=0,NA(),Alejandro!M57/(Alejandro!M$56+Alejandro!M$57+Alejandro!M$58)) -> 0.39404314 | L22: =IF((Alejandro!N$56+Alejandro!N$57+Alejandro!N$58)=0,NA(),Alejandro!N57/(Alejandro!N$56+Alejandro!N$57+Alejandro!N$58)) -> 0.40461111 | ... V22: =IF((Alejandro!X$56+Alejandro!X$57+Alejandro!X$58)=0,NA(),Alejandro!X57/(Alejandro!X$56+Alejandro!X$57+Alejandro!X$58)) -> 0.42214298
C23: Otro | D23: =Alejandro!F61/(Alejandro!$F$59+Alejandro!$F$60+Alejandro!$F$61) -> 0.043105809 | E23: =IF((Alejandro!G$56+Alejandro!G$57+Alejandro!G$58)=0,NA(),Alejandro!G58/(Alejandro!G$56+Alejandro!G$57+Alejandro!G$58)) -> 0.052559417 | F23: =IF((Alejandro!H$56+Alejandro!H$57+Alejandro!H$58)=0,NA(),Alejandro!H58/(Alejandro!H$56+Alejandro!H$57+Alejandro!H$58)) -> 0.052195994 | G23: =IF((Alejandro!I$56+Alejandro!I$57+Alejandro!I$58)=0,NA(),Alejandro!I58/(Alejandro!I$56+Alejandro!I$57+Alejandro!I$58)) -> 0.055591559 | H23: =IF((Alejandro!J$56+Alejandro!J$57+Alejandro!J$58)=0,NA(),Alejandro!J58/(Alejandro!J$56+Alejandro!J$57+Alejandro!J$58)) -> 0.06469626 | I23: =IF((Alejandro!K$56+Alejandro!K$57+Alejandro!K$58)=0,NA(),Alejandro!K58/(Alejandro!K$56+Alejandro!K$57+Alejandro!K$58)) -> 0.054895933 | J23: =IF((Alejandro!L$56+Alejandro!L$57+Alejandro!L$58)=0,NA(),Alejandro!L58/(Alejandro!L$56+Alejandro!L$57+Alejandro!L$58)) -> 0.052601652 | K23: =IF((Alejandro!M$56+Alejandro!M$57+Alejandro!M$58)=0,NA(),Alejandro!M58/(Alejandro!M$56+Alejandro!M$57+Alejandro!M$58)) -> 0.049245862 | L23: =IF((Alejandro!N$56+Alejandro!N$57+Alejandro!N$58)=0,NA(),Alejandro!N58/(Alejandro!N$56+Alejandro!N$57+Alejandro!N$58)) -> 0.046877495 | ... V23: =IF((Alejandro!X$56+Alejandro!X$57+Alejandro!X$58)=0,NA(),Alejandro!X58/(Alejandro!X$56+Alejandro!X$57+Alejandro!X$58)) -> 0.043105809
B24: Cojedes | C24: Érika Farías | D24: =Alejandro!F68/(Alejandro!$F$68+Alejandro!$F$69+Alejandro!$F$70) -> 0.42889252 | E24: =IF((Alejandro!G$65+Alejandro!G$66+Alejandro!G$67)=0,NA(),Alejandro!G65/(Alejandro!G$65+Alejandro!G$66+Alejandro!G$67)) -> 0.4 | F24: =IF((Alejandro!H$65+Alejandro!H$66+Alejandro!H$67)=0,NA(),Alejandro!H65/(Alejandro!H$65+Alejandro!H$66+Alejandro!H$67)) -> 0.32222222 | G24: =IF((Alejandro!I$65+Alejandro!I$66+Alejandro!I$67)=0,NA(),Alejandro!I65/(Alejandro!I$65+Alejandro!I$66+Alejandro!I$67)) -> 0.36844248 | H24: =IF((Alejandro!J$65+Alejandro!J$66+Alejandro!J$67)=0,NA(),Alejandro!J65/(Alejandro!J$65+Alejandro!J$66+Alejandro!J$67)) -> 0.39756083 | I24: =IF((Alejandro!K$65+Alejandro!K$66+Alejandro!K$67)=0,NA(),Alejandro!K65/(Alejandro!K$65+Alejandro!K$66+Alejandro!K$67)) -> 0.41270999 | J24: =IF((Alejandro!L$65+Alejandro!L$66+Alejandro!L$67)=0,NA(),Alejandro!L65/(Alejandro!L$65+Alejandro!L$66+Alejandro!L$67)) -> 0.40895648 | K24: =IF((Alejandro!M$65+Alejandro!M$66+Alejandro!M$67)=0,NA(),Alejandro!M65/(Alejandro!M$65+Alejandro!M$66+Alejandro!M$67)) -> 0.43798375 | L24: =IF((Alejandro!N$65+Alejandro!N$66+Alejandro!N$67)=0,NA(),Alejandro!N65/(Alejandro!N$65+Alejandro!N$66+Alejandro!N$67)) -> 0.44082513 | ... V24: =IF((Alejandro!X$65+Alejandro!X$66+Alejandro!X$67)=0,NA(),Alejandro!X65/(Alejandro!X$65+Alejandro!X$66+Alejandro!X$67)) -> 0.42889252
C25: Alberto Galindez | D25: =Alejandro!F69/(Alejandro!$F$68+Alejandro!$F$69+Alejandro!$F$70) -> 0.44392265 | E25: =IF((Alejandro!G$65+Alejandro!G$66+Alejandro!G$67)=0,NA(),Alejandro!G66/(Alejandro!G$65+Alejandro!G$66+Alejandro!G$67)) -> 0.41666667 | F25: =IF((Alejandro!H$65+Alejandro!H$66+Alejandro!H$67)=0,NA(),Alejandro!H66/(Alejandro!H$65+Alejandro!H$66+Alejandro!H$67)) -> 0.34444444 | G25: =IF((Alejandro!I$65+Alejandro!I$66+Alejandro!I$67)=0,NA(),Alejandro!I66/(Alejandro!I$65+Alejandro!I$66+Alejandro!I$67)) -> 0.35223646 | H25: =IF((Alejandro!J$65+Alejandro!J$66+Alejandro!J$67)=0,NA(),Alejandro!J66/(Alejandro!J$65+Alejandro!J$66+Alejandro!J$67)) -> 0.34757604 | I25: =IF((Alejandro!K$65+Alejandro!K$66+Alejandro!K$67)=0,NA(),Alejandro!K66/(Alejandro!K$65+Alejandro!K$66+Alejandro!K$67)) -> 0.39834398 | J25: =IF((Alejandro!L$65+Alejandro!L$66+Alejandro!L$67)=0,NA(),Alejandro!L66/(Alejandro!L$65+Alejandro!L$66+Alejandro!L$67)) -> 0.42224711 | K25: =IF((Alejandro!M$65+Alejandro!M$66+Alejandro!M$67)=0,NA(),Alejandro!M66/(Alejandro!M$65+Alejandro!M$66+Alejandro!M$67)) -> 0.41504498 | L25: =IF((Alejandro!N$65+Alejandro!N$66+Alejandro!N$67)=0,NA(),Alejandro!N66/(Alejandro!N$65+Alejandro!N$66+Alejandro!N$67)) -> 0.42463338 | ... V25: =IF((Alejandro!X$65+Alejandro!X$66+Alejandro!X$67)=0,NA(),Alejandro!X66/(Alejandro!X$65+Alejandro!X$66+Alejandro!X$67)) -> 0.44392265
C26: Otro | D26: =Alejandro!F70/(Alejandro!$F$68+Alejandro!$F$69+Alejandro!$F$70) -> 0.12718483 | E26: =IF((Alejandro!G$65+Alejandro!G$66+Alejandro!G$67)=0,NA(),Alejandro!G67/(Alejandro!G$65+Alejandro!G$66+Alejandro!G$67)) -> 0.18333333 | F26: =IF((Alejandro!H$65+Alejandro!H$66+Alejandro!H$67)=0,NA(),Alejandro!H67/(Alejandro!H$65+Alejandro!H$66+Alejandro!H$67)) -> 0.33333333 | G26: =IF((Alejandro!I$65+Alejandro!I$66+Alejandro!I$67)=0,NA(),Alejandro!I67/(Alejandro!I$65+Alejandro!I$66+Alejandro!I$67)) -> 0.27932106 | H26: =IF((Alejandro!J$65+Alejandro!J$66+Alejandro!J$67)=0,NA(),Alejandro!J67/(Alejandro!J$65+Alejandro!J$66+Alejandro!J$67)) -> 0.25486313 | I26: =IF((Alejandro!K$65+Alejandro!K$66+Alejandro!K$67)=0,NA(),Alejandro!K67/(Alejandro!K$65+Alejandro!K$66+Alejandro!K$67)) -> 0.18894603 | J26: =IF((Alejandro!L$65+Alejandro!L$66+Alejandro!L$67)=0,NA(),Alejandro!L67/(Alejandro!L$65+Alejandro!L$66+Alejandro!L$67)) -> 0.16879641 | K26: =IF((Alejandro!M$65+Alejandro!M$66+Alejandro!M$67)=0,NA(),Alejandro!M67/(Alejandro!M$65+Alejandro!M$66+Alejandro!M$67)) -> 0.14697127 | L26: =IF((Alejandro!N$65+Alejandro!N$66+Alejandro!N$67)=0,NA(),Alejandro!N67/(Alejandro!N$65+Alejandro!N$66+Alejandro!N$67)) -> 0.13454149 | ... V26: =IF((Alejandro!X$65+Alejandro!X$66+Alejandro!X$67)=0,NA(),Alejandro!X67/(Alejandro!X$65+Alejandro!X$66+Alejandro!X$67)) -> 0.12718483
B27: Delta Amacuro | C27: Lizzeta Hernández | D27: =Alejandro!F77/(Alejandro!$F$77+Alejandro!$F$78+Alejandro!$F$79) -> 0.78367003 | E27: =IF((Alejandro!G$74+Alejandro!G$75+Alejandro!G$76)=0,NA(),Alejandro!G74/(Alejandro!G$74+Alejandro!G$75+Alejandro!G$76)) -> 0.76923077 | F27: =IF((Alejandro!H$74+Alejandro!H$75+Alejandro!H$76)=0,NA(),Alejandro!H74/(Alejandro!H$74+Alejandro!H$75+Alejandro!H$76)) -> 0.73214286 | G27: =IF((Alejandro!I$74+Alejandro!I$75+Alejandro!I$76)=0,NA(),Alejandro!I74/(Alejandro!I$74+Alejandro!I$75+Alejandro!I$76)) -> 0.74615385 | H27: =IF((Alejandro!J$74+Alejandro!J$75+Alejandro!J$76)=0,NA(),Alejandro!J74/(Alejandro!J$74+Alejandro!J$75+Alejandro!J$76)) -> 0.7244898 | I27: =IF((Alejandro!K$74+Alejandro!K$75+Alejandro!K$76)=0,NA(),Alejandro!K74/(Alejandro!K$74+Alejandro!K$75+Alejandro!K$76)) -> 0.74698795 | J27: =IF((Alejandro!L$74+Alejandro!L$75+Alejandro!L$76)=0,NA(),Alejandro!L74/(Alejandro!L$74+Alejandro!L$75+Alejandro!L$76)) -> 0.76012461 | K27: =IF((Alejandro!M$74+Alejandro!M$75+Alejandro!M$76)=0,NA(),Alejandro!M74/(Alejandro!M$74+Alejandro!M$75+Alejandro!M$76)) -> 0.77402597 | L27: =IF((Alejandro!N$74+Alejandro!N$75+Alejandro!N$76)=0,NA(),Alejandro!N74/(Alejandro!N$74+Alejandro!N$75+Alejandro!N$76)) -> 0.7775378 | ... V27: =IF((Alejandro!X$74+Alejandro!X$75+Alejandro!X$76)=0,NA(),Alejandro!X74/(Alejandro!X$74+Alejandro!X$75+Alejandro!X$76)) -> 0.78367003
C28: Arévalo Salazar | D28: =Alejandro!F78/(Alejandro!$F$77+Alejandro!$F$78+Alejandro!$F$79) -> 0.19191919 | E28: =IF((Alejandro!G$74+Alejandro!G$75+Alejandro!G$76)=0,NA(),Alejandro!G75/(Alejandro!G$74+Alejandro!G$75+Alejandro!G$76)) -> 0.23076923 | F28: =IF((Alejandro!H$74+Alejandro!H$75+Alejandro!H$76)=0,NA(),Alejandro!H75/(Alejandro!H$74+Alejandro!H$75+Alejandro!H$76)) -> 0.26785714 | G28: =IF((Alejandro!I$74+Alejandro!I$75+Alejandro!I$76)=0,NA(),Alejandro!I75/(Alejandro!I$74+Alejandro!I$75+Alejandro!I$76)) -> 0.23076923 | H28: =IF((Alejandro!J$74+Alejandro!J$75+Alejandro!J$76)=0,NA(),Alejandro!J75/(Alejandro!J$74+Alejandro!J$75+Alejandro!J$76)) -> 0.25 | I28: =IF((Alejandro!K$74+Alejandro!K$75+Alejandro!K$76)=0,NA(),Alejandro!K75/(Alejandro!K$74+Alejandro!K$75+Alejandro!K$76)) -> 0.22891566 | J28: =IF((Alejandro!L$74+Alejandro!L$75+Alejandro!L$76)=0,NA(),Alejandro!L75/(Alejandro!L$74+Alejandro!L$75+Alejandro!L$76)) -> 0.21806854 | K28: =IF((Alejandro!M$74+Alejandro!M$75+Alejandro!M$76)=0,NA(),Alejandro!M75/(Alejandro!M$74+Alejandro!M$75+Alejandro!M$76)) -> 0.20779221 | L28: =IF((Alejandro!N$74+Alejandro!N$75+Alejandro!N$76)=0,NA(),Alejandro!N75/(Alejandro!N$74+Alejandro!N$75+Alejandro!N$76)) -> 0.20518359 | ... V28: =IF((Alejandro!X$74+Alejandro!X$75+Alejandro!X$76)=0,NA(),Alejandro!X75/(Alejandro!X$74+Alejandro!X$75+Alejandro!X$76)) -> 0.19191919
C29: Otro | D29: =Alejandro!F79/(Alejandro!$F$77+Alejandro!$F$78+Alejandro!$F$79) -> 0.024410774 | E29: =IF((Alejandro!G$74+Alejandro!G$75+Alejandro!G$76)=0,NA(),Alejandro!G76/(Alejandro!G$74+Alejandro!G$75+Alejandro!G$76)) -> 0 | F29: =IF((Alejandro!H$74+Alejandro!H$75+Alejandro!H$76)=0,NA(),Alejandro!H76/(Alejandro!H$74+Alejandro!H$75+Alejandro!H$76)) -> 0 | G29: =IF((Alejandro!I$74+Alejandro!I$75+Alejandro!I$76)=0,NA(),Alejandro!I76/(Alejandro!I$74+Alejandro!I$75+Alejandro!I$76)) -> 0.023076923 | H29: =IF((Alejandro!J$74+Alejandro!J$75+Alejandro!J$76)=0,NA(),Alejandro!J76/(Alejandro!J$74+Alejandro!J$75+Alejandro!J$76)) -> 0.025510204 | I29: =IF((Alejandro!K$74+Alejandro!K$75+Alejandro!K$76)=0,NA(),Alejandro!K76/(Alejandro!K$74+Alejandro!K$75+Alejandro!K$76)) -> 0.024096386 | J29: =IF((Alejandro!L$74+Alejandro!L$75+Alejandro!L$76)=0,NA(),Alejandro!L76/(Alejandro!L$74+Alejandro!L$75+Alejandro!L$76)) -> 0.021806854 | K29: =IF((Alejandro!M$74+Alejandro!M$75+Alejandro!M$76)=0,NA(),Alejandro!M76/(Alejandro!M$74+Alejandro!M$75+Alejandro!M$76)) -> 0.018181818 | L29: =IF((Alejandro!N$74+Alejandro!N$75+Alejandro!N$76)=0,NA(),Alejandro!N76/(Alejandro!N$74+Alejandro!N$75+Alejandro!N$76)) -> 0.017278618 | ... V29: =IF((Alejandro!X$74+Alejandro!X$75+Alejandro!X$76)=0,NA(),Alejandro!X76/(Alejandro!X$74+Alejandro!X$75+Alejandro!X$76)) -> 0.024410774
B30: Falcon | C30: Stella Lugo | D30: =Alejandro!F86/(Alejandro!$F$86+Alejandro!$F$87+Alejandro!$F$88) -> 0.52758748 | E30: =IF((Alejandro!G$83+Alejandro!G$84+Alejandro!G$85)=0,NA(),Alejandro!G83/(Alejandro!G$83+Alejandro!G$84+Alejandro!G$85)) -> 0.56460974 | F30: =IF((Alejandro!H$83+Alejandro!H$84+Alejandro!H$85)=0,NA(),Alejandro!H83/(Alejandro!H$83+Alejandro!H$84+Alejandro!H$85)) -> 0.56624596 | G30: =IF((Alejandro!I$83+Alejandro!I$84+Alejandro!I$85)=0,NA(),Alejandro!I83/(Alejandro!I$83+Alejandro!I$84+Alejandro!I$85)) -> 0.5382963 | H30: =IF((Alejandro!J$83+Alejandro!J$84+Alejandro!J$85)=0,NA(),Alejandro!J83/(Alejandro!J$83+Alejandro!J$84+Alejandro!J$85)) -> 0.54641444 | I30: =IF((Alejandro!K$83+Alejandro!K$84+Alejandro!K$85)=0,NA(),Alejandro!K83/(Alejandro!K$83+Alejandro!K$84+Alejandro!K$85)) -> 0.54565926 | J30: =IF((Alejandro!L$83+Alejandro!L$84+Alejandro!L$85)=0,NA(),Alejandro!L83/(Alejandro!L$83+Alejandro!L$84+Alejandro!L$85)) -> 0.55245217 | K30: =IF((Alejandro!M$83+Alejandro!M$84+Alejandro!M$85)=0,NA(),Alejandro!M83/(Alejandro!M$83+Alejandro!M$84+Alejandro!M$85)) -> 0.54414086 | L30: =IF((Alejandro!N$83+Alejandro!N$84+Alejandro!N$85)=0,NA(),Alejandro!N83/(Alejandro!N$83+Alejandro!N$84+Alejandro!N$85)) -> 0.54767855 | ... V30: =IF((Alejandro!X$83+Alejandro!X$84+Alejandro!X$85)=0,NA(),Alejandro!X83/(Alejandro!X$83+Alejandro!X$84+Alejandro!X$85)) -> 0.52758748
C31: Gregorio Graterol | D31: =Alejandro!F87/(Alejandro!$F$86+Alejandro!$F$87+Alejandro!$F$88) -> 0.29269941 | E31: =IF((Alejandro!G$83+Alejandro!G$84+Alejandro!G$85)=0,NA(),Alejandro!G84/(Alejandro!G$83+Alejandro!G$84+Alejandro!G$85)) -> 0.32605129 | F31: =IF((Alejandro!H$83+Alejandro!H$84+Alejandro!H$85)=0,NA(),Alejandro!H84/(Alejandro!H$83+Alejandro!H$84+Alejandro!H$85)) -> 0.33028923 | G31: =IF((Alejandro!I$83+Alejandro!I$84+Alejandro!I$85)=0,NA(),Alejandro!I84/(Alejandro!I$83+Alejandro!I$84+Alejandro!I$85)) -> 0.32924538 | H31: =IF((Alejandro!J$83+Alejandro!J$84+Alejandro!J$85)=0,NA(),Alejandro!J84/(Alejandro!J$83+Alejandro!J$84+Alejandro!J$85)) -> 0.31069576 | I31: =IF((Alejandro!K$83+Alejandro!K$84+Alejandro!K$85)=0,NA(),Alejandro!K84/(Alejandro!K$83+Alejandro!K$84+Alejandro!K$85)) -> 0.3076358 | J31: =IF((Alejandro!L$83+Alejandro!L$84+Alejandro!L$85)=0,NA(),Alejandro!L84/(Alejandro!L$83+Alejandro!L$84+Alejandro!L$85)) -> 0.29285922 | K31: =IF((Alejandro!M$83+Alejandro!M$84+Alejandro!M$85)=0,NA(),Alejandro!M84/(Alejandro!M$83+Alejandro!M$84+Alejandro!M$85)) -> 0.2927279 | L31: =IF((Alejandro!N$83+Alejandro!N$84+Alejandro!N$85)=0,NA(),Alejandro!N84/(Alejandro!N$83+Alejandro!N$84+Alejandro!N$85)) -> 0.2863691 | ... V31: =IF((Alejandro!X$83+Alejandro!X$84+Alejandro!X$85)=0,NA(),Alejandro!X84/(Alejandro!X$83+Alejandro!X$84+Alejandro!X$85)) -> 0.29269941
C32: Otro | D32: =Alejandro!F88/(Alejandro!$F$86+Alejandro!$F$87+Alejandro!$F$88) -> 0.17971311 | E32: =IF((Alejandro!G$83+Alejandro!G$84+Alejandro!G$85)=0,NA(),Alejandro!G85/(Alejandro!G$83+Alejandro!G$84+Alejandro!G$85)) -> 0.10933897 | F32: =IF((Alejandro!H$83+Alejandro!H$84+Alejandro!H$85)=0,NA(),Alejandro!H85/(Alejandro!H$83+Alejandro!H$84+Alejandro!H$85)) -> 0.1034648 | G32: =IF((Alejandro!I$83+Alejandro!I$84+Alejandro!I$85)=0,NA(),Alejandro!I85/(Alejandro!I$83+Alejandro!I$84+Alejandro!I$85)) -> 0.13245832 | H32: =IF((Alejandro!J$83+Alejandro!J$84+Alejandro!J$85)=0,NA(),Alejandro!J85/(Alejandro!J$83+Alejandro!J$84+Alejandro!J$85)) -> 0.14288981 | I32: =IF((Alejandro!K$83+Alejandro!K$84+Alejandro!K$85)=0,NA(),Alejandro!K85/(Alejandro!K$83+Alejandro!K$84+Alejandro!K$85)) -> 0.14670494 | J32: =IF((Alejandro!L$83+Alejandro!L$84+Alejandro!L$85)=0,NA(),Alejandro!L85/(Alejandro!L$83+Alejandro!L$84+Alejandro!L$85)) -> 0.15468861 | K32: =IF((Alejandro!M$83+Alejandro!M$84+Alejandro!M$85)=0,NA(),Alejandro!M85/(Alejandro!M$83+Alejandro!M$84+Alejandro!M$85)) -> 0.16313124 | L32: =IF((Alejandro!N$83+Alejandro!N$84+Alejandro!N$85)=0,NA(),Alejandro!N85/(Alejandro!N$83+Alejandro!N$84+Alejandro!N$85)) -> 0.16595235 | ... V32: =IF((Alejandro!X$83+Alejandro!X$84+Alejandro!X$85)=0,NA(),Alejandro!X85/(Alejandro!X$83+Alejandro!X$84+Alejandro!X$85)) -> 0.17971311
B33: Guarico | C33: Ramón Rodríguez Chacín | D33: =Alejandro!F95/(Alejandro!$F$95+Alejandro!$F$96+Alejandro!$F$97) -> 0.67786527 | E33: =IF((Alejandro!G$92+Alejandro!G$93+Alejandro!G$94)=0,NA(),Alejandro!G92/(Alejandro!G$92+Alejandro!G$93+Alejandro!G$94)) -> 0.86294032 | F33: =IF((Alejandro!H$92+Alejandro!H$93+Alejandro!H$94)=0,NA(),Alejandro!H92/(Alejandro!H$92+Alejandro!H$93+Alejandro!H$94)) -> 0.77036579 | G33: =IF((Alejandro!I$92+Alejandro!I$93+Alejandro!I$94)=0,NA(),Alejandro!I92/(Alejandro!I$92+Alejandro!I$93+Alejandro!I$94)) -> 0.71259159 | H33: =IF((Alejandro!J$92+Alejandro!J$93+Alejandro!J$94)=0,NA(),Alejandro!J92/(Alejandro!J$92+Alejandro!J$93+Alejandro!J$94)) -> 0.71359867 | I33: =IF((Alejandro!K$92+Alejandro!K$93+Alejandro!K$94)=0,NA(),Alejandro!K92/(Alejandro!K$92+Alejandro!K$93+Alejandro!K$94)) -> 0.7155035 | J33: =IF((Alejandro!L$92+Alejandro!L$93+Alejandro!L$94)=0,NA(),Alejandro!L92/(Alejandro!L$92+Alejandro!L$93+Alejandro!L$94)) -> 0.71998122 | K33: =IF((Alejandro!M$92+Alejandro!M$93+Alejandro!M$94)=0,NA(),Alejandro!M92/(Alejandro!M$92+Alejandro!M$93+Alejandro!M$94)) -> 0.71286651 | L33: =IF((Alejandro!N$92+Alejandro!N$93+Alejandro!N$94)=0,NA(),Alejandro!N92/(Alejandro!N$92+Alejandro!N$93+Alejandro!N$94)) -> 0.70542081 | ... V33: =IF((Alejandro!X$92+Alejandro!X$93+Alejandro!X$94)=0,NA(),Alejandro!X92/(Alejandro!X$92+Alejandro!X$93+Alejandro!X$94)) -> 0.67786527
C34: José Gonzalez | D34: =Alejandro!F96/(Alejandro!$F$95+Alejandro!$F$96+Alejandro!$F$97) -> 0.28708951 | E34: =IF((Alejandro!G$92+Alejandro!G$93+Alejandro!G$94)=0,NA(),Alejandro!G93/(Alejandro!G$92+Alejandro!G$93+Alejandro!G$94)) -> 0.11252687 | F34: =IF((Alejandro!H$92+Alejandro!H$93+Alejandro!H$94)=0,NA(),Alejandro!H93/(Alejandro!H$92+Alejandro!H$93+Alejandro!H$94)) -> 0.19719947 | G34: =IF((Alejandro!I$92+Alejandro!I$93+Alejandro!I$94)=0,NA(),Alejandro!I93/(Alejandro!I$92+Alejandro!I$93+Alejandro!I$94)) -> 0.26312495 | H34: =IF((Alejandro!J$92+Alejandro!J$93+Alejandro!J$94)=0,NA(),Alejandro!J93/(Alejandro!J$92+Alejandro!J$93+Alejandro!J$94)) -> 0.26831653 | I34: =IF((Alejandro!K$92+Alejandro!K$93+Alejandro!K$94)=0,NA(),Alejandro!K93/(Alejandro!K$92+Alejandro!K$93+Alejandro!K$94)) -> 0.26572046 | J34: =IF((Alejandro!L$92+Alejandro!L$93+Alejandro!L$94)=0,NA(),Alejandro!L93/(Alejandro!L$92+Alejandro!L$93+Alejandro!L$94)) -> 0.25882427 | K34: =IF((Alejandro!M$92+Alejandro!M$93+Alejandro!M$94)=0,NA(),Alejandro!M93/(Alejandro!M$92+Alejandro!M$93+Alejandro!M$94)) -> 0.26500703 | L34: =IF((Alejandro!N$92+Alejandro!N$93+Alejandro!N$94)=0,NA(),Alejandro!N93/(Alejandro!N$92+Alejandro!N$93+Alejandro!N$94)) -> 0.26631335 | ... V34: =IF((Alejandro!X$92+Alejandro!X$93+Alejandro!X$94)=0,NA(),Alejandro!X93/(Alejandro!X$92+Alejandro!X$93+Alejandro!X$94)) -> 0.28708951
C35: Otro | D35: =Alejandro!F97/(Alejandro!$F$95+Alejandro!$F$96+Alejandro!$F$97) -> 0.03504522 | E35: =IF((Alejandro!G$92+Alejandro!G$93+Alejandro!G$94)=0,NA(),Alejandro!G94/(Alejandro!G$92+Alejandro!G$93+Alejandro!G$94)) -> 0.024532809 | F35: =IF((Alejandro!H$92+Alejandro!H$93+Alejandro!H$94)=0,NA(),Alejandro!H94/(Alejandro!H$92+Alejandro!H$93+Alejandro!H$94)) -> 0.032434739 | G35: =IF((Alejandro!I$92+Alejandro!I$93+Alejandro!I$94)=0,NA(),Alejandro!I94/(Alejandro!I$92+Alejandro!I$93+Alejandro!I$94)) -> 0.024283453 | H35: =IF((Alejandro!J$92+Alejandro!J$93+Alejandro!J$94)=0,NA(),Alejandro!J94/(Alejandro!J$92+Alejandro!J$93+Alejandro!J$94)) -> 0.018084794 | I35: =IF((Alejandro!K$92+Alejandro!K$93+Alejandro!K$94)=0,NA(),Alejandro!K94/(Alejandro!K$92+Alejandro!K$93+Alejandro!K$94)) -> 0.018776044 | J35: =IF((Alejandro!L$92+Alejandro!L$93+Alejandro!L$94)=0,NA(),Alejandro!L94/(Alejandro!L$92+Alejandro!L$93+Alejandro!L$94)) -> 0.021194512 | K35: =IF((Alejandro!M$92+Alejandro!M$93+Alejandro!M$94)=0,NA(),Alejandro!M94/(Alejandro!M$92+Alejandro!M$93+Alejandro!M$94)) -> 0.022126453 | L35: =IF((Alejandro!N$92+Alejandro!N$93+Alejandro!N$94)=0,NA(),Alejandro!N94/(Alejandro!N$92+Alejandro!N$93+Alejandro!N$94)) -> 0.028265841 | ... V35: =IF((Alejandro!X$92+Alejandro!X$93+Alejandro!X$94)=0,NA(),Alejandro!X94/(Alejandro!X$92+Alejandro!X$93+Alejandro!X$94)) -> 0.03504522
B36: Lara | C36: Luis Reyes Reyes | D36: =Alejandro!F104/(Alejandro!$F$104+Alejandro!$F$105+Alejandro!$F$106) -> 0.35661103 | E36: =IF((Alejandro!G$101+Alejandro!G$102+Alejandro!G$103)=0,NA(),Alejandro!G101/(Alejandro!G$101+Alejandro!G$102+Alejandro!G$103)) -> 0.26032967 | F36: =IF((Alejandro!H$101+Alejandro!H$102+Alejandro!H$103)=0,NA(),Alejandro!H101/(Alejandro!H$101+Alejandro!H$102+Alejandro!H$103)) -> 0.35416175 | G36: =IF((Alejandro!I$101+Alejandro!I$102+Alejandro!I$103)=0,NA(),Alejandro!I101/(Alejandro!I$101+Alejandro!I$102+Alejandro!I$103)) -> 0.34839138 | H36: =IF((Alejandro!J$101+Alejandro!J$102+Alejandro!J$103)=0,NA(),Alejandro!J101/(Alejandro!J$101+Alejandro!J$102+Alejandro!J$103)) -> 0.35762374 | I36: =IF((Alejandro!K$101+Alejandro!K$102+Alejandro!K$103)=0,NA(),Alejandro!K101/(Alejandro!K$101+Alejandro!K$102+Alejandro!K$103)) -> 0.34884599 | J36: =IF((Alejandro!L$101+Alejandro!L$102+Alejandro!L$103)=0,NA(),Alejandro!L101/(Alejandro!L$101+Alejandro!L$102+Alejandro!L$103)) -> 0.32998218 | K36: =IF((Alejandro!M$101+Alejandro!M$102+Alejandro!M$103)=0,NA(),Alejandro!M101/(Alejandro!M$101+Alejandro!M$102+Alejandro!M$103)) -> 0.32812304 | L36: =IF((Alejandro!N$101+Alejandro!N$102+Alejandro!N$103)=0,NA(),Alejandro!N101/(Alejandro!N$101+Alejandro!N$102+Alejandro!N$103)) -> 0.35091709 | ... V36: =IF((Alejandro!X$101+Alejandro!X$102+Alejandro!X$103)=0,NA(),Alejandro!X101/(Alejandro!X$101+Alejandro!X$102+Alejandro!X$103)) -> 0.35661103
C37: Henri Falcón | D37: =Alejandro!F105/(Alejandro!$F$104+Alejandro!$F$105+Alejandro!$F$106) -> 0.55700781 | E37: =IF((Alejandro!G$101+Alejandro!G$102+Alejandro!G$103)=0,NA(),Alejandro!G102/(Alejandro!G$101+Alejandro!G$102+Alejandro!G$103)) -> 0.63424936 | F37: =IF((Alejandro!H$101+Alejandro!H$102+Alejandro!H$103)=0,NA(),Alejandro!H102/(Alejandro!H$101+Alejandro!H$102+Alejandro!H$103)) -> 0.61058896 | G37: =IF((Alejandro!I$101+Alejandro!I$102+Alejandro!I$103)=0,NA(),Alejandro!I102/(Alejandro!I$101+Alejandro!I$102+Alejandro!I$103)) -> 0.62331252 | H37: =IF((Alejandro!J$101+Alejandro!J$102+Alejandro!J$103)=0,NA(),Alejandro!J102/(Alejandro!J$101+Alejandro!J$102+Alejandro!J$103)) -> 0.61560063 | I37: =IF((Alejandro!K$101+Alejandro!K$102+Alejandro!K$103)=0,NA(),Alejandro!K102/(Alejandro!K$101+Alejandro!K$102+Alejandro!K$103)) -> 0.62109475 | J37: =IF((Alejandro!L$101+Alejandro!L$102+Alejandro!L$103)=0,NA(),Alejandro!L102/(Alejandro!L$101+Alejandro!L$102+Alejandro!L$103)) -> 0.64026598 | K37: =IF((Alejandro!M$101+Alejandro!M$102+Alejandro!M$103)=0,NA(),Alejandro!M102/(Alejandro!M$101+Alejandro!M$102+Alejandro!M$103)) -> 0.64490553 | L37: =IF((Alejandro!N$101+Alejandro!N$102+Alejandro!N$103)=0,NA(),Alejandro!N102/(Alejandro!N$101+Alejandro!N$102+Alejandro!N$103)) -> 0.62312057 | ... V37: =IF((Alejandro!X$101+Alejandro!X$102+Alejandro!X$103)=0,NA(),Alejandro!X102/(Alejandro!X$101+Alejandro!X$102+Alejandro!X$103)) -> 0.55700781
C38: Otro | D38: =Alejandro!F106/(Alejandro!$F$104+Alejandro!$F$105+Alejandro!$F$106) -> 0.086381165 | E38: =IF((Alejandro!G$101+Alejandro!G$102+Alejandro!G$103)=0,NA(),Alejandro!G103/(Alejandro!G$101+Alejandro!G$102+Alejandro!G$103)) -> 0.10542097 | F38: =IF((Alejandro!H$101+Alejandro!H$102+Alejandro!H$103)=0,NA(),Alejandro!H103/(Alejandro!H$101+Alejandro!H$102+Alejandro!H$103)) -> 0.035249288 | G38: =IF((Alejandro!I$101+Alejandro!I$102+Alejandro!I$103)=0,NA(),Alejandro!I103/(Alejandro!I$101+Alejandro!I$102+Alejandro!I$103)) -> 0.028296108 | H38: =IF((Alejandro!J$101+Alejandro!J$102+Alejandro!J$103)=0,NA(),Alejandro!J103/(Alejandro!J$101+Alejandro!J$102+Alejandro!J$103)) -> 0.026775628 | I38: =IF((Alejandro!K$101+Alejandro!K$102+Alejandro!K$103)=0,NA(),Alejandro!K103/(Alejandro!K$101+Alejandro!K$102+Alejandro!K$103)) -> 0.030059256 | J38: =IF((Alejandro!L$101+Alejandro!L$102+Alejandro!L$103)=0,NA(),Alejandro!L103/(Alejandro!L$101+Alejandro!L$102+Alejandro!L$103)) -> 0.02975184 | K38: =IF((Alejandro!M$101+Alejandro!M$102+Alejandro!M$103)=0,NA(),Alejandro!M103/(Alejandro!M$101+Alejandro!M$102+Alejandro!M$103)) -> 0.026971425 | L38: =IF((Alejandro!N$101+Alejandro!N$102+Alejandro!N$103)=0,NA(),Alejandro!N103/(Alejandro!N$101+Alejandro!N$102+Alejandro!N$103)) -> 0.025962336 | ... V38: =IF((Alejandro!X$101+Alejandro!X$102+Alejandro!X$103)=0,NA(),Alejandro!X103/(Alejandro!X$101+Alejandro!X$102+Alejandro!X$103)) -> 0.086381165
B39: Merida | C39: Alexis Ramírez | D39: =Alejandro!F113/(Alejandro!$F$113+Alejandro!$F$114+Alejandro!$F$115) -> 0.48301423 | E39: =IF((Alejandro!G$110+Alejandro!G$111+Alejandro!G$112)=0,NA(),Alejandro!G110/(Alejandro!G$110+Alejandro!G$111+Alejandro!G$112)) -> 0.25375863 | F39: =IF((Alejandro!H$110+Alejandro!H$111+Alejandro!H$112)=0,NA(),Alejandro!H110/(Alejandro!H$110+Alejandro!H$111+Alejandro!H$112)) -> 0.37762859 | G39: =IF((Alejandro!I$110+Alejandro!I$111+Alejandro!I$112)=0,NA(),Alejandro!I110/(Alejandro!I$110+Alejandro!I$111+Alejandro!I$112)) -> 0.4439804 | H39: =IF((Alejandro!J$110+Alejandro!J$111+Alejandro!J$112)=0,NA(),Alejandro!J110/(Alejandro!J$110+Alejandro!J$111+Alejandro!J$112)) -> 0.47138271 | I39: =IF((Alejandro!K$110+Alejandro!K$111+Alejandro!K$112)=0,NA(),Alejandro!K110/(Alejandro!K$110+Alejandro!K$111+Alejandro!K$112)) -> 0.50083173 | J39: =IF((Alejandro!L$110+Alejandro!L$111+Alejandro!L$112)=0,NA(),Alejandro!L110/(Alejandro!L$110+Alejandro!L$111+Alejandro!L$112)) -> 0.51058639 | K39: =IF((Alejandro!M$110+Alejandro!M$111+Alejandro!M$112)=0,NA(),Alejandro!M110/(Alejandro!M$110+Alejandro!M$111+Alejandro!M$112)) -> 0.50495367 | L39: =IF((Alejandro!N$110+Alejandro!N$111+Alejandro!N$112)=0,NA(),Alejandro!N110/(Alejandro!N$110+Alejandro!N$111+Alejandro!N$112)) -> 0.4986371 | ... V39: =IF((Alejandro!X$110+Alejandro!X$111+Alejandro!X$112)=0,NA(),Alejandro!X110/(Alejandro!X$110+Alejandro!X$111+Alejandro!X$112)) -> 0.48301423
C40: Lester Rodríguez | D40: =Alejandro!F114/(Alejandro!$F$113+Alejandro!$F$114+Alejandro!$F$115) -> 0.39379114 | E40: =IF((Alejandro!G$110+Alejandro!G$111+Alejandro!G$112)=0,NA(),Alejandro!G111/(Alejandro!G$110+Alejandro!G$111+Alejandro!G$112)) -> 0.40671983 | F40: =IF((Alejandro!H$110+Alejandro!H$111+Alejandro!H$112)=0,NA(),Alejandro!H111/(Alejandro!H$110+Alejandro!H$111+Alejandro!H$112)) -> 0.52478335 | G40: =IF((Alejandro!I$110+Alejandro!I$111+Alejandro!I$112)=0,NA(),Alejandro!I111/(Alejandro!I$110+Alejandro!I$111+Alejandro!I$112)) -> 0.47787743 | H40: =IF((Alejandro!J$110+Alejandro!J$111+Alejandro!J$112)=0,NA(),Alejandro!J111/(Alejandro!J$110+Alejandro!J$111+Alejandro!J$112)) -> 0.42202292 | I40: =IF((Alejandro!K$110+Alejandro!K$111+Alejandro!K$112)=0,NA(),Alejandro!K111/(Alejandro!K$110+Alejandro!K$111+Alejandro!K$112)) -> 0.39515365 | J40: =IF((Alejandro!L$110+Alejandro!L$111+Alejandro!L$112)=0,NA(),Alejandro!L111/(Alejandro!L$110+Alejandro!L$111+Alejandro!L$112)) -> 0.39384283 | K40: =IF((Alejandro!M$110+Alejandro!M$111+Alejandro!M$112)=0,NA(),Alejandro!M111/(Alejandro!M$110+Alejandro!M$111+Alejandro!M$112)) -> 0.39280265 | L40: =IF((Alejandro!N$110+Alejandro!N$111+Alejandro!N$112)=0,NA(),Alejandro!N111/(Alejandro!N$110+Alejandro!N$111+Alejandro!N$112)) -> 0.39222617 | ... V40: =IF((Alejandro!X$110+Alejandro!X$111+Alejandro!X$112)=0,NA(),Alejandro!X111/(Alejandro!X$110+Alejandro!X$111+Alejandro!X$112)) -> 0.39379114
C41: Otro | D41: =Alejandro!F115/(Alejandro!$F$113+Alejandro!$F$114+Alejandro!$F$115) -> 0.12319463 | E41: =IF((Alejandro!G$110+Alejandro!G$111+Alejandro!G$112)=0,NA(),Alejandro!G112/(Alejandro!G$110+Alejandro!G$111+Alejandro!G$112)) -> 0.33952154 | F41: =IF((Alejandro!H$110+Alejandro!H$111+Alejandro!H$112)=0,NA(),Alejandro!H112/(Alejandro!H$110+Alejandro!H$111+Alejandro!H$112)) -> 0.097588068 | G41: =IF((Alejandro!I$110+Alejandro!I$111+Alejandro!I$112)=0,NA(),Alejandro!I112/(Alejandro!I$110+Alejandro!I$111+Alejandro!I$112)) -> 0.078142164 | H41: =IF((Alejandro!J$110+Alejandro!J$111+Alejandro!J$112)=0,NA(),Alejandro!J112/(Alejandro!J$110+Alejandro!J$111+Alejandro!J$112)) -> 0.10659438 | I41: =IF((Alejandro!K$110+Alejandro!K$111+Alejandro!K$112)=0,NA(),Alejandro!K112/(Alejandro!K$110+Alejandro!K$111+Alejandro!K$112)) -> 0.10401462 | J41: =IF((Alejandro!L$110+Alejandro!L$111+Alejandro!L$112)=0,NA(),Alejandro!L112/(Alejandro!L$110+Alejandro!L$111+Alejandro!L$112)) -> 0.095570779 | K41: =IF((Alejandro!M$110+Alejandro!M$111+Alejandro!M$112)=0,NA(),Alejandro!M112/(Alejandro!M$110+Alejandro!M$111+Alejandro!M$112)) -> 0.10224368 | L41: =IF((Alejandro!N$110+Alejandro!N$111+Alejandro!N$112)=0,NA(),Alejandro!N112/(Alejandro!N$110+Alejandro!N$111+Alejandro!N$112)) -> 0.10913672 | ... V41: =IF((Alejandro!X$110+Alejandro!X$111+Alejandro!X$112)=0,NA(),Alejandro!X112/(Alejandro!X$110+Alejandro!X$111+Alejandro!X$112)) -> 0.12319463
B42: Miranda | C42: Elías Jaua Milano | D42: =Alejandro!F122/(Alejandro!$F$122+Alejandro!$F$123+Alejandro!$F$124) -> 0.3091909 | E42: =IF((Alejandro!G$119+Alejandro!G$120+Alejandro!G$121)=0,NA(),Alejandro!G119/(Alejandro!G$119+Alejandro!G$120+Alejandro!G$121)) -> 0.40483898 | F42: =IF((Alejandro!H$119+Alejandro!H$120+Alejandro!H$121)=0,NA(),Alejandro!H119/(Alejandro!H$119+Alejandro!H$120+Alejandro!H$121)) -> 0.35271936 | G42: =IF((Alejandro!I$119+Alejandro!I$120+Alejandro!I$121)=0,NA(),Alejandro!I119/(Alejandro!I$119+Alejandro!I$120+Alejandro!I$121)) -> 0.32330518 | H42: =IF((Alejandro!J$119+Alejandro!J$120+Alejandro!J$121)=0,NA(),Alejandro!J119/(Alejandro!J$119+Alejandro!J$120+Alejandro!J$121)) -> 0.32663019 | I42: =IF((Alejandro!K$119+Alejandro!K$120+Alejandro!K$121)=0,NA(),Alejandro!K119/(Alejandro!K$119+Alejandro!K$120+Alejandro!K$121)) -> 0.339062 | J42: =IF((Alejandro!L$119+Alejandro!L$120+Alejandro!L$121)=0,NA(),Alejandro!L119/(Alejandro!L$119+Alejandro!L$120+Alejandro!L$121)) -> 0.3378673 | K42: =IF((Alejandro!M$119+Alejandro!M$120+Alejandro!M$121)=0,NA(),Alejandro!M119/(Alejandro!M$119+Alejandro!M$120+Alejandro!M$121)) -> 0.33426287 | L42: =IF((Alejandro!N$119+Alejandro!N$120+Alejandro!N$121)=0,NA(),Alejandro!N119/(Alejandro!N$119+Alejandro!N$120+Alejandro!N$121)) -> 0.3274702 | ... V42: =IF((Alejandro!X$119+Alejandro!X$120+Alejandro!X$121)=0,NA(),Alejandro!X119/(Alejandro!X$119+Alejandro!X$120+Alejandro!X$121)) -> #N/A
C43: Henrique Capriles Radonski | D43: =Alejandro!F123/(Alejandro!$F$122+Alejandro!$F$123+Alejandro!$F$124) -> 0.68147182 | E43: =IF((Alejandro!G$119+Alejandro!G$120+Alejandro!G$121)=0,NA(),Alejandro!G120/(Alejandro!G$119+Alejandro!G$120+Alejandro!G$121)) -> 0.57916074 | F43: =IF((Alejandro!H$119+Alejandro!H$120+Alejandro!H$121)=0,NA(),Alejandro!H120/(Alejandro!H$119+Alejandro!H$120+Alejandro!H$121)) -> 0.63003712 | G43: =IF((Alejandro!I$119+Alejandro!I$120+Alejandro!I$121)=0,NA(),Alejandro!I120/(Alejandro!I$119+Alejandro!I$120+Alejandro!I$121)) -> 0.66374054 | H43: =IF((Alejandro!J$119+Alejandro!J$120+Alejandro!J$121)=0,NA(),Alejandro!J120/(Alejandro!J$119+Alejandro!J$120+Alejandro!J$121)) -> 0.66200555 | I43: =IF((Alejandro!K$119+Alejandro!K$120+Alejandro!K$121)=0,NA(),Alejandro!K120/(Alejandro!K$119+Alejandro!K$120+Alejandro!K$121)) -> 0.65092657 | J43: =IF((Alejandro!L$119+Alejandro!L$120+Alejandro!L$121)=0,NA(),Alejandro!L120/(Alejandro!L$119+Alejandro!L$120+Alejandro!L$121)) -> 0.65260318 | K43: =IF((Alejandro!M$119+Alejandro!M$120+Alejandro!M$121)=0,NA(),Alejandro!M120/(Alejandro!M$119+Alejandro!M$120+Alejandro!M$121)) -> 0.65595927 | L43: =IF((Alejandro!N$119+Alejandro!N$120+Alejandro!N$121)=0,NA(),Alejandro!N120/(Alejandro!N$119+Alejandro!N$120+Alejandro!N$121)) -> 0.66378699 | ... V43: =IF((Alejandro!X$119+Alejandro!X$120+Alejandro!X$121)=0,NA(),Alejandro!X120/(Alejandro!X$119+Alejandro!X$120+Alejandro!X$121)) -> #N/A
C44: Otro | D44: =Alejandro!F124/(Alejandro!$F$122+Alejandro!$F$123+Alejandro!$F$124) -> 0.0093372796 | E44: =IF((Alejandro!G$119+Alejandro!G$120+Alejandro!G$121)=0,NA(),Alejandro!G121/(Alejandro!G$119+Alejandro!G$120+Alejandro!G$121)) -> 0.01600028 | F44: =IF((Alejandro!H$119+Alejandro!H$120+Alejandro!H$121)=0,NA(),Alejandro!H121/(Alejandro!H$119+Alejandro!H$120+Alejandro!H$121)) -> 0.017243523 | G44: =IF((Alejandro!I$119+Alejandro!I$120+Alejandro!I$121)=0,NA(),Alejandro!I121/(Alejandro!I$119+Alejandro!I$120+Alejandro!I$121)) -> 0.012954281 | H44: =IF((Alejandro!J$119+Alejandro!J$120+Alejandro!J$121)=0,NA(),Alejandro!J121/(Alejandro!J$119+Alejandro!J$120+Alejandro!J$121)) -> 0.011364267 | I44: =IF((Alejandro!K$119+Alejandro!K$120+Alejandro!K$121)=0,NA(),Alejandro!K121/(Alejandro!K$119+Alejandro!K$120+Alejandro!K$121)) -> 0.010011436 | J44: =IF((Alejandro!L$119+Alejandro!L$120+Alejandro!L$121)=0,NA(),Alejandro!L121/(Alejandro!L$119+Alejandro!L$120+Alejandro!L$121)) -> 0.0095295205 | K44: =IF((Alejandro!M$119+Alejandro!M$120+Alejandro!M$121)=0,NA(),Alejandro!M121/(Alejandro!M$119+Alejandro!M$120+Alejandro!M$121)) -> 0.0097778599 | L44: =IF((Alejandro!N$119+Alejandro!N$120+Alejandro!N$121)=0,NA(),Alejandro!N121/(Alejandro!N$119+Alejandro!N$120+Alejandro!N$121)) -> 0.008742809 | ... V44: =IF((Alejandro!X$119+Alejandro!X$120+Alejandro!X$121)=0,NA(),Alejandro!X121/(Alejandro!X$119+Alejandro!X$120+Alejandro!X$121)) -> #N/A
B45: Monagas | C45: Yelitza Santaella | D45: =Alejandro!E132 -> 0.70192433 | E45: =IF((Alejandro!G$128+Alejandro!G$129+Alejandro!G$130+Alejandro!G$131)=0,NA(),Alejandro!G128/(Alejandro!G$128+Alejandro!G$129+Alejandro!G$130+Alejandro!G$131)) -> 0.25 | F45: =IF((Alejandro!H$128+Alejandro!H$129+Alejandro!H$130+Alejandro!H$131)=0,NA(),Alejandro!H128/(Alejandro!H$128+Alejandro!H$129+Alejandro!H$130+Alejandro!H$131)) -> #N/A | G45: =IF((Alejandro!I$128+Alejandro!I$129+Alejandro!I$130+Alejandro!I$131)=0,NA(),Alejandro!I128/(Alejandro!I$128+Alejandro!I$129+Alejandro!I$130+Alejandro!I$131)) -> #N/A | H45: =IF((Alejandro!J$128+Alejandro!J$129+Alejandro!J$130+Alejandro!J$131)=0,NA(),Alejandro!J128/(Alejandro!J$128+Alejandro!J$129+Alejandro!J$130+Alejandro!J$131)) -> #N/A | I45: =IF((Alejandro!K$128+Alejandro!K$129+Alejandro!K$130+Alejandro!K$131)=0,NA(),Alejandro!K128/(Alejandro!K$128+Alejandro!K$129+Alejandro!K$130+Alejandro!K$131)) -> #N/A | J45: =IF((Alejandro!L$128+Alejandro!L$129+Alejandro!L$130+Alejandro!L$131)=0,NA(),Alejandro!L128/(Alejandro!L$128+Alejandro!L$129+Alejandro!L$130+Alejandro!L$131)) -> 0.76666667 | K45: =IF((Alejandro!M$128+Alejandro!M$129+Alejandro!M$130+Alejandro!M$131)=0,NA(),Alejandro!M128/(Alejandro!M$128+Alejandro!M$129+Alejandro!M$130+Alejandro!M$131)) -> #N/A | L45: =IF((Alejandro!N$128+Alejandro!N$129+Alejandro!N$130+Alejandro!N$131)=0,NA(),Alejandro!N128/(Alejandro!N$128+Alejandro!N$129+Alejandro!N$130+Alejandro!N$131)) -> #N/A | ... V45: =IF((Alejandro!X$128+Alejandro!X$129+Alejandro!X$130+Alejandro!X$131)=0,NA(),Alejandro!X128/(Alejandro!X$128+Alejandro!X$129+Alejandro!X$130+Alejandro!X$131)) -> #N/A
C46: Soraya Hernández | D46: =Alejandro!E133 -> 0.21362914 | E46: =IF((Alejandro!G$128+Alejandro!G$129+Alejandro!G$130+Alejandro!G$131)=0,NA(),Alejandro!G129/(Alejandro!G$128+Alejandro!G$129+Alejandro!G$130+Alejandro!G$131)) -> 0.25 | F46: =IF((Alejandro!H$128+Alejandro!H$129+Alejandro!H$130+Alejandro!H$131)=0,NA(),Alejandro!H129/(Alejandro!H$128+Alejandro!H$129+Alejandro!H$130+Alejandro!H$131)) -> #N/A | G46: =IF((Alejandro!I$128+Alejandro!I$129+Alejandro!I$130+Alejandro!I$131)=0,NA(),Alejandro!I129/(Alejandro!I$128+Alejandro!I$129+Alejandro!I$130+Alejandro!I$131)) -> #N/A | H46: =IF((Alejandro!J$128+Alejandro!J$129+Alejandro!J$130+Alejandro!J$131)=0,NA(),Alejandro!J129/(Alejandro!J$128+Alejandro!J$129+Alejandro!J$130+Alejandro!J$131)) -> #N/A | I46: =IF((Alejandro!K$128+Alejandro!K$129+Alejandro!K$130+Alejandro!K$131)=0,NA(),Alejandro!K129/(Alejandro!K$128+Alejandro!K$129+Alejandro!K$130+Alejandro!K$131)) -> #N/A | J46: =IF((Alejandro!L$128+Alejandro!L$129+Alejandro!L$130+Alejandro!L$131)=0,NA(),Alejandro!L129/(Alejandro!L$128+Alejandro!L$129+Alejandro!L$130+Alejandro!L$131)) -> 0.23333333 | K46: =IF((Alejandro!M$128+Alejandro!M$129+Alejandro!M$130+Alejandro!M$131)=0,NA(),Alejandro!M129/(Alejandro!M$128+Alejandro!M$129+Alejandro!M$130+Alejandro!M$131)) -> #N/A | L46: =IF((Alejandro!N$128+Alejandro!N$129+Alejandro!N$130+Alejandro!N$131)=0,NA(),Alejandro!N129/(Alejandro!N$128+Alejandro!N$129+Alejandro!N$130+Alejandro!N$131)) -> #N/A | ... V46: =IF((Alejandro!X$128+Alejandro!X$129+Alejandro!X$130+Alejandro!X$131)=0,NA(),Alejandro!X129/(Alejandro!X$128+Alejandro!X$129+Alejandro!X$130+Alejandro!X$131)) -> #N/A
C47: José Gregorio Briceño | D47: =Alejandro!E134 -> 0.042223263 | E47: =IF((Alejandro!G$128+Alejandro!G$129+Alejandro!G$130+Alejandro!G$131)=0,NA(),Alejandro!G130/(Alejandro!G$128+Alejandro!G$129+Alejandro!G$130+Alejandro!G$131)) -> 0.25 | F47: =IF((Alejandro!H$128+Alejandro!H$129+Alejandro!H$130+Alejandro!H$131)=0,NA(),Alejandro!H130/(Alejandro!H$128+Alejandro!H$129+Alejandro!H$130+Alejandro!H$131)) -> #N/A | G47: =IF((Alejandro!I$128+Alejandro!I$129+Alejandro!I$130+Alejandro!I$131)=0,NA(),Alejandro!I130/(Alejandro!I$128+Alejandro!I$129+Alejandro!I$130+Alejandro!I$131)) -> #N/A | H47: =IF((Alejandro!J$128+Alejandro!J$129+Alejandro!J$130+Alejandro!J$131)=0,NA(),Alejandro!J130/(Alejandro!J$128+Alejandro!J$129+Alejandro!J$130+Alejandro!J$131)) -> #N/A | I47: =IF((Alejandro!K$128+Alejandro!K$129+Alejandro!K$130+Alejandro!K$131)=0,NA(),Alejandro!K130/(Alejandro!K$128+Alejandro!K$129+Alejandro!K$130+Alejandro!K$131)) -> #N/A | J47: =IF((Alejandro!L$128+Alejandro!L$129+Alejandro!L$130+Alejandro!L$131)=0,NA(),Alejandro!L130/(Alejandro!L$128+Alejandro!L$129+Alejandro!L$130+Alejandro!L$131)) -> 0 | K47: =IF((Alejandro!M$128+Alejandro!M$129+Alejandro!M$130+Alejandro!M$131)=0,NA(),Alejandro!M130/(Alejandro!M$128+Alejandro!M$129+Alejandro!M$130+Alejandro!M$131)) -> #N/A | L47: =IF((Alejandro!N$128+Alejandro!N$129+Alejandro!N$130+Alejandro!N$131)=0,NA(),Alejandro!N130/(Alejandro!N$128+Alejandro!N$129+Alejandro!N$130+Alejandro!N$131)) -> #N/A | ... V47: =IF((Alejandro!X$128+Alejandro!X$129+Alejandro!X$130+Alejandro!X$131)=0,NA(),Alejandro!X130/(Alejandro!X$128+Alejandro!X$129+Alejandro!X$130+Alejandro!X$131)) -> #N/A
C48: Otro | D48: =Alejandro!E135 -> 0.042223263 | E48: =IF((Alejandro!G$128+Alejandro!G$129+Alejandro!G$130+Alejandro!G$131)=0,NA(),Alejandro!G131/(Alejandro!G$128+Alejandro!G$129+Alejandro!G$130+Alejandro!G$131)) -> 0.25 | F48: =IF((Alejandro!H$128+Alejandro!H$129+Alejandro!H$130+Alejandro!H$131)=0,NA(),Alejandro!H131/(Alejandro!H$128+Alejandro!H$129+Alejandro!H$130+Alejandro!H$131)) -> #N/A | G48: =IF((Alejandro!I$128+Alejandro!I$129+Alejandro!I$130+Alejandro!I$131)=0,NA(),Alejandro!I131/(Alejandro!I$128+Alejandro!I$129+Alejandro!I$130+Alejandro!I$131)) -> #N/A | H48: =IF((Alejandro!J$128+Alejandro!J$129+Alejandro!J$130+Alejandro!J$131)=0,NA(),Alejandro!J131/(Alejandro!J$128+Alejandro!J$129+Alejandro!J$130+Alejandro!J$131)) -> #N/A | I48: =IF((Alejandro!K$128+Alejandro!K$129+Alejandro!K$130+Alejandro!K$131)=0,NA(),Alejandro!K131/(Alejandro!K$128+Alejandro!K$129+Alejandro!K$130+Alejandro!K$131)) -> #N/A | J48: =IF((Alejandro!L$128+Alejandro!L$129+Alejandro!L$130+Alejandro!L$131)=0,NA(),Alejandro!L131/(Alejandro!L$128+Alejandro!L$129+Alejandro!L$130+Alejandro!L$131)) -> 0 | K48: =IF((Alejandro!M$128+Alejandro!M$129+Alejandro!M$130+Alejandro!M$131)=0,NA(),Alejandro!M131/(Alejandro!M$128+Alejandro!M$129+Alejandro!M$130+Alejandro!M$131)) -> #N/A | L48: =IF((Alejandro!N$128+Alejandro!N$129+Alejandro!N$130+Alejandro!N$131)=0,NA(),Alejandro!N131/(Alejandro!N$128+Alejandro!N$129+Alejandro!N$130+Alejandro!N$131)) -> #N/A | ... V48: =IF((Alejandro!X$128+Alejandro!X$129+Alejandro!X$130+Alejandro!X$131)=0,NA(),Alejandro!X131/(Alejandro!X$128+Alejandro!X$129+Alejandro!X$130+Alejandro!X$131)) -> #N/A
B49: Nueva Esparta | C49: Carlos Mata Figueroa | D49: =Alejandro!F143/(Alejandro!$F$143+Alejandro!$F$144+Alejandro!$F$145) -> 0.53839005 | E49: =IF((Alejandro!G$140+Alejandro!G$141+Alejandro!G$142)=0,NA(),Alejandro!G140/(Alejandro!G$140+Alejandro!G$141+Alejandro!G$142)) -> 0.52829698 | F49: =IF((Alejandro!H$140+Alejandro!H$141+Alejandro!H$142)=0,NA(),Alejandro!H140/(Alejandro!H$140+Alejandro!H$141+Alejandro!H$142)) -> 0.57644641 | G49: =IF((Alejandro!I$140+Alejandro!I$141+Alejandro!I$142)=0,NA(),Alejandro!I140/(Alejandro!I$140+Alejandro!I$141+Alejandro!I$142)) -> 0.52419197 | H49: =IF((Alejandro!J$140+Alejandro!J$141+Alejandro!J$142)=0,NA(),Alejandro!J140/(Alejandro!J$140+Alejandro!J$141+Alejandro!J$142)) -> 0.53160122 | I49: =IF((Alejandro!K$140+Alejandro!K$141+Alejandro!K$142)=0,NA(),Alejandro!K140/(Alejandro!K$140+Alejandro!K$141+Alejandro!K$142)) -> 0.53595299 | J49: =IF((Alejandro!L$140+Alejandro!L$141+Alejandro!L$142)=0,NA(),Alejandro!L140/(Alejandro!L$140+Alejandro!L$141+Alejandro!L$142)) -> 0.53189538 | K49: =IF((Alejandro!M$140+Alejandro!M$141+Alejandro!M$142)=0,NA(),Alejandro!M140/(Alejandro!M$140+Alejandro!M$141+Alejandro!M$142)) -> 0.53383618 | L49: =IF((Alejandro!N$140+Alejandro!N$141+Alejandro!N$142)=0,NA(),Alejandro!N140/(Alejandro!N$140+Alejandro!N$141+Alejandro!N$142)) -> 0.5331527 | ... V49: =IF((Alejandro!X$140+Alejandro!X$141+Alejandro!X$142)=0,NA(),Alejandro!X140/(Alejandro!X$140+Alejandro!X$141+Alejandro!X$142)) -> 0.53839005
C50: Morel Rodríguez | D50: =Alejandro!F144/(Alejandro!$F$143+Alejandro!$F$144+Alejandro!$F$145) -> 0.44862585 | E50: =IF((Alejandro!G$140+Alejandro!G$141+Alejandro!G$142)=0,NA(),Alejandro!G141/(Alejandro!G$140+Alejandro!G$141+Alejandro!G$142)) -> 0.47170302 | F50: =IF((Alejandro!H$140+Alejandro!H$141+Alejandro!H$142)=0,NA(),Alejandro!H141/(Alejandro!H$140+Alejandro!H$141+Alejandro!H$142)) -> 0.41392227 | G50: =IF((Alejandro!I$140+Alejandro!I$141+Alejandro!I$142)=0,NA(),Alejandro!I141/(Alejandro!I$140+Alejandro!I$141+Alejandro!I$142)) -> 0.47112543 | H50: =IF((Alejandro!J$140+Alejandro!J$141+Alejandro!J$142)=0,NA(),Alejandro!J141/(Alejandro!J$140+Alejandro!J$141+Alejandro!J$142)) -> 0.45902053 | I50: =IF((Alejandro!K$140+Alejandro!K$141+Alejandro!K$142)=0,NA(),Alejandro!K141/(Alejandro!K$140+Alejandro!K$141+Alejandro!K$142)) -> 0.44770987 | J50: =IF((Alejandro!L$140+Alejandro!L$141+Alejandro!L$142)=0,NA(),Alejandro!L141/(Alejandro!L$140+Alejandro!L$141+Alejandro!L$142)) -> 0.4478143 | K50: =IF((Alejandro!M$140+Alejandro!M$141+Alejandro!M$142)=0,NA(),Alejandro!M141/(Alejandro!M$140+Alejandro!M$141+Alejandro!M$142)) -> 0.44569558 | L50: =IF((Alejandro!N$140+Alejandro!N$141+Alejandro!N$142)=0,NA(),Alejandro!N141/(Alejandro!N$140+Alejandro!N$141+Alejandro!N$142)) -> 0.4481468 | ... V50: =IF((Alejandro!X$140+Alejandro!X$141+Alejandro!X$142)=0,NA(),Alejandro!X141/(Alejandro!X$140+Alejandro!X$141+Alejandro!X$142)) -> 0.44862585
C51: Otro | D51: =Alejandro!F145/(Alejandro!$F$143+Alejandro!$F$144+Alejandro!$F$145) -> 0.012984102 | E51: =IF((Alejandro!G$140+Alejandro!G$141+Alejandro!G$142)=0,NA(),Alejandro!G142/(Alejandro!G$140+Alejandro!G$141+Alejandro!G$142)) -> 0 | F51: =IF((Alejandro!H$140+Alejandro!H$141+Alejandro!H$142)=0,NA(),Alejandro!H142/(Alejandro!H$140+Alejandro!H$141+Alejandro!H$142)) -> 0.0096313211 | G51: =IF((Alejandro!I$140+Alejandro!I$141+Alejandro!I$142)=0,NA(),Alejandro!I142/(Alejandro!I$140+Alejandro!I$141+Alejandro!I$142)) -> 0.0046825974 | H51: =IF((Alejandro!J$140+Alejandro!J$141+Alejandro!J$142)=0,NA(),Alejandro!J142/(Alejandro!J$140+Alejandro!J$141+Alejandro!J$142)) -> 0.0093782468 | I51: =IF((Alejandro!K$140+Alejandro!K$141+Alejandro!K$142)=0,NA(),Alejandro!K142/(Alejandro!K$140+Alejandro!K$141+Alejandro!K$142)) -> 0.016337137 | J51: =IF((Alejandro!L$140+Alejandro!L$141+Alejandro!L$142)=0,NA(),Alejandro!L142/(Alejandro!L$140+Alejandro!L$141+Alejandro!L$142)) -> 0.020290321 | K51: =IF((Alejandro!M$140+Alejandro!M$141+Alejandro!M$142)=0,NA(),Alejandro!M142/(Alejandro!M$140+Alejandro!M$141+Alejandro!M$142)) -> 0.020468239 | L51: =IF((Alejandro!N$140+Alejandro!N$141+Alejandro!N$142)=0,NA(),Alejandro!N142/(Alejandro!N$140+Alejandro!N$141+Alejandro!N$142)) -> 0.0187005 | ... V51: =IF((Alejandro!X$140+Alejandro!X$141+Alejandro!X$142)=0,NA(),Alejandro!X142/(Alejandro!X$140+Alejandro!X$141+Alejandro!X$142)) -> 0.012984102
B52: Portuguesa | C52: Wilmar Castro Soteldo | D52: =Alejandro!F152/(Alejandro!$F$152+Alejandro!$F$153+Alejandro!$F$154) -> 0.48963956 | E52: =IF((Alejandro!G$149+Alejandro!G$150+Alejandro!G$151)=0,NA(),Alejandro!G149/(Alejandro!G$149+Alejandro!G$150+Alejandro!G$151)) -> 0.44827586 | F52: =IF((Alejandro!H$149+Alejandro!H$150+Alejandro!H$151)=0,NA(),Alejandro!H149/(Alejandro!H$149+Alejandro!H$150+Alejandro!H$151)) -> 0.49342348 | G52: =IF((Alejandro!I$149+Alejandro!I$150+Alejandro!I$151)=0,NA(),Alejandro!I149/(Alejandro!I$149+Alejandro!I$150+Alejandro!I$151)) -> 0.43805094 | H52: =IF((Alejandro!J$149+Alejandro!J$150+Alejandro!J$151)=0,NA(),Alejandro!J149/(Alejandro!J$149+Alejandro!J$150+Alejandro!J$151)) -> 0.38305812 | I52: =IF((Alejandro!K$149+Alejandro!K$150+Alejandro!K$151)=0,NA(),Alejandro!K149/(Alejandro!K$149+Alejandro!K$150+Alejandro!K$151)) -> 0.42459309 | J52: =IF((Alejandro!L$149+Alejandro!L$150+Alejandro!L$151)=0,NA(),Alejandro!L149/(Alejandro!L$149+Alejandro!L$150+Alejandro!L$151)) -> 0.42142505 | K52: =IF((Alejandro!M$149+Alejandro!M$150+Alejandro!M$151)=0,NA(),Alejandro!M149/(Alejandro!M$149+Alejandro!M$150+Alejandro!M$151)) -> 0.40419929 | L52: =IF((Alejandro!N$149+Alejandro!N$150+Alejandro!N$151)=0,NA(),Alejandro!N149/(Alejandro!N$149+Alejandro!N$150+Alejandro!N$151)) -> 0.42352444 | ... V52: =IF((Alejandro!X$149+Alejandro!X$150+Alejandro!X$151)=0,NA(),Alejandro!X149/(Alejandro!X$149+Alejandro!X$150+Alejandro!X$151)) -> 0.48963956
C53: Iván Colmenares | D53: =Alejandro!F153/(Alejandro!$F$152+Alejandro!$F$153+Alejandro!$F$154) -> 0.22954204 | E53: =IF((Alejandro!G$149+Alejandro!G$150+Alejandro!G$151)=0,NA(),Alejandro!G150/(Alejandro!G$149+Alejandro!G$150+Alejandro!G$151)) -> 0.31034483 | F53: =IF((Alejandro!H$149+Alejandro!H$150+Alejandro!H$151)=0,NA(),Alejandro!H150/(Alejandro!H$149+Alejandro!H$150+Alejandro!H$151)) -> 0.25100885 | G53: =IF((Alejandro!I$149+Alejandro!I$150+Alejandro!I$151)=0,NA(),Alejandro!I150/(Alejandro!I$149+Alejandro!I$150+Alejandro!I$151)) -> 0.26311553 | H53: =IF((Alejandro!J$149+Alejandro!J$150+Alejandro!J$151)=0,NA(),Alejandro!J150/(Alejandro!J$149+Alejandro!J$150+Alejandro!J$151)) -> 0.29959788 | I53: =IF((Alejandro!K$149+Alejandro!K$150+Alejandro!K$151)=0,NA(),Alejandro!K150/(Alejandro!K$149+Alejandro!K$150+Alejandro!K$151)) -> 0.25344627 | J53: =IF((Alejandro!L$149+Alejandro!L$150+Alejandro!L$151)=0,NA(),Alejandro!L150/(Alejandro!L$149+Alejandro!L$150+Alejandro!L$151)) -> 0.26411267 | K53: =IF((Alejandro!M$149+Alejandro!M$150+Alejandro!M$151)=0,NA(),Alejandro!M150/(Alejandro!M$149+Alejandro!M$150+Alejandro!M$151)) -> 0.28753477 | L53: =IF((Alejandro!N$149+Alejandro!N$150+Alejandro!N$151)=0,NA(),Alejandro!N150/(Alejandro!N$149+Alejandro!N$150+Alejandro!N$151)) -> 0.2800336 | ... V53: =IF((Alejandro!X$149+Alejandro!X$150+Alejandro!X$151)=0,NA(),Alejandro!X150/(Alejandro!X$149+Alejandro!X$150+Alejandro!X$151)) -> 0.22954204
C54: Otro | D54: =Alejandro!F154/(Alejandro!$F$152+Alejandro!$F$153+Alejandro!$F$154) -> 0.28081841 | E54: =IF((Alejandro!G$149+Alejandro!G$150+Alejandro!G$151)=0,NA(),Alejandro!G151/(Alejandro!G$149+Alejandro!G$150+Alejandro!G$151)) -> 0.24137931 | F54: =IF((Alejandro!H$149+Alejandro!H$150+Alejandro!H$151)=0,NA(),Alejandro!H151/(Alejandro!H$149+Alejandro!H$150+Alejandro!H$151)) -> 0.25556766 | G54: =IF((Alejandro!I$149+Alejandro!I$150+Alejandro!I$151)=0,NA(),Alejandro!I151/(Alejandro!I$149+Alejandro!I$150+Alejandro!I$151)) -> 0.29883353 | H54: =IF((Alejandro!J$149+Alejandro!J$150+Alejandro!J$151)=0,NA(),Alejandro!J151/(Alejandro!J$149+Alejandro!J$150+Alejandro!J$151)) -> 0.317344 | I54: =IF((Alejandro!K$149+Alejandro!K$150+Alejandro!K$151)=0,NA(),Alejandro!K151/(Alejandro!K$149+Alejandro!K$150+Alejandro!K$151)) -> 0.32196064 | J54: =IF((Alejandro!L$149+Alejandro!L$150+Alejandro!L$151)=0,NA(),Alejandro!L151/(Alejandro!L$149+Alejandro!L$150+Alejandro!L$151)) -> 0.31446228 | K54: =IF((Alejandro!M$149+Alejandro!M$150+Alejandro!M$151)=0,NA(),Alejandro!M151/(Alejandro!M$149+Alejandro!M$150+Alejandro!M$151)) -> 0.30826594 | L54: =IF((Alejandro!N$149+Alejandro!N$150+Alejandro!N$151)=0,NA(),Alejandro!N151/(Alejandro!N$149+Alejandro!N$150+Alejandro!N$151)) -> 0.29644196 | ... V54: =IF((Alejandro!X$149+Alejandro!X$150+Alejandro!X$151)=0,NA(),Alejandro!X151/(Alejandro!X$149+Alejandro!X$150+Alejandro!X$151)) -> 0.28081841
B55: Sucre | C55: Luis Acuña | D55: =Alejandro!F161/(Alejandro!$F$161+Alejandro!$F$162+Alejandro!$F$163) -> 0.50944965 | E55: =IF((Alejandro!G$158+Alejandro!G$159+Alejandro!G$160)=0,NA(),Alejandro!G158/(Alejandro!G$158+Alejandro!G$159+Alejandro!G$160)) -> 0.63958041 | F55: =IF((Alejandro!H$158+Alejandro!H$159+Alejandro!H$160)=0,NA(),Alejandro!H158/(Alejandro!H$158+Alejandro!H$159+Alejandro!H$160)) -> 0.64812306 | G55: =IF((Alejandro!I$158+Alejandro!I$159+Alejandro!I$160)=0,NA(),Alejandro!I158/(Alejandro!I$158+Alejandro!I$159+Alejandro!I$160)) -> 0.6201018 | H55: =IF((Alejandro!J$158+Alejandro!J$159+Alejandro!J$160)=0,NA(),Alejandro!J158/(Alejandro!J$158+Alejandro!J$159+Alejandro!J$160)) -> 0.52243386 | I55: =IF((Alejandro!K$158+Alejandro!K$159+Alejandro!K$160)=0,NA(),Alejandro!K158/(Alejandro!K$158+Alejandro!K$159+Alejandro!K$160)) -> 0.52376089 | J55: =IF((Alejandro!L$158+Alejandro!L$159+Alejandro!L$160)=0,NA(),Alejandro!L158/(Alejandro!L$158+Alejandro!L$159+Alejandro!L$160)) -> 0.52645887 | K55: =IF((Alejandro!M$158+Alejandro!M$159+Alejandro!M$160)=0,NA(),Alejandro!M158/(Alejandro!M$158+Alejandro!M$159+Alejandro!M$160)) -> 0.53705851 | L55: =IF((Alejandro!N$158+Alejandro!N$159+Alejandro!N$160)=0,NA(),Alejandro!N158/(Alejandro!N$158+Alejandro!N$159+Alejandro!N$160)) -> 0.5302854 | ... V55: =IF((Alejandro!X$158+Alejandro!X$159+Alejandro!X$160)=0,NA(),Alejandro!X158/(Alejandro!X$158+Alejandro!X$159+Alejandro!X$160)) -> 0.50944965
C56: Hernán Núñez | D56: =Alejandro!F162/(Alejandro!$F$161+Alejandro!$F$162+Alejandro!$F$163) -> 0.38132741 | E56: =IF((Alejandro!G$158+Alejandro!G$159+Alejandro!G$160)=0,NA(),Alejandro!G159/(Alejandro!G$158+Alejandro!G$159+Alejandro!G$160)) -> 0.34968077 | F56: =IF((Alejandro!H$158+Alejandro!H$159+Alejandro!H$160)=0,NA(),Alejandro!H159/(Alejandro!H$158+Alejandro!H$159+Alejandro!H$160)) -> 0.34187894 | G56: =IF((Alejandro!I$158+Alejandro!I$159+Alejandro!I$160)=0,NA(),Alejandro!I159/(Alejandro!I$158+Alejandro!I$159+Alejandro!I$160)) -> 0.36828074 | H56: =IF((Alejandro!J$158+Alejandro!J$159+Alejandro!J$160)=0,NA(),Alejandro!J159/(Alejandro!J$158+Alejandro!J$159+Alejandro!J$160)) -> 0.41821061 | I56: =IF((Alejandro!K$158+Alejandro!K$159+Alejandro!K$160)=0,NA(),Alejandro!K159/(Alejandro!K$158+Alejandro!K$159+Alejandro!K$160)) -> 0.39934273 | J56: =IF((Alejandro!L$158+Alejandro!L$159+Alejandro!L$160)=0,NA(),Alejandro!L159/(Alejandro!L$158+Alejandro!L$159+Alejandro!L$160)) -> 0.39651727 | K56: =IF((Alejandro!M$158+Alejandro!M$159+Alejandro!M$160)=0,NA(),Alejandro!M159/(Alejandro!M$158+Alejandro!M$159+Alejandro!M$160)) -> 0.3888729 | L56: =IF((Alejandro!N$158+Alejandro!N$159+Alejandro!N$160)=0,NA(),Alejandro!N159/(Alejandro!N$158+Alejandro!N$159+Alejandro!N$160)) -> 0.39766524 | ... V56: =IF((Alejandro!X$158+Alejandro!X$159+Alejandro!X$160)=0,NA(),Alejandro!X159/(Alejandro!X$158+Alejandro!X$159+Alejandro!X$160)) -> 0.38132741
C57: Otro | D57: =Alejandro!F163/(Alejandro!$F$161+Alejandro!$F$162+Alejandro!$F$163) -> 0.10922294 | E57: =IF((Alejandro!G$158+Alejandro!G$159+Alejandro!G$160)=0,NA(),Alejandro!G160/(Alejandro!G$158+Alejandro!G$159+Alejandro!G$160)) -> 0.010738828 | F57: =IF((Alejandro!H$158+Alejandro!H$159+Alejandro!H$160)=0,NA(),Alejandro!H160/(Alejandro!H$158+Alejandro!H$159+Alejandro!H$160)) -> 0.0099979934 | G57: =IF((Alejandro!I$158+Alejandro!I$159+Alejandro!I$160)=0,NA(),Alejandro!I160/(Alejandro!I$158+Alejandro!I$159+Alejandro!I$160)) -> 0.011617454 | H57: =IF((Alejandro!J$158+Alejandro!J$159+Alejandro!J$160)=0,NA(),Alejandro!J160/(Alejandro!J$158+Alejandro!J$159+Alejandro!J$160)) -> 0.059355534 | I57: =IF((Alejandro!K$158+Alejandro!K$159+Alejandro!K$160)=0,NA(),Alejandro!K160/(Alejandro!K$158+Alejandro!K$159+Alejandro!K$160)) -> 0.076896378 | J57: =IF((Alejandro!L$158+Alejandro!L$159+Alejandro!L$160)=0,NA(),Alejandro!L160/(Alejandro!L$158+Alejandro!L$159+Alejandro!L$160)) -> 0.077023856 | K57: =IF((Alejandro!M$158+Alejandro!M$159+Alejandro!M$160)=0,NA(),Alejandro!M160/(Alejandro!M$158+Alejandro!M$159+Alejandro!M$160)) -> 0.074068594 | L57: =IF((Alejandro!N$158+Alejandro!N$159+Alejandro!N$160)=0,NA(),Alejandro!N160/(Alejandro!N$158+Alejandro!N$159+Alejandro!N$160)) -> 0.072049354 | ... V57: =IF((Alejandro!X$158+Alejandro!X$159+Alejandro!X$160)=0,NA(),Alejandro!X160/(Alejandro!X$158+Alejandro!X$159+Alejandro!X$160)) -> 0.10922294
B58: Tachira | C58: José Vielma Mora | D58: =Alejandro!F170/(Alejandro!$F$170+Alejandro!$F$171+Alejandro!$F$172) -> 0.43360703 | E58: =IF((Alejandro!G$167+Alejandro!G$168+Alejandro!G$169)=0,NA(),Alejandro!G167/(Alejandro!G$167+Alejandro!G$168+Alejandro!G$169)) -> 0.55328504 | F58: =IF((Alejandro!H$167+Alejandro!H$168+Alejandro!H$169)=0,NA(),Alejandro!H167/(Alejandro!H$167+Alejandro!H$168+Alejandro!H$169)) -> 0.49836681 | G58: =IF((Alejandro!I$167+Alejandro!I$168+Alejandro!I$169)=0,NA(),Alejandro!I167/(Alejandro!I$167+Alejandro!I$168+Alejandro!I$169)) -> 0.48170352 | H58: =IF((Alejandro!J$167+Alejandro!J$168+Alejandro!J$169)=0,NA(),Alejandro!J167/(Alejandro!J$167+Alejandro!J$168+Alejandro!J$169)) -> 0.47410563 | I58: =IF((Alejandro!K$167+Alejandro!K$168+Alejandro!K$169)=0,NA(),Alejandro!K167/(Alejandro!K$167+Alejandro!K$168+Alejandro!K$169)) -> 0.49691967 | J58: =IF((Alejandro!L$167+Alejandro!L$168+Alejandro!L$169)=0,NA(),Alejandro!L167/(Alejandro!L$167+Alejandro!L$168+Alejandro!L$169)) -> 0.49577464 | K58: =IF((Alejandro!M$167+Alejandro!M$168+Alejandro!M$169)=0,NA(),Alejandro!M167/(Alejandro!M$167+Alejandro!M$168+Alejandro!M$169)) -> 0.47930942 | L58: =IF((Alejandro!N$167+Alejandro!N$168+Alejandro!N$169)=0,NA(),Alejandro!N167/(Alejandro!N$167+Alejandro!N$168+Alejandro!N$169)) -> 0.47762304 | ... V58: =IF((Alejandro!X$167+Alejandro!X$168+Alejandro!X$169)=0,NA(),Alejandro!X167/(Alejandro!X$167+Alejandro!X$168+Alejandro!X$169)) -> 0.43360703
C59: César Pérez Vivas | D59: =Alejandro!F171/(Alejandro!$F$170+Alejandro!$F$171+Alejandro!$F$172) -> 0.54085426 | E59: =IF((Alejandro!G$167+Alejandro!G$168+Alejandro!G$169)=0,NA(),Alejandro!G168/(Alejandro!G$167+Alejandro!G$168+Alejandro!G$169)) -> 0.42373651 | F59: =IF((Alejandro!H$167+Alejandro!H$168+Alejandro!H$169)=0,NA(),Alejandro!H168/(Alejandro!H$167+Alejandro!H$168+Alejandro!H$169)) -> 0.49057733 | G59: =IF((Alejandro!I$167+Alejandro!I$168+Alejandro!I$169)=0,NA(),Alejandro!I168/(Alejandro!I$167+Alejandro!I$168+Alejandro!I$169)) -> 0.50211112 | H59: =IF((Alejandro!J$167+Alejandro!J$168+Alejandro!J$169)=0,NA(),Alejandro!J168/(Alejandro!J$167+Alejandro!J$168+Alejandro!J$169)) -> 0.50928329 | I59: =IF((Alejandro!K$167+Alejandro!K$168+Alejandro!K$169)=0,NA(),Alejandro!K168/(Alejandro!K$167+Alejandro!K$168+Alejandro!K$169)) -> 0.48991025 | J59: =IF((Alejandro!L$167+Alejandro!L$168+Alejandro!L$169)=0,NA(),Alejandro!L168/(Alejandro!L$167+Alejandro!L$168+Alejandro!L$169)) -> 0.49266101 | K59: =IF((Alejandro!M$167+Alejandro!M$168+Alejandro!M$169)=0,NA(),Alejandro!M168/(Alejandro!M$167+Alejandro!M$168+Alejandro!M$169)) -> 0.50920431 | L59: =IF((Alejandro!N$167+Alejandro!N$168+Alejandro!N$169)=0,NA(),Alejandro!N168/(Alejandro!N$167+Alejandro!N$168+Alejandro!N$169)) -> 0.50600709 | ... V59: =IF((Alejandro!X$167+Alejandro!X$168+Alejandro!X$169)=0,NA(),Alejandro!X168/(Alejandro!X$167+Alejandro!X$168+Alejandro!X$169)) -> 0.54085426
C60: Otro | D60: =Alejandro!F172/(Alejandro!$F$170+Alejandro!$F$171+Alejandro!$F$172) -> 0.025538711 | E60: =IF((Alejandro!G$167+Alejandro!G$168+Alejandro!G$169)=0,NA(),Alejandro!G169/(Alejandro!G$167+Alejandro!G$168+Alejandro!G$169)) -> 0.022978447 | F60: =IF((Alejandro!H$167+Alejandro!H$168+Alejandro!H$169)=0,NA(),Alejandro!H169/(Alejandro!H$167+Alejandro!H$168+Alejandro!H$169)) -> 0.011055856 | G60: =IF((Alejandro!I$167+Alejandro!I$168+Alejandro!I$169)=0,NA(),Alejandro!I169/(Alejandro!I$167+Alejandro!I$168+Alejandro!I$169)) -> 0.016185361 | H60: =IF((Alejandro!J$167+Alejandro!J$168+Alejandro!J$169)=0,NA(),Alejandro!J169/(Alejandro!J$167+Alejandro!J$168+Alejandro!J$169)) -> 0.01661108 | I60: =IF((Alejandro!K$167+Alejandro!K$168+Alejandro!K$169)=0,NA(),Alejandro!K169/(Alejandro!K$167+Alejandro!K$168+Alejandro!K$169)) -> 0.013170077 | J60: =IF((Alejandro!L$167+Alejandro!L$168+Alejandro!L$169)=0,NA(),Alejandro!L169/(Alejandro!L$167+Alejandro!L$168+Alejandro!L$169)) -> 0.011564354 | K60: =IF((Alejandro!M$167+Alejandro!M$168+Alejandro!M$169)=0,NA(),Alejandro!M169/(Alejandro!M$167+Alejandro!M$168+Alejandro!M$169)) -> 0.011486276 | L60: =IF((Alejandro!N$167+Alejandro!N$168+Alejandro!N$169)=0,NA(),Alejandro!N169/(Alejandro!N$167+Alejandro!N$168+Alejandro!N$169)) -> 0.016369868 | ... V60: =IF((Alejandro!X$167+Alejandro!X$168+Alejandro!X$169)=0,NA(),Alejandro!X169/(Alejandro!X$167+Alejandro!X$168+Alejandro!X$169)) -> 0.025538711
B61: Trujillo | C61: Henri Rangel Silva | D61: =Alejandro!F179/(Alejandro!$F$179+Alejandro!$F$180+Alejandro!$F$181) -> 0.77760053 | E61: =IF((Alejandro!G$176+Alejandro!G$177+Alejandro!G$178)=0,NA(),Alejandro!G176/(Alejandro!G$176+Alejandro!G$177+Alejandro!G$178)) -> 0.93085423 | F61: =IF((Alejandro!H$176+Alejandro!H$177+Alejandro!H$178)=0,NA(),Alejandro!H176/(Alejandro!H$176+Alejandro!H$177+Alejandro!H$178)) -> 0.94137854 | G61: =IF((Alejandro!I$176+Alejandro!I$177+Alejandro!I$178)=0,NA(),Alejandro!I176/(Alejandro!I$176+Alejandro!I$177+Alejandro!I$178)) -> 0.89904817 | H61: =IF((Alejandro!J$176+Alejandro!J$177+Alejandro!J$178)=0,NA(),Alejandro!J176/(Alejandro!J$176+Alejandro!J$177+Alejandro!J$178)) -> 0.87372184 | I61: =IF((Alejandro!K$176+Alejandro!K$177+Alejandro!K$178)=0,NA(),Alejandro!K176/(Alejandro!K$176+Alejandro!K$177+Alejandro!K$178)) -> 0.87677569 | J61: =IF((Alejandro!L$176+Alejandro!L$177+Alejandro!L$178)=0,NA(),Alejandro!L176/(Alejandro!L$176+Alejandro!L$177+Alejandro!L$178)) -> 0.84154901 | K61: =IF((Alejandro!M$176+Alejandro!M$177+Alejandro!M$178)=0,NA(),Alejandro!M176/(Alejandro!M$176+Alejandro!M$177+Alejandro!M$178)) -> 0.83289365 | L61: =IF((Alejandro!N$176+Alejandro!N$177+Alejandro!N$178)=0,NA(),Alejandro!N176/(Alejandro!N$176+Alejandro!N$177+Alejandro!N$178)) -> 0.83243279 | ... V61: =IF((Alejandro!X$176+Alejandro!X$177+Alejandro!X$178)=0,NA(),Alejandro!X176/(Alejandro!X$176+Alejandro!X$177+Alejandro!X$178)) -> 0.77760053
C62: José Hernández | D62: =Alejandro!F180/(Alejandro!$F$179+Alejandro!$F$180+Alejandro!$F$181) -> 0.19493263 | E62: =IF((Alejandro!G$176+Alejandro!G$177+Alejandro!G$178)=0,NA(),Alejandro!G177/(Alejandro!G$176+Alejandro!G$177+Alejandro!G$178)) -> 0.06378643 | F62: =IF((Alejandro!H$176+Alejandro!H$177+Alejandro!H$178)=0,NA(),Alejandro!H177/(Alejandro!H$176+Alejandro!H$177+Alejandro!H$178)) -> 0.042653366 | G62: =IF((Alejandro!I$176+Alejandro!I$177+Alejandro!I$178)=0,NA(),Alejandro!I177/(Alejandro!I$176+Alejandro!I$177+Alejandro!I$178)) -> 0.076019404 | H62: =IF((Alejandro!J$176+Alejandro!J$177+Alejandro!J$178)=0,NA(),Alejandro!J177/(Alejandro!J$176+Alejandro!J$177+Alejandro!J$178)) -> 0.1048634 | I62: =IF((Alejandro!K$176+Alejandro!K$177+Alejandro!K$178)=0,NA(),Alejandro!K177/(Alejandro!K$176+Alejandro!K$177+Alejandro!K$178)) -> 0.10421436 | J62: =IF((Alejandro!L$176+Alejandro!L$177+Alejandro!L$178)=0,NA(),Alejandro!L177/(Alejandro!L$176+Alejandro!L$177+Alejandro!L$178)) -> 0.14308261 | K62: =IF((Alejandro!M$176+Alejandro!M$177+Alejandro!M$178)=0,NA(),Alejandro!M177/(Alejandro!M$176+Alejandro!M$177+Alejandro!M$178)) -> 0.15031281 | L62: =IF((Alejandro!N$176+Alejandro!N$177+Alejandro!N$178)=0,NA(),Alejandro!N177/(Alejandro!N$176+Alejandro!N$177+Alejandro!N$178)) -> 0.14961162 | ... V62: =IF((Alejandro!X$176+Alejandro!X$177+Alejandro!X$178)=0,NA(),Alejandro!X177/(Alejandro!X$176+Alejandro!X$177+Alejandro!X$178)) -> 0.19493263
C63: Otro | D63: =Alejandro!F181/(Alejandro!$F$179+Alejandro!$F$180+Alejandro!$F$181) -> 0.027466834 | E63: =IF((Alejandro!G$176+Alejandro!G$177+Alejandro!G$178)=0,NA(),Alejandro!G178/(Alejandro!G$176+Alejandro!G$177+Alejandro!G$178)) -> 0.0053593411 | F63: =IF((Alejandro!H$176+Alejandro!H$177+Alejandro!H$178)=0,NA(),Alejandro!H178/(Alejandro!H$176+Alejandro!H$177+Alejandro!H$178)) -> 0.015968095 | G63: =IF((Alejandro!I$176+Alejandro!I$177+Alejandro!I$178)=0,NA(),Alejandro!I178/(Alejandro!I$176+Alejandro!I$177+Alejandro!I$178)) -> 0.024932429 | H63: =IF((Alejandro!J$176+Alejandro!J$177+Alejandro!J$178)=0,NA(),Alejandro!J178/(Alejandro!J$176+Alejandro!J$177+Alejandro!J$178)) -> 0.021414764 | I63: =IF((Alejandro!K$176+Alejandro!K$177+Alejandro!K$178)=0,NA(),Alejandro!K178/(Alejandro!K$176+Alejandro!K$177+Alejandro!K$178)) -> 0.019009951 | J63: =IF((Alejandro!L$176+Alejandro!L$177+Alejandro!L$178)=0,NA(),Alejandro!L178/(Alejandro!L$176+Alejandro!L$177+Alejandro!L$178)) -> 0.015368381 | K63: =IF((Alejandro!M$176+Alejandro!M$177+Alejandro!M$178)=0,NA(),Alejandro!M178/(Alejandro!M$176+Alejandro!M$177+Alejandro!M$178)) -> 0.016793534 | L63: =IF((Alejandro!N$176+Alejandro!N$177+Alejandro!N$178)=0,NA(),Alejandro!N178/(Alejandro!N$176+Alejandro!N$177+Alejandro!N$178)) -> 0.017955592 | ... V63: =IF((Alejandro!X$176+Alejandro!X$177+Alejandro!X$178)=0,NA(),Alejandro!X178/(Alejandro!X$176+Alejandro!X$177+Alejandro!X$178)) -> 0.027466834
B64: Vargas | C64: Jorge Luis García Carneiro | D64: =Alejandro!F188/(Alejandro!$F$188+Alejandro!$F$189+Alejandro!$F$190) -> 0.73150457 | E64: =IF((Alejandro!G$185+Alejandro!G$186+Alejandro!G$187)=0,NA(),Alejandro!G185/(Alejandro!G$185+Alejandro!G$186+Alejandro!G$187)) -> 0.33333333 | F64: =IF((Alejandro!H$185+Alejandro!H$186+Alejandro!H$187)=0,NA(),Alejandro!H185/(Alejandro!H$185+Alejandro!H$186+Alejandro!H$187)) -> 0.86486486 | G64: =IF((Alejandro!I$185+Alejandro!I$186+Alejandro!I$187)=0,NA(),Alejandro!I185/(Alejandro!I$185+Alejandro!I$186+Alejandro!I$187)) -> 0.86206897 | H64: =IF((Alejandro!J$185+Alejandro!J$186+Alejandro!J$187)=0,NA(),Alejandro!J185/(Alejandro!J$185+Alejandro!J$186+Alejandro!J$187)) -> 0.83802817 | I64: =IF((Alejandro!K$185+Alejandro!K$186+Alejandro!K$187)=0,NA(),Alejandro!K185/(Alejandro!K$185+Alejandro!K$186+Alejandro!K$187)) -> 0.82629108 | J64: =IF((Alejandro!L$185+Alejandro!L$186+Alejandro!L$187)=0,NA(),Alejandro!L185/(Alejandro!L$185+Alejandro!L$186+Alejandro!L$187)) -> 0.84962406 | K64: =IF((Alejandro!M$185+Alejandro!M$186+Alejandro!M$187)=0,NA(),Alejandro!M185/(Alejandro!M$185+Alejandro!M$186+Alejandro!M$187)) -> 0.8119403 | L64: =IF((Alejandro!N$185+Alejandro!N$186+Alejandro!N$187)=0,NA(),Alejandro!N185/(Alejandro!N$185+Alejandro!N$186+Alejandro!N$187)) -> 0.78960396 | ... V64: =IF((Alejandro!X$185+Alejandro!X$186+Alejandro!X$187)=0,NA(),Alejandro!X185/(Alejandro!X$185+Alejandro!X$186+Alejandro!X$187)) -> 0.7305141
C65: José Manuel Olivares | D65: =Alejandro!F189/(Alejandro!$F$188+Alejandro!$F$189+Alejandro!$F$190) -> 0.2560266 | E65: =IF((Alejandro!G$185+Alejandro!G$186+Alejandro!G$187)=0,NA(),Alejandro!G186/(Alejandro!G$185+Alejandro!G$186+Alejandro!G$187)) -> 0.33333333 | F65: =IF((Alejandro!H$185+Alejandro!H$186+Alejandro!H$187)=0,NA(),Alejandro!H186/(Alejandro!H$185+Alejandro!H$186+Alejandro!H$187)) -> 0.10810811 | G65: =IF((Alejandro!I$185+Alejandro!I$186+Alejandro!I$187)=0,NA(),Alejandro!I186/(Alejandro!I$185+Alejandro!I$186+Alejandro!I$187)) -> 0.12643678 | H65: =IF((Alejandro!J$185+Alejandro!J$186+Alejandro!J$187)=0,NA(),Alejandro!J186/(Alejandro!J$185+Alejandro!J$186+Alejandro!J$187)) -> 0.14788732 | I65: =IF((Alejandro!K$185+Alejandro!K$186+Alejandro!K$187)=0,NA(),Alejandro!K186/(Alejandro!K$185+Alejandro!K$186+Alejandro!K$187)) -> 0.16431925 | J65: =IF((Alejandro!L$185+Alejandro!L$186+Alejandro!L$187)=0,NA(),Alejandro!L186/(Alejandro!L$185+Alejandro!L$186+Alejandro!L$187)) -> 0.14285714 | K65: =IF((Alejandro!M$185+Alejandro!M$186+Alejandro!M$187)=0,NA(),Alejandro!M186/(Alejandro!M$185+Alejandro!M$186+Alejandro!M$187)) -> 0.17910448 | L65: =IF((Alejandro!N$185+Alejandro!N$186+Alejandro!N$187)=0,NA(),Alejandro!N186/(Alejandro!N$185+Alejandro!N$186+Alejandro!N$187)) -> 0.2029703 | ... V65: =IF((Alejandro!X$185+Alejandro!X$186+Alejandro!X$187)=0,NA(),Alejandro!X186/(Alejandro!X$185+Alejandro!X$186+Alejandro!X$187)) -> 0.25621891
C66: Otro | D66: =Alejandro!F190/(Alejandro!$F$188+Alejandro!$F$189+Alejandro!$F$190) -> 0.012468828 | E66: =IF((Alejandro!G$185+Alejandro!G$186+Alejandro!G$187)=0,NA(),Alejandro!G187/(Alejandro!G$185+Alejandro!G$186+Alejandro!G$187)) -> 0.33333333 | F66: =IF((Alejandro!H$185+Alejandro!H$186+Alejandro!H$187)=0,NA(),Alejandro!H187/(Alejandro!H$185+Alejandro!H$186+Alejandro!H$187)) -> 0.027027027 | G66: =IF((Alejandro!I$185+Alejandro!I$186+Alejandro!I$187)=0,NA(),Alejandro!I187/(Alejandro!I$185+Alejandro!I$186+Alejandro!I$187)) -> 0.011494253 | H66: =IF((Alejandro!J$185+Alejandro!J$186+Alejandro!J$187)=0,NA(),Alejandro!J187/(Alejandro!J$185+Alejandro!J$186+Alejandro!J$187)) -> 0.014084507 | I66: =IF((Alejandro!K$185+Alejandro!K$186+Alejandro!K$187)=0,NA(),Alejandro!K187/(Alejandro!K$185+Alejandro!K$186+Alejandro!K$187)) -> 0.0093896714 | J66: =IF((Alejandro!L$185+Alejandro!L$186+Alejandro!L$187)=0,NA(),Alejandro!L187/(Alejandro!L$185+Alejandro!L$186+Alejandro!L$187)) -> 0.007518797 | K66: =IF((Alejandro!M$185+Alejandro!M$186+Alejandro!M$187)=0,NA(),Alejandro!M187/(Alejandro!M$185+Alejandro!M$186+Alejandro!M$187)) -> 0.0089552239 | L66: =IF((Alejandro!N$185+Alejandro!N$186+Alejandro!N$187)=0,NA(),Alejandro!N187/(Alejandro!N$185+Alejandro!N$186+Alejandro!N$187)) -> 0.0074257426 | ... V66: =IF((Alejandro!X$185+Alejandro!X$186+Alejandro!X$187)=0,NA(),Alejandro!X187/(Alejandro!X$185+Alejandro!X$186+Alejandro!X$187)) -> 0.013266998
B67: Yaracuy | C67: Julio León Heredia | D67: =Alejandro!F197/(Alejandro!$F$197+Alejandro!$F$198+Alejandro!$F$199) -> 0.46958331 | E67: =IF((Alejandro!G$194+Alejandro!G$195+Alejandro!G$196)=0,NA(),Alejandro!G194/(Alejandro!G$194+Alejandro!G$195+Alejandro!G$196)) -> 0.33333333 | F67: =IF((Alejandro!H$194+Alejandro!H$195+Alejandro!H$196)=0,NA(),Alejandro!H194/(Alejandro!H$194+Alejandro!H$195+Alejandro!H$196)) -> 0.40503983 | G67: =IF((Alejandro!I$194+Alejandro!I$195+Alejandro!I$196)=0,NA(),Alejandro!I194/(Alejandro!I$194+Alejandro!I$195+Alejandro!I$196)) -> 0.43015167 | H67: =IF((Alejandro!J$194+Alejandro!J$195+Alejandro!J$196)=0,NA(),Alejandro!J194/(Alejandro!J$194+Alejandro!J$195+Alejandro!J$196)) -> 0.45601461 | I67: =IF((Alejandro!K$194+Alejandro!K$195+Alejandro!K$196)=0,NA(),Alejandro!K194/(Alejandro!K$194+Alejandro!K$195+Alejandro!K$196)) -> 0.43743908 | J67: =IF((Alejandro!L$194+Alejandro!L$195+Alejandro!L$196)=0,NA(),Alejandro!L194/(Alejandro!L$194+Alejandro!L$195+Alejandro!L$196)) -> 0.44753213 | K67: =IF((Alejandro!M$194+Alejandro!M$195+Alejandro!M$196)=0,NA(),Alejandro!M194/(Alejandro!M$194+Alejandro!M$195+Alejandro!M$196)) -> 0.46260993 | L67: =IF((Alejandro!N$194+Alejandro!N$195+Alejandro!N$196)=0,NA(),Alejandro!N194/(Alejandro!N$194+Alejandro!N$195+Alejandro!N$196)) -> 0.45435913 | ... V67: =IF((Alejandro!X$194+Alejandro!X$195+Alejandro!X$196)=0,NA(),Alejandro!X194/(Alejandro!X$194+Alejandro!X$195+Alejandro!X$196)) -> 0.46824059
C68: Biagio Pilieri | D68: =Alejandro!F198/(Alejandro!$F$197+Alejandro!$F$198+Alejandro!$F$199) -> 0.50371364 | E68: =IF((Alejandro!G$194+Alejandro!G$195+Alejandro!G$196)=0,NA(),Alejandro!G195/(Alejandro!G$194+Alejandro!G$195+Alejandro!G$196)) -> 0.33333333 | F68: =IF((Alejandro!H$194+Alejandro!H$195+Alejandro!H$196)=0,NA(),Alejandro!H195/(Alejandro!H$194+Alejandro!H$195+Alejandro!H$196)) -> 0.51764137 | G68: =IF((Alejandro!I$194+Alejandro!I$195+Alejandro!I$196)=0,NA(),Alejandro!I195/(Alejandro!I$194+Alejandro!I$195+Alejandro!I$196)) -> 0.52874466 | H68: =IF((Alejandro!J$194+Alejandro!J$195+Alejandro!J$196)=0,NA(),Alejandro!J195/(Alejandro!J$194+Alejandro!J$195+Alejandro!J$196)) -> 0.48156539 | I68: =IF((Alejandro!K$194+Alejandro!K$195+Alejandro!K$196)=0,NA(),Alejandro!K195/(Alejandro!K$194+Alejandro!K$195+Alejandro!K$196)) -> 0.51705652 | J68: =IF((Alejandro!L$194+Alejandro!L$195+Alejandro!L$196)=0,NA(),Alejandro!L195/(Alejandro!L$194+Alejandro!L$195+Alejandro!L$196)) -> 0.51468994 | K68: =IF((Alejandro!M$194+Alejandro!M$195+Alejandro!M$196)=0,NA(),Alejandro!M195/(Alejandro!M$194+Alejandro!M$195+Alejandro!M$196)) -> 0.50375373 | L68: =IF((Alejandro!N$194+Alejandro!N$195+Alejandro!N$196)=0,NA(),Alejandro!N195/(Alejandro!N$194+Alejandro!N$195+Alejandro!N$196)) -> 0.51777904 | ... V68: =IF((Alejandro!X$194+Alejandro!X$195+Alejandro!X$196)=0,NA(),Alejandro!X195/(Alejandro!X$194+Alejandro!X$195+Alejandro!X$196)) -> 0.50203458
C69: Otro | D69: =Alejandro!F199/(Alejandro!$F$197+Alejandro!$F$198+Alejandro!$F$199) -> 0.026703053 | E69: =IF((Alejandro!G$194+Alejandro!G$195+Alejandro!G$196)=0,NA(),Alejandro!G196/(Alejandro!G$194+Alejandro!G$195+Alejandro!G$196)) -> 0.33333333 | F69: =IF((Alejandro!H$194+Alejandro!H$195+Alejandro!H$196)=0,NA(),Alejandro!H196/(Alejandro!H$194+Alejandro!H$195+Alejandro!H$196)) -> 0.077318803 | G69: =IF((Alejandro!I$194+Alejandro!I$195+Alejandro!I$196)=0,NA(),Alejandro!I196/(Alejandro!I$194+Alejandro!I$195+Alejandro!I$196)) -> 0.041103668 | H69: =IF((Alejandro!J$194+Alejandro!J$195+Alejandro!J$196)=0,NA(),Alejandro!J196/(Alejandro!J$194+Alejandro!J$195+Alejandro!J$196)) -> 0.062419995 | I69: =IF((Alejandro!K$194+Alejandro!K$195+Alejandro!K$196)=0,NA(),Alejandro!K196/(Alejandro!K$194+Alejandro!K$195+Alejandro!K$196)) -> 0.045504395 | J69: =IF((Alejandro!L$194+Alejandro!L$195+Alejandro!L$196)=0,NA(),Alejandro!L196/(Alejandro!L$194+Alejandro!L$195+Alejandro!L$196)) -> 0.037777925 | K69: =IF((Alejandro!M$194+Alejandro!M$195+Alejandro!M$196)=0,NA(),Alejandro!M196/(Alejandro!M$194+Alejandro!M$195+Alejandro!M$196)) -> 0.033636335 | L69: =IF((Alejandro!N$194+Alejandro!N$195+Alejandro!N$196)=0,NA(),Alejandro!N196/(Alejandro!N$194+Alejandro!N$195+Alejandro!N$196)) -> 0.027861832 | ... V69: =IF((Alejandro!X$194+Alejandro!X$195+Alejandro!X$196)=0,NA(),Alejandro!X196/(Alejandro!X$194+Alejandro!X$195+Alejandro!X$196)) -> 0.029724824
B70: Zulia | C70: Francisco Arias Cárdenas | D70: =Alejandro!F206/(Alejandro!$F$206+Alejandro!$F$207+Alejandro!$F$208) -> 0.42430997 | E70: =IF((Alejandro!G$203+Alejandro!G$204+Alejandro!G$205)=0,NA(),Alejandro!G203/(Alejandro!G$203+Alejandro!G$204+Alejandro!G$205)) -> 0.46850094 | F70: =IF((Alejandro!H$203+Alejandro!H$204+Alejandro!H$205)=0,NA(),Alejandro!H203/(Alejandro!H$203+Alejandro!H$204+Alejandro!H$205)) -> 0.42846428 | G70: =IF((Alejandro!I$203+Alejandro!I$204+Alejandro!I$205)=0,NA(),Alejandro!I203/(Alejandro!I$203+Alejandro!I$204+Alejandro!I$205)) -> 0.43391227 | H70: =IF((Alejandro!J$203+Alejandro!J$204+Alejandro!J$205)=0,NA(),Alejandro!J203/(Alejandro!J$203+Alejandro!J$204+Alejandro!J$205)) -> 0.44364305 | I70: =IF((Alejandro!K$203+Alejandro!K$204+Alejandro!K$205)=0,NA(),Alejandro!K203/(Alejandro!K$203+Alejandro!K$204+Alejandro!K$205)) -> 0.4504069 | J70: =IF((Alejandro!L$203+Alejandro!L$204+Alejandro!L$205)=0,NA(),Alejandro!L203/(Alejandro!L$203+Alejandro!L$204+Alejandro!L$205)) -> 0.4543939 | K70: =IF((Alejandro!M$203+Alejandro!M$204+Alejandro!M$205)=0,NA(),Alejandro!M203/(Alejandro!M$203+Alejandro!M$204+Alejandro!M$205)) -> 0.44818335 | L70: =IF((Alejandro!N$203+Alejandro!N$204+Alejandro!N$205)=0,NA(),Alejandro!N203/(Alejandro!N$203+Alejandro!N$204+Alejandro!N$205)) -> 0.4329331 | ... V70: =IF((Alejandro!X$203+Alejandro!X$204+Alejandro!X$205)=0,NA(),Alejandro!X203/(Alejandro!X$203+Alejandro!X$204+Alejandro!X$205)) -> 0.42430997
C71: Pablo Pérez | D71: =Alejandro!F207/(Alejandro!$F$206+Alejandro!$F$207+Alejandro!$F$208) -> 0.56394773 | E71: =IF((Alejandro!G$203+Alejandro!G$204+Alejandro!G$205)=0,NA(),Alejandro!G204/(Alejandro!G$203+Alejandro!G$204+Alejandro!G$205)) -> 0.52175199 | F71: =IF((Alejandro!H$203+Alejandro!H$204+Alejandro!H$205)=0,NA(),Alejandro!H204/(Alejandro!H$203+Alejandro!H$204+Alejandro!H$205)) -> 0.5635623 | G71: =IF((Alejandro!I$203+Alejandro!I$204+Alejandro!I$205)=0,NA(),Alejandro!I204/(Alejandro!I$203+Alejandro!I$204+Alejandro!I$205)) -> 0.55397797 | H71: =IF((Alejandro!J$203+Alejandro!J$204+Alejandro!J$205)=0,NA(),Alejandro!J204/(Alejandro!J$203+Alejandro!J$204+Alejandro!J$205)) -> 0.54519159 | I71: =IF((Alejandro!K$203+Alejandro!K$204+Alejandro!K$205)=0,NA(),Alejandro!K204/(Alejandro!K$203+Alejandro!K$204+Alejandro!K$205)) -> 0.53819976 | J71: =IF((Alejandro!L$203+Alejandro!L$204+Alejandro!L$205)=0,NA(),Alejandro!L204/(Alejandro!L$203+Alejandro!L$204+Alejandro!L$205)) -> 0.5344259 | K71: =IF((Alejandro!M$203+Alejandro!M$204+Alejandro!M$205)=0,NA(),Alejandro!M204/(Alejandro!M$203+Alejandro!M$204+Alejandro!M$205)) -> 0.54183163 | L71: =IF((Alejandro!N$203+Alejandro!N$204+Alejandro!N$205)=0,NA(),Alejandro!N204/(Alejandro!N$203+Alejandro!N$204+Alejandro!N$205)) -> 0.55280153 | ... V71: =IF((Alejandro!X$203+Alejandro!X$204+Alejandro!X$205)=0,NA(),Alejandro!X204/(Alejandro!X$203+Alejandro!X$204+Alejandro!X$205)) -> 0.56394773
C72: Otro | D72: =Alejandro!F208/(Alejandro!$F$206+Alejandro!$F$207+Alejandro!$F$208) -> 0.011742294 | E72: =IF((Alejandro!G$203+Alejandro!G$204+Alejandro!G$205)=0,NA(),Alejandro!G205/(Alejandro!G$203+Alejandro!G$204+Alejandro!G$205)) -> 0.0097470709 | F72: =IF((Alejandro!H$203+Alejandro!H$204+Alejandro!H$205)=0,NA(),Alejandro!H205/(Alejandro!H$203+Alejandro!H$204+Alejandro!H$205)) -> 0.0079734241 | G72: =IF((Alejandro!I$203+Alejandro!I$204+Alejandro!I$205)=0,NA(),Alejandro!I205/(Alejandro!I$203+Alejandro!I$204+Alejandro!I$205)) -> 0.012109759 | H72: =IF((Alejandro!J$203+Alejandro!J$204+Alejandro!J$205)=0,NA(),Alejandro!J205/(Alejandro!J$203+Alejandro!J$204+Alejandro!J$205)) -> 0.011165361 | I72: =IF((Alejandro!K$203+Alejandro!K$204+Alejandro!K$205)=0,NA(),Alejandro!K205/(Alejandro!K$203+Alejandro!K$204+Alejandro!K$205)) -> 0.011393344 | J72: =IF((Alejandro!L$203+Alejandro!L$204+Alejandro!L$205)=0,NA(),Alejandro!L205/(Alejandro!L$203+Alejandro!L$204+Alejandro!L$205)) -> 0.011180199 | K72: =IF((Alejandro!M$203+Alejandro!M$204+Alejandro!M$205)=0,NA(),Alejandro!M205/(Alejandro!M$203+Alejandro!M$204+Alejandro!M$205)) -> 0.0099850241 | L72: =IF((Alejandro!N$203+Alejandro!N$204+Alejandro!N$205)=0,NA(),Alejandro!N205/(Alejandro!N$203+Alejandro!N$204+Alejandro!N$205)) -> 0.014265375 | ... V72: =IF((Alejandro!X$203+Alejandro!X$204+Alejandro!X$205)=0,NA(),Alejandro!X205/(Alejandro!X$203+Alejandro!X$204+Alejandro!X$205)) -> 0.011742294

Sheet Alejandro
C1: Votos | D1: Candidato | E1: Resultado | F1: Total | G1: 1 | H1: 2 | I1: 3 | J1: 4 | K1: 5 | L1: 6 | M1: 7 | N1: 8 | O1: 9 | P1: 10 | Q1: 11 | R1: 12 | S1: 13 | T1: 14 | U1: 15 | V1: 16 | W1: 17 | X1: 18
B2: AMAZONAS | C2: Pesados acumulados | D2: Nicia Maldonado | G2: =IF(SUM(G5:G7)=0,1,G5) -> 4 | H2: =IF(SUM(H5:H7)=0,0,G2+H5) -> 30 | I2: =IF(SUM(I5:I7)=0,0,H2+I5) -> 58 | J2: =IF(SUM(J5:J7)=0,0,I2+J5) -> 74 | K2: =IF(SUM(K5:K7)=0,0,J2+K5) -> 88 | L2: =IF(SUM(L5:L7)=0,0,K2+L5) -> 105 | M2: =IF(SUM(M5:M7)=0,0,L2+M5) -> 126 | N2: =IF(SUM(N5:N7)=0,0,M2+N5) -> 145 | O2: =IF(SUM(O5:O7)=0,0,N2+O5) -> 158 | ... X2: =IF(SUM(X5:X7)=0,0,W2+X5) -> 271
D3: Liborio Guarulla | G3: =IF(SUM(G5:G7)=0,1,G6) -> 7 | H3: =IF(SUM(H5:H7)=0,0,G3+H6) -> 37 | I3: =IF(SUM(I5:I7)=0,0,H3+I6) -> 63 | J3: =IF(SUM(J5:J7)=0,0,I3+J6) -> 87 | K3: =IF(SUM(K5:K7)=0,0,J3+K6) -> 101 | L3: =IF(SUM(L5:L7)=0,0,K3+L6) -> 108 | M3: =IF(SUM(M5:M7)=0,0,L3+M6) -> 117 | N3: =IF(SUM(N5:N7)=0,0,M3+N6) -> 140 | O3: =IF(SUM(O5:O7)=0,0,N3+O6) -> 149 | ... X3: =IF(SUM(X5:X7)=0,0,W3+X6) -> 238
D4: Otro | G4: =IF(SUM(G5:G7)=0,1,G7) -> 0 | H4: =IF(SUM(H5:H7)=0,0,G4+H7) -> 0 | I4: =IF(SUM(I5:I7)=0,0,H4+I7) -> 2 | J4: =IF(SUM(J5:J7)=0,0,I4+J7) -> 3 | K4: =IF(SUM(K5:K7)=0,0,J4+K7) -> 5 | L4: =IF(SUM(L5:L7)=0,0,K4+L7) -> 6 | M4: =IF(SUM(M5:M7)=0,0,L4+M7) -> 9 | N4: =IF(SUM(N5:N7)=0,0,M4+N7) -> 14 | O4: =IF(SUM(O5:O7)=0,0,N4+O7) -> 15 | ... X4: =IF(SUM(X5:X7)=0,0,W4+X7) -> 36
C5: Pesados | D5: Nicia Maldonado | E5: =F5/(F5+F6+F7) -> 0.49724771 | F5: =IF(SUM(G5:X5)=0,1,SUM(G5:X5)) -> 271 | G5: =AM!F3*AM!$B$5 -> 4 | H5: =AM!G3*AM!$B$5 -> 26 | I5: =AM!H3*AM!$B$5 -> 28 | J5: =AM!I3*AM!$B$5 -> 16 | K5: =AM!J3*AM!$B$5 -> 14 | L5: =AM!K3*AM!$B$5 -> 17 | M5: =AM!L3*AM!$B$5 -> 21 | N5: =AM!M3*AM!$B$5 -> 19 | ... X5: =AM!W3*AM!$B$5 -> 14
D6: Liborio Guarulla | E6: =F6/(F5+F6+F7) -> 0.43669725 | F6: =IF(SUM(G6:X6)=0,1,SUM(G6:X6)) -> 238 | G6: =AM!F4*AM!$B$5 -> 7 | H6: =AM!G4*AM!$B$5 -> 30 | I6: =AM!H4*AM!$B$5 -> 26 | J6: =AM!I4*AM!$B$5 -> 24 | K6: =AM!J4*AM!$B$5 -> 14 | L6: =AM!K4*AM!$B$5 -> 7 | M6: =AM!L4*AM!$B$5 -> 9 | N6: =AM!M4*AM!$B$5 -> 23 | ... X6: =AM!W4*AM!$B$5 -> 12
D7: Otro | E7: =F7/(F5+F6+F7) -> 0.066055046 | F7: =IF(SUM(G7:X7)=0,1,SUM(G7:X7)) -> 36 | G7: =AM!F5*AM!$B$5 -> 0 | H7: =AM!G5*AM!$B$5 -> 0 | I7: =AM!H5*AM!$B$5 -> 2 | J7: =AM!I5*AM!$B$5 -> 1 | K7: =AM!J5*AM!$B$5 -> 2 | L7: =AM!K5*AM!$B$5 -> 1 | M7: =AM!L5*AM!$B$5 -> 3 | N7: =AM!M5*AM!$B$5 -> 5 | ... X7: =AM!W5*AM!$B$5 -> 0
C8: Recibidos | D8: Nicia Maldonado | E8: =F8/(F8+F9+F10) -> 0.49724771 | F8: =IF(SUM(G8:X8)=0,1,SUM(G8:X8)) -> 271 | G8: =SUMIF(AM!$C$3:$C$5,"PSUV",AM!F$3:F$5) -> 4 | H8: =SUMIF(AM!$C$3:$C$5,"PSUV",AM!G$3:G$5) -> 26 | I8: =SUMIF(AM!$C$3:$C$5,"PSUV",AM!H$3:H$5) -> 28 | J8: =SUMIF(AM!$C$3:$C$5,"PSUV",AM!I$3:I$5) -> 16 | K8: =SUMIF(AM!$C$3:$C$5,"PSUV",AM!J$3:J$5) -> 14 | L8: =SUMIF(AM!$C$3:$C$5,"PSUV",AM!K$3:K$5) -> 17 | M8: =SUMIF(AM!$C$3:$C$5,"PSUV",AM!L$3:L$5) -> 21 | N8: =SUMIF(AM!$C$3:$C$5,"PSUV",AM!M$3:M$5) -> 19 | ... X8: =SUMIF(AM!$C$3:$C$5,"PSUV",AM!W$3:W$5) -> 14
D9: Liborio Guarulla | E9: =F9/(F8+F9+F10) -> 0.43669725 | F9: =IF(SUM(G9:X9)=0,1,SUM(G9:X9)) -> 238 | G9: =SUMIF(AM!$C$3:$C$5,"MUD",AM!F$3:F$5) -> 7 | H9: =SUMIF(AM!$C$3:$C$5,"MUD",AM!G$3:G$5) -> 30 | I9: =SUMIF(AM!$C$3:$C$5,"MUD",AM!H$3:H$5) -> 26 | J9: =SUMIF(AM!$C$3:$C$5,"MUD",AM!I$3:I$5) -> 24 | K9: =SUMIF(AM!$C$3:$C$5,"MUD",AM!J$3:J$5) -> 14 | L9: =SUMIF(AM!$C$3:$C$5,"MUD",AM!K$3:K$5) -> 7 | M9: =SUMIF(AM!$C$3:$C$5,"MUD",AM!L$3:L$5) -> 9 | N9: =SUMIF(AM!$C$3:$C$5,"MUD",AM!M$3:M$5) -> 23 | ... X9: =SUMIF(AM!$C$3:$C$5,"MUD",AM!W$3:W$5) -> 12
D10: Otro | E10: =F10/(F8+F9+F10) -> 0.066055046 | F10: =IF(SUM(G10:X10)=0,1,SUM(G10:X10)) -> 36 | G10: =SUMIF(AM!$C$3:$C$5,"Otro",AM!F$3:F$5) -> 0 | H10: =SUMIF(AM!$C$3:$C$5,"Otro",AM!G$3:G$5) -> 0 | I10: =SUMIF(AM!$C$3:$C$5,"Otro",AM!H$3:H$5) -> 2 | J10: =SUMIF(AM!$C$3:$C$5,"Otro",AM!I$3:I$5) -> 1 | K10: =SUMIF(AM!$C$3:$C$5,"Otro",AM!J$3:J$5) -> 2 | L10: =SUMIF(AM!$C$3:$C$5,"Otro",AM!K$3:K$5) -> 1 | M10: =SUMIF(AM!$C$3:$C$5,"Otro",AM!L$3:L$5) -> 3 | N10: =SUMIF(AM!$C$3:$C$5,"Otro",AM!M$3:M$5) -> 5 | ... X10: =SUMIF(AM!$C$3:$C$5,"Otro",AM!W$3:W$5) -> 0
B11: ANZOATEGUI | C11: Pesados acumulados | D11: Aristóbulo Iztúriz | G11: =IF(SUM(G14:G16)=0,1,G14) -> 15.009235 | H11: =IF(SUM(H14:H16)=0,0,G11+H14) -> 40.699391 | I11: =IF(SUM(I14:I16)=0,0,H11+I14) -> 60.944264 | J11: =IF(SUM(J14:J16)=0,0,I11+J14) -> 97.746306 | K11: =IF(SUM(K14:K16)=0,0,J11+K14) -> 131.01893 | L11: =IF(SUM(L14:L16)=0,0,K11+L14) -> 159.10078 | M11: =IF(SUM(M14:M16)=0,0,L11+M14) -> 194.12351 | N11: =IF(SUM(N14:N16)=0,0,M11+N14) -> 220.9364 | O11: =IF(SUM(O14:O16)=0,0,N11+O14) -> 250.30662 | ... X11: =IF(SUM(X14:X16)=0,0,W11+X14) -> 489.70016
D12: Antonio Barreto Sira | G12: =IF(SUM(G14:G16)=0,1,G15) -> 6.5845761 | H12: =IF(SUM(H14:H16)=0,0,G12+H15) -> 21.124162 | I12: =IF(SUM(I14:I16)=0,0,H12+I15) -> 33.352388 | J12: =IF(SUM(J14:J16)=0,0,I12+J15) -> 55.369459 | K12: =IF(SUM(K14:K16)=0,0,J12+K15) -> 80.982536 | L12: =IF(SUM(L14:L16)=0,0,K12+L15) -> 104.03061 | M12: =IF(SUM(M14:M16)=0,0,L12+M15) -> 125.09964 | N12: =IF(SUM(N14:N16)=0,0,M12+N15) -> 153.39211 | O12: =IF(SUM(O14:O16)=0,0,N12+O15) -> 176.14522 | ... X12: =IF(SUM(X14:X16)=0,0,W12+X15) -> 337.1017
D13: Otro | G13: =IF(SUM(G14:G16)=0,1,G16) -> 0.79637233 | H13: =IF(SUM(H14:H16)=0,0,G13+H16) -> 0.99253752 | I13: =IF(SUM(I14:I16)=0,0,H13+I16) -> 1.1217169 | J13: =IF(SUM(J14:J16)=0,0,I13+J16) -> 1.8109763 | K13: =IF(SUM(K14:K16)=0,0,J13+K16) -> 4.1018823 | L13: =IF(SUM(L14:L16)=0,0,K13+L16) -> 6.9227655 | M13: =IF(SUM(M14:M16)=0,0,L13+M16) -> 8.5888227 | N13: =IF(SUM(N14:N16)=0,0,M13+N16) -> 10.159816 | O13: =IF(SUM(O14:O16)=0,0,N13+O16) -> 10.159816 | ... X13: =IF(SUM(X14:X16)=0,0,W13+X16) -> 15.544234
C14: Pesados | D14: Aristóbulo Iztúriz | E14: =F14/(F14+F15+F16) -> 0.58135268 | F14: =IF(SUM(G14:X14)=0,1,SUM(G14:X14)) -> 489.70016 | G14: =AN!F3*AN!$B$5+AN!F6*AN!$B$8+AN!F9*AN!$B$11+AN!F12*AN!$B$14+AN!F15*AN!$B$17+AN!F18*AN!$B$20+AN!F21*AN!$B$23+AN!F24*AN!$B$26+AN!F27*AN!$B$29 -> 15.009235 | H14: =AN!G3*AN!$B$5+AN!G6*AN!$B$8+AN!G9*AN!$B$11+AN!G12*AN!$B$14+AN!G15*AN!$B$17+AN!G18*AN!$B$20+AN!G21*AN!$B$23+AN!G24*AN!$B$26+AN!G27*AN!$B$29 -> 25.690156 | I14: =AN!H3*AN!$B$5+AN!H6*AN!$B$8+AN!H9*AN!$B$11+AN!H12*AN!$B$14+AN!H15*AN!$B$17+AN!H18*AN!$B$20+AN!H21*AN!$B$23+AN!H24*AN!$B$26+AN!H27*AN!$B$29 -> 20.244873 | J14: =AN!I3*AN!$B$5+AN!I6*AN!$B$8+AN!I9*AN!$B$11+AN!I12*AN!$B$14+AN!I15*AN!$B$17+AN!I18*AN!$B$20+AN!I21*AN!$B$23+AN!I24*AN!$B$26+AN!I27*AN!$B$29 -> 36.802042 | K14: =AN!J3*AN!$B$5+AN!J6*AN!$B$8+AN!J9*AN!$B$11+AN!J12*AN!$B$14+AN!J15*AN!$B$17+AN!J18*AN!$B$20+AN!J21*AN!$B$23+AN!J24*AN!$B$26+AN!J27*AN!$B$29 -> 33.272622 | L14: =AN!K3*AN!$B$5+AN!K6*AN!$B$8+AN!K9*AN!$B$11+AN!K12*AN!$B$14+AN!K15*AN!$B$17+AN!K18*AN!$B$20+AN!K21*AN!$B$23+AN!K24*AN!$B$26+AN!K27*AN!$B$29 -> 28.081853 | M14: =AN!L3*AN!$B$5+AN!L6*AN!$B$8+AN!L9*AN!$B$11+AN!L12*AN!$B$14+AN!L15*AN!$B$17+AN!L18*AN!$B$20+AN!L21*AN!$B$23+AN!L24*AN!$B$26+AN!L27*AN!$B$29 -> 35.022733 | N14: =AN!M3*AN!$B$5+AN!M6*AN!$B$8+AN!M9*AN!$B$11+AN!M12*AN!$B$14+AN!M15*AN!$B$17+AN!M18*AN!$B$20+AN!M21*AN!$B$23+AN!M24*AN!$B$26+AN!M27*AN!$B$29 -> 26.812884 | ... X14: =AN!W3*AN!$B$5+AN!W6*AN!$B$8+AN!W9*AN!$B$11+AN!W12*AN!$B$14+AN!W15*AN!$B$17+AN!W18*AN!$B$20+AN!W21*AN!$B$23+AN!W24*AN!$B$26+AN!W27*AN!$B$29 -> 21.187093
D15: Antonio Barreto Sira | E15: =F15/(F14+F15+F16) -> 0.40019382 | F15: =IF(SUM(G15:X15)=0,1,SUM(G15:X15)) -> 337.1017 | G15: =AN!F4*AN!$B$5+AN!F7*AN!$B$8+AN!F10*AN!$B$11+AN!F13*AN!$B$14+AN!F16*AN!$B$17+AN!F19*AN!$B$20+AN!F22*AN!$B$23+AN!F25*AN!$B$26+AN!F28*AN!$B$29 -> 6.5845761 | H15: =AN!G4*AN!$B$5+AN!G7*AN!$B$8+AN!G10*AN!$B$11+AN!G13*AN!$B$14+AN!G16*AN!$B$17+AN!G19*AN!$B$20+AN!G22*AN!$B$23+AN!G25*AN!$B$26+AN!G28*AN!$B$29 -> 14.539586 | I15: =AN!H4*AN!$B$5+AN!H7*AN!$B$8+AN!H10*AN!$B$11+AN!H13*AN!$B$14+AN!H16*AN!$B$17+AN!H19*AN!$B$20+AN!H22*AN!$B$23+AN!H25*AN!$B$26+AN!H28*AN!$B$29 -> 12.228226 | J15: =AN!I4*AN!$B$5+AN!I7*AN!$B$8+AN!I10*AN!$B$11+AN!I13*AN!$B$14+AN!I16*AN!$B$17+AN!I19*AN!$B$20+AN!I22*AN!$B$23+AN!I25*AN!$B$26+AN!I28*AN!$B$29 -> 22.017071 | K15: =AN!J4*AN!$B$5+AN!J7*AN!$B$8+AN!J10*AN!$B$11+AN!J13*AN!$B$14+AN!J16*AN!$B$17+AN!J19*AN!$B$20+AN!J22*AN!$B$23+AN!J25*AN!$B$26+AN!J28*AN!$B$29 -> 25.613077 | L15: =AN!K4*AN!$B$5+AN!K7*AN!$B$8+AN!K10*AN!$B$11+AN!K13*AN!$B$14+AN!K16*AN!$B$17+AN!K19*AN!$B$20+AN!K22*AN!$B$23+AN!K25*AN!$B$26+AN!K28*AN!$B$29 -> 23.048071 | M15: =AN!L4*AN!$B$5+AN!L7*AN!$B$8+AN!L10*AN!$B$11+AN!L13*AN!$B$14+AN!L16*AN!$B$17+AN!L19*AN!$B$20+AN!L22*AN!$B$23+AN!L25*AN!$B$26+AN!L28*AN!$B$29 -> 21.069035 | N15: =AN!M4*AN!$B$5+AN!M7*AN!$B$8+AN!M10*AN!$B$11+AN!M13*AN!$B$14+AN!M16*AN!$B$17+AN!M19*AN!$B$20+AN!M22*AN!$B$23+AN!M25*AN!$B$26+AN!M28*AN!$B$29 -> 28.292469 | ... X15: =AN!W4*AN!$B$5+AN!W7*AN!$B$8+AN!W10*AN!$B$11+AN!W13*AN!$B$14+AN!W16*AN!$B$17+AN!W19*AN!$B$20+AN!W22*AN!$B$23+AN!W25*AN!$B$26+AN!W28*AN!$B$29 -> 12.979895
D16: Otro | E16: =F16/(F14+F15+F16) -> 0.018453501 | F16: =IF(SUM(G16:X16)=0,1,SUM(G16:X16)) -> 15.544234 | G16: =AN!F5*AN!$B$5+AN!F8*AN!$B$8+AN!F11*AN!$B$11+AN!F14*AN!$B$14+AN!F17*AN!$B$17+AN!F20*AN!$B$20+AN!F23*AN!$B$23+AN!F26*AN!$B$26+AN!F29*AN!$B$29 -> 0.79637233 | H16: =AN!G5*AN!$B$5+AN!G8*AN!$B$8+AN!G11*AN!$B$11+AN!G14*AN!$B$14+AN!G17*AN!$B$17+AN!G20*AN!$B$20+AN!G23*AN!$B$23+AN!G26*AN!$B$26+AN!G29*AN!$B$29 -> 0.19616518 | I16: =AN!H5*AN!$B$5+AN!H8*AN!$B$8+AN!H11*AN!$B$11+AN!H14*AN!$B$14+AN!H17*AN!$B$17+AN!H20*AN!$B$20+AN!H23*AN!$B$23+AN!H26*AN!$B$26+AN!H29*AN!$B$29 -> 0.12917936 | J16: =AN!I5*AN!$B$5+AN!I8*AN!$B$8+AN!I11*AN!$B$11+AN!I14*AN!$B$14+AN!I17*AN!$B$17+AN!I20*AN!$B$20+AN!I23*AN!$B$23+AN!I26*AN!$B$26+AN!I29*AN!$B$29 -> 0.68925945 | K16: =AN!J5*AN!$B$5+AN!J8*AN!$B$8+AN!J11*AN!$B$11+AN!J14*AN!$B$14+AN!J17*AN!$B$17+AN!J20*AN!$B$20+AN!J23*AN!$B$23+AN!J26*AN!$B$26+AN!J29*AN!$B$29 -> 2.290906 | L16: =AN!K5*AN!$B$5+AN!K8*AN!$B$8+AN!K11*AN!$B$11+AN!K14*AN!$B$14+AN!K17*AN!$B$17+AN!K20*AN!$B$20+AN!K23*AN!$B$23+AN!K26*AN!$B$26+AN!K29*AN!$B$29 -> 2.8208831 | M16: =AN!L5*AN!$B$5+AN!L8*AN!$B$8+AN!L11*AN!$B$11+AN!L14*AN!$B$14+AN!L17*AN!$B$17+AN!L20*AN!$B$20+AN!L23*AN!$B$23+AN!L26*AN!$B$26+AN!L29*AN!$B$29 -> 1.6660572 | N16: =AN!M5*AN!$B$5+AN!M8*AN!$B$8+AN!M11*AN!$B$11+AN!M14*AN!$B$14+AN!M17*AN!$B$17+AN!M20*AN!$B$20+AN!M23*AN!$B$23+AN!M26*AN!$B$26+AN!M29*AN!$B$29 -> 1.570993 | ... X16: =AN!W5*AN!$B$5+AN!W8*AN!$B$8+AN!W11*AN!$B$11+AN!W14*AN!$B$14+AN!W17*AN!$B$17+AN!W20*AN!$B$20+AN!W23*AN!$B$23+AN!W26*AN!$B$26+AN!W29*AN!$B$29 -> 0.03006844
C17: Recibidos | D17: Aristóbulo Iztúriz | E17: =F17/(F17+F18+F19) -> 0.54346826 | F17: =IF(SUM(G17:X17)=0,1,SUM(G17:X17)) -> 2363 | G17: =SUMIF(AN!$C$3:$C$29,"PSUV",AN!F$3:F$29) -> 73 | H17: =SUMIF(AN!$C$3:$C$29,"PSUV",AN!G$3:G$29) -> 130 | I17: =SUMIF(AN!$C$3:$C$29,"PSUV",AN!H$3:H$29) -> 105 | J17: =SUMIF(AN!$C$3:$C$29,"PSUV",AN!I$3:I$29) -> 188 | K17: =SUMIF(AN!$C$3:$C$29,"PSUV",AN!J$3:J$29) -> 155 | L17: =SUMIF(AN!$C$3:$C$29,"PSUV",AN!K$3:K$29) -> 130 | M17: =SUMIF(AN!$C$3:$C$29,"PSUV",AN!L$3:L$29) -> 159 | N17: =SUMIF(AN!$C$3:$C$29,"PSUV",AN!M$3:M$29) -> 118 | ... X17: =SUMIF(AN!$C$3:$C$29,"PSUV",AN!W$3:W$29) -> 102
D18: Antonio Barreto Sira | E18: =F18/(F17+F18+F19) -> 0.43468261 | F18: =IF(SUM(G18:X18)=0,1,SUM(G18:X18)) -> 1890 | G18: =SUMIF(AN!$C$3:$C$29,"MUD",AN!F$3:F$29) -> 45 | H18: =SUMIF(AN!$C$3:$C$29,"MUD",AN!G$3:G$29) -> 93 | I18: =SUMIF(AN!$C$3:$C$29,"MUD",AN!H$3:H$29) -> 77 | J18: =SUMIF(AN!$C$3:$C$29,"MUD",AN!I$3:I$29) -> 110 | K18: =SUMIF(AN!$C$3:$C$29,"MUD",AN!J$3:J$29) -> 141 | L18: =SUMIF(AN!$C$3:$C$29,"MUD",AN!K$3:K$29) -> 120 | M18: =SUMIF(AN!$C$3:$C$29,"MUD",AN!L$3:L$29) -> 127 | N18: =SUMIF(AN!$C$3:$C$29,"MUD",AN!M$3:M$29) -> 158 | ... X18: =SUMIF(AN!$C$3:$C$29,"MUD",AN!W$3:W$29) -> 70
D19: Otro | E19: =F19/(F17+F18+F19) -> 0.021849126 | F19: =IF(SUM(G19:X19)=0,1,SUM(G19:X19)) -> 95 | G19: =SUMIF(AN!$C$3:$C$29,"Otro",AN!F$3:F$29) -> 7 | H19: =SUMIF(AN!$C$3:$C$29,"Otro",AN!G$3:G$29) -> 3 | I19: =SUMIF(AN!$C$3:$C$29,"Otro",AN!H$3:H$29) -> 2 | J19: =SUMIF(AN!$C$3:$C$29,"Otro",AN!I$3:I$29) -> 4 | K19: =SUMIF(AN!$C$3:$C$29,"Otro",AN!J$3:J$29) -> 9 | L19: =SUMIF(AN!$C$3:$C$29,"Otro",AN!K$3:K$29) -> 16 | M19: =SUMIF(AN!$C$3:$C$29,"Otro",AN!L$3:L$29) -> 8 | N19: =SUMIF(AN!$C$3:$C$29,"Otro",AN!M$3:M$29) -> 8 | ... X19: =SUMIF(AN!$C$3:$C$29,"Otro",AN!W$3:W$29) -> 1
B20: APURE | C20: Pesados acumulados | D20: Ramón Carrizález | G20: =IF(SUM(G23:G25)=0,1,G23) -> 6.1106851 | H20: =IF(SUM(H23:H25)=0,0,G20+H23) -> 13.755232 | I20: =IF(SUM(I23:I25)=0,0,H20+I23) -> 24.749571 | J20: =IF(SUM(J23:J25)=0,0,I20+J23) -> 37.737826 | K20: =IF(SUM(K23:K25)=0,0,J20+K23) -> 47.060747 | L20: =IF(SUM(L23:L25)=0,0,K20+L23) -> 58.428745 | M20: =IF(SUM(M23:M25)=0,0,L20+M23) -> 73.776635 | N20: =IF(SUM(N23:N25)=0,0,M20+N23) -> 83.858765 | O20: =IF(SUM(O23:O25)=0,0,N20+O23) -> 93.566606 | ... X20: =IF(SUM(X23:X25)=0,0,W20+X23) -> 182.71658
D21: Luis Lippa | G21: =IF(SUM(G23:G25)=0,1,G24) -> 3.1332195 | H21: =IF(SUM(H23:H25)=0,0,G21+H24) -> 7.1801512 | I21: =IF(SUM(I23:I25)=0,0,H21+I24) -> 14.074615 | J21: =IF(SUM(J23:J25)=0,0,I21+J24) -> 19.644691 | K21: =IF(SUM(K23:K25)=0,0,J21+K24) -> 26.427438 | L21: =IF(SUM(L23:L25)=0,0,K21+L24) -> 39.678494 | M21: =IF(SUM(M23:M25)=0,0,L21+M24) -> 47.729971 | N21: =IF(SUM(N23:N25)=0,0,M21+N24) -> 52.746601 | O21: =IF(SUM(O23:O25)=0,0,N21+O24) -> 58.24245 | ... X21: =IF(SUM(X23:X25)=0,0,W21+X24) -> 109.79416
D22: Otro | G22: =IF(SUM(G23:G25)=0,1,G25) -> 3.5947288 | H22: =IF(SUM(H23:H25)=0,0,G22+H25) -> 5.4747453 | I22: =IF(SUM(I23:I25)=0,0,H22+I25) -> 10.76551 | J22: =IF(SUM(J23:J25)=0,0,I22+J25) -> 15.857518 | K22: =IF(SUM(K23:K25)=0,0,J22+K25) -> 20.477496 | L22: =IF(SUM(L23:L25)=0,0,K22+L25) -> 24.160367 | M22: =IF(SUM(M23:M25)=0,0,L22+M25) -> 27.886305 | N22: =IF(SUM(N23:N25)=0,0,M22+N25) -> 31.042238 | O22: =IF(SUM(O23:O25)=0,0,N22+O25) -> 34.341622 | ... X22: =IF(SUM(X23:X25)=0,0,W22+X25) -> 77.668796
C23: Pesados | D23: Ramón Carrizález | E23: =F23/(F23+F24+F25) -> 0.49358909 | F23: =IF(SUM(G23:X23)=0,1,SUM(G23:X23)) -> 182.71658 | G23: =AP!F3*AP!$B$5+AP!F6*AP!$B$8+AP!F9*AP!$B$11+AP!F12*AP!$B$14 -> 6.1106851 | H23: =AP!G3*AP!$B$5+AP!G6*AP!$B$8+AP!G9*AP!$B$11+AP!G12*AP!$B$14 -> 7.6445467 | I23: =AP!H3*AP!$B$5+AP!H6*AP!$B$8+AP!H9*AP!$B$11+AP!H12*AP!$B$14 -> 10.994339 | J23: =AP!I3*AP!$B$5+AP!I6*AP!$B$8+AP!I9*AP!$B$11+AP!I12*AP!$B$14 -> 12.988255 | K23: =AP!J3*AP!$B$5+AP!J6*AP!$B$8+AP!J9*AP!$B$11+AP!J12*AP!$B$14 -> 9.322921 | L23: =AP!K3*AP!$B$5+AP!K6*AP!$B$8+AP!K9*AP!$B$11+AP!K12*AP!$B$14 -> 11.367998 | M23: =AP!L3*AP!$B$5+AP!L6*AP!$B$8+AP!L9*AP!$B$11+AP!L12*AP!$B$14 -> 15.34789 | N23: =AP!M3*AP!$B$5+AP!M6*AP!$B$8+AP!M9*AP!$B$11+AP!M12*AP!$B$14 -> 10.08213 | ... X23: =AP!W3*AP!$B$5+AP!W6*AP!$B$8+AP!W9*AP!$B$11+AP!W12*AP!$B$14 -> 12.313443
D24: Luis Lippa | E24: =F24/(F23+F24+F25) -> 0.29659705 | F24: =IF(SUM(G24:X24)=0,1,SUM(G24:X24)) -> 109.79416 | G24: =AP!F4*AP!$B$5+AP!F7*AP!$B$8+AP!F10*AP!$B$11+AP!F13*AP!$B$14 -> 3.1332195 | H24: =AP!G4*AP!$B$5+AP!G7*AP!$B$8+AP!G10*AP!$B$11+AP!G13*AP!$B$14 -> 4.0469317 | I24: =AP!H4*AP!$B$5+AP!H7*AP!$B$8+AP!H10*AP!$B$11+AP!H13*AP!$B$14 -> 6.8944637 | J24: =AP!I4*AP!$B$5+AP!I7*AP!$B$8+AP!I10*AP!$B$11+AP!I13*AP!$B$14 -> 5.5700757 | K24: =AP!J4*AP!$B$5+AP!J7*AP!$B$8+AP!J10*AP!$B$11+AP!J13*AP!$B$14 -> 6.7827472 | L24: =AP!K4*AP!$B$5+AP!K7*AP!$B$8+AP!K10*AP!$B$11+AP!K13*AP!$B$14 -> 13.251056 | M24: =AP!L4*AP!$B$5+AP!L7*AP!$B$8+AP!L10*AP!$B$11+AP!L13*AP!$B$14 -> 8.0514769 | N24: =AP!M4*AP!$B$5+AP!M7*AP!$B$8+AP!M10*AP!$B$11+AP!M13*AP!$B$14 -> 5.01663 | ... X24: =AP!W4*AP!$B$5+AP!W7*AP!$B$8+AP!W10*AP!$B$11+AP!W13*AP!$B$14 -> 4.7755596
D25: Otro | E25: =F25/(F23+F24+F25) -> 0.20981385 | F25: =IF(SUM(G25:X25)=0,1,SUM(G25:X25)) -> 77.668796 | G25: =AP!F5*AP!$B$5+AP!F8*AP!$B$8+AP!F11*AP!$B$11+AP!F14*AP!$B$14 -> 3.5947288 | H25: =AP!G5*AP!$B$5+AP!G8*AP!$B$8+AP!G11*AP!$B$11+AP!G14*AP!$B$14 -> 1.8800165 | I25: =AP!H5*AP!$B$5+AP!H8*AP!$B$8+AP!H11*AP!$B$11+AP!H14*AP!$B$14 -> 5.2907644 | J25: =AP!I5*AP!$B$5+AP!I8*AP!$B$8+AP!I11*AP!$B$11+AP!I14*AP!$B$14 -> 5.0920084 | K25: =AP!J5*AP!$B$5+AP!J8*AP!$B$8+AP!J11*AP!$B$11+AP!J14*AP!$B$14 -> 4.6199775 | L25: =AP!K5*AP!$B$5+AP!K8*AP!$B$8+AP!K11*AP!$B$11+AP!K14*AP!$B$14 -> 3.6828715 | M25: =AP!L5*AP!$B$5+AP!L8*AP!$B$8+AP!L11*AP!$B$11+AP!L14*AP!$B$14 -> 3.7259375 | N25: =AP!M5*AP!$B$5+AP!M8*AP!$B$8+AP!M11*AP!$B$11+AP!M14*AP!$B$14 -> 3.1559338 | ... X25: =AP!W5*AP!$B$5+AP!W8*AP!$B$8+AP!W11*AP!$B$11+AP!W14*AP!$B$14 -> 5.4848671
C26: Recibidos | D26: Ramón Carrizález | E26: =F26/(F26+F27+F28) -> 0.50424448 | F26: =IF(SUM(G26:X26)=0,1,SUM(G26:X26)) -> 594 | G26: =SUMIF(AP!$C$3:$C$14,"PSUV",AP!F$3:F$14) -> 24 | H26: =SUMIF(AP!$C$3:$C$14,"PSUV",AP!G$3:G$14) -> 31 | I26: =SUMIF(AP!$C$3:$C$14,"PSUV",AP!H$3:H$14) -> 43 | J26: =SUMIF(AP!$C$3:$C$14,"PSUV",AP!I$3:I$14) -> 49 | K26: =SUMIF(AP!$C$3:$C$14,"PSUV",AP!J$3:J$14) -> 28 | L26: =SUMIF(AP!$C$3:$C$14,"PSUV",AP!K$3:K$14) -> 33 | M26: =SUMIF(AP!$C$3:$C$14,"PSUV",AP!L$3:L$14) -> 44 | N26: =SUMIF(AP!$C$3:$C$14,"PSUV",AP!M$3:M$14) -> 33 | ... X26: =SUMIF(AP!$C$3:$C$14,"PSUV",AP!W$3:W$14) -> 32
D27: Luis Lippa | E27: =F27/(F26+F27+F28) -> 0.30050934 | F27: =IF(SUM(G27:X27)=0,1,SUM(G27:X27)) -> 354 | G27: =SUMIF(AP!$C$3:$C$14,"MUD",AP!F$3:F$14) -> 8 | H27: =SUMIF(AP!$C$3:$C$14,"MUD",AP!G$3:G$14) -> 12 | I27: =SUMIF(AP!$C$3:$C$14,"MUD",AP!H$3:H$14) -> 29 | J27: =SUMIF(AP!$C$3:$C$14,"MUD",AP!I$3:I$14) -> 22 | K27: =SUMIF(AP!$C$3:$C$14,"MUD",AP!J$3:J$14) -> 23 | L27: =SUMIF(AP!$C$3:$C$14,"MUD",AP!K$3:K$14) -> 39 | M27: =SUMIF(AP!$C$3:$C$14,"MUD",AP!L$3:L$14) -> 23 | N27: =SUMIF(AP!$C$3:$C$14,"MUD",AP!M$3:M$14) -> 19 | ... X27: =SUMIF(AP!$C$3:$C$14,"MUD",AP!W$3:W$14) -> 11
D28: Otro | E28: =F28/(F26+F27+F28) -> 0.19524618 | F28: =IF(SUM(G28:X28)=0,1,SUM(G28:X28)) -> 230 | G28: =SUMIF(AP!$C$3:$C$14,"Otro",AP!F$3:F$14) -> 14 | H28: =SUMIF(AP!$C$3:$C$14,"Otro",AP!G$3:G$14) -> 5 | I28: =SUMIF(AP!$C$3:$C$14,"Otro",AP!H$3:H$14) -> 16 | J28: =SUMIF(AP!$C$3:$C$14,"Otro",AP!I$3:I$14) -> 13 | K28: =SUMIF(AP!$C$3:$C$14,"Otro",AP!J$3:J$14) -> 19 | L28: =SUMIF(AP!$C$3:$C$14,"Otro",AP!K$3:K$14) -> 13 | M28: =SUMIF(AP!$C$3:$C$14,"Otro",AP!L$3:L$14) -> 15 | N28: =SUMIF(AP!$C$3:$C$14,"Otro",AP!M$3:M$14) -> 9 | ... X28: =SUMIF(AP!$C$3:$C$14,"Otro",AP!W$3:W$14) -> 15
B29: ARAGUA | C29: Pesados acumulados | D29: Tareck El Aissami | G29: =IF(SUM(G32:G34)=0,1,G32) -> 6.3289008 | H29: =IF(SUM(H32:H34)=0,0,G29+H32) -> 12.587426 | I29: =IF(SUM(I32:I34)=0,0,H29+I32) -> 30.247629 | J29: =IF(SUM(J32:J34)=0,0,I29+J32) -> 45.971301 | K29: =IF(SUM(K32:K34)=0,0,J29+K32) -> 62.427247 | L29: =IF(SUM(L32:L34)=0,0,K29+L32) -> 80.984677 | M29: =IF(SUM(M32:M34)=0,0,L29+M32) -> 94.26559 | N29: =IF(SUM(N32:N34)=0,0,M29+N32) -> 108.27605 | O29: =IF(SUM(O32:O34)=0,0,N29+O32) -> 124.18523 | ... X29: =IF(SUM(X32:X34)=0,0,W29+X32) -> 261.43808
D30: Richard Mardo | G30: =IF(SUM(G32:G34)=0,1,G33) -> 3.7079006 | H30: =IF(SUM(H32:H34)=0,0,G30+H33) -> 8.7934222 | I30: =IF(SUM(I32:I34)=0,0,H30+I33) -> 25.769569 | J30: =IF(SUM(J32:J34)=0,0,I30+J33) -> 40.460367 | K30: =IF(SUM(K32:K34)=0,0,J30+K33) -> 57.324661 | L30: =IF(SUM(L32:L34)=0,0,K30+L33) -> 65.997272 | M30: =IF(SUM(M32:M34)=0,0,L30+M33) -> 81.707336 | N30: =IF(SUM(N32:N34)=0,0,M30+N33) -> 90.343974 | O30: =IF(SUM(O32:O34)=0,0,N30+O33) -> 106.30568 | ... X30: =IF(SUM(X32:X34)=0,0,W30+X33) -> 223.48308
D31: Otro | G31: =IF(SUM(G32:G34)=0,1,G34) -> 0.12162488 | H31: =IF(SUM(H32:H34)=0,0,G31+H34) -> 0.85588744 | I31: =IF(SUM(I32:I34)=0,0,H31+I34) -> 1.2520895 | J31: =IF(SUM(J32:J34)=0,0,I31+J34) -> 1.9527823 | K31: =IF(SUM(K32:K34)=0,0,J31+K34) -> 2.0744072 | L31: =IF(SUM(L32:L34)=0,0,K31+L34) -> 2.2162377 | M31: =IF(SUM(M32:M34)=0,0,L31+M34) -> 2.7974324 | N31: =IF(SUM(N32:N34)=0,0,M31+N34) -> 3.1686548 | O31: =IF(SUM(O32:O34)=0,0,N31+O34) -> 3.7501056 | ... X31: =IF(SUM(X32:X34)=0,0,W31+X34) -> 7.3545518
C32: Pesados | D32: Tareck El Aissami | E32: =F32/(F32+F33+F34) -> 0.5310806 | F32: =IF(SUM(G32:X32)=0,1,SUM(G32:X32)) -> 261.43808 | G32: =AR!F3*AR!$B$5+AR!F6*AR!$B$8+AR!F9*AR!$B$11+AR!F12*AR!$B$14+AR!F15*AR!$B$17+AR!F18*AR!$B$20+AR!F21*AR!$B$23+AR!F24*AR!$B$26+AR!F27*AR!$B$29+AR!F30*AR!$B$32+AR!F33*AR!$B$35+AR!F36*AR!$B$38 -> 6.3289008 | H32: =AR!G3*AR!$B$5+AR!G6*AR!$B$8+AR!G9*AR!$B$11+AR!G12*AR!$B$14+AR!G15*AR!$B$17+AR!G18*AR!$B$20+AR!G21*AR!$B$23+AR!G24*AR!$B$26+AR!G27*AR!$B$29+AR!G30*AR!$B$32+AR!G33*AR!$B$35+AR!G36*AR!$B$38 -> 6.2585251 | I32: =AR!H3*AR!$B$5+AR!H6*AR!$B$8+AR!H9*AR!$B$11+AR!H12*AR!$B$14+AR!H15*AR!$B$17+AR!H18*AR!$B$20+AR!H21*AR!$B$23+AR!H24*AR!$B$26+AR!H27*AR!$B$29+AR!H30*AR!$B$32+AR!H33*AR!$B$35+AR!H36*AR!$B$38 -> 17.660203 | J32: =AR!I3*AR!$B$5+AR!I6*AR!$B$8+AR!I9*AR!$B$11+AR!I12*AR!$B$14+AR!I15*AR!$B$17+AR!I18*AR!$B$20+AR!I21*AR!$B$23+AR!I24*AR!$B$26+AR!I27*AR!$B$29+AR!I30*AR!$B$32+AR!I33*AR!$B$35+AR!I36*AR!$B$38 -> 15.723672 | K32: =AR!J3*AR!$B$5+AR!J6*AR!$B$8+AR!J9*AR!$B$11+AR!J12*AR!$B$14+AR!J15*AR!$B$17+AR!J18*AR!$B$20+AR!J21*AR!$B$23+AR!J24*AR!$B$26+AR!J27*AR!$B$29+AR!J30*AR!$B$32+AR!J33*AR!$B$35+AR!J36*AR!$B$38 -> 16.455945 | L32: =AR!K3*AR!$B$5+AR!K6*AR!$B$8+AR!K9*AR!$B$11+AR!K12*AR!$B$14+AR!K15*AR!$B$17+AR!K18*AR!$B$20+AR!K21*AR!$B$23+AR!K24*AR!$B$26+AR!K27*AR!$B$29+AR!K30*AR!$B$32+AR!K33*AR!$B$35+AR!K36*AR!$B$38 -> 18.55743 | M32: =AR!L3*AR!$B$5+AR!L6*AR!$B$8+AR!L9*AR!$B$11+AR!L12*AR!$B$14+AR!L15*AR!$B$17+AR!L18*AR!$B$20+AR!L21*AR!$B$23+AR!L24*AR!$B$26+AR!L27*AR!$B$29+AR!L30*AR!$B$32+AR!L33*AR!$B$35+AR!L36*AR!$B$38 -> 13.280913 | N32: =AR!M3*AR!$B$5+AR!M6*AR!$B$8+AR!M9*AR!$B$11+AR!M12*AR!$B$14+AR!M15*AR!$B$17+AR!M18*AR!$B$20+AR!M21*AR!$B$23+AR!M24*AR!$B$26+AR!M27*AR!$B$29+AR!M30*AR!$B$32+AR!M33*AR!$B$35+AR!M36*AR!$B$38 -> 14.010457 | ... X32: =AR!W3*AR!$B$5+AR!W6*AR!$B$8+AR!W9*AR!$B$11+AR!W12*AR!$B$14+AR!W15*AR!$B$17+AR!W18*AR!$B$20+AR!W21*AR!$B$23+AR!W24*AR!$B$26+AR!W27*AR!$B$29+AR!W30*AR!$B$32+AR!W33*AR!$B$35+AR!W36*AR!$B$38 -> 13.134758
D33: Richard Mardo | E33: =F33/(F32+F33+F34) -> 0.4539795 | F33: =IF(SUM(G33:X33)=0,1,SUM(G33:X33)) -> 223.48308 | G33: =AR!F4*AR!$B$5+AR!F7*AR!$B$8+AR!F10*AR!$B$11+AR!F13*AR!$B$14+AR!F16*AR!$B$17+AR!F19*AR!$B$20+AR!F22*AR!$B$23+AR!F25*AR!$B$26+AR!F28*AR!$B$29+AR!F31*AR!$B$32+AR!F34*AR!$B$35+AR!F37*AR!$B$38 -> 3.7079006 | H33: =AR!G4*AR!$B$5+AR!G7*AR!$B$8+AR!G10*AR!$B$11+AR!G13*AR!$B$14+AR!G16*AR!$B$17+AR!G19*AR!$B$20+AR!G22*AR!$B$23+AR!G25*AR!$B$26+AR!G28*AR!$B$29+AR!G31*AR!$B$32+AR!G34*AR!$B$35+AR!G37*AR!$B$38 -> 5.0855216 | I33: =AR!H4*AR!$B$5+AR!H7*AR!$B$8+AR!H10*AR!$B$11+AR!H13*AR!$B$14+AR!H16*AR!$B$17+AR!H19*AR!$B$20+AR!H22*AR!$B$23+AR!H25*AR!$B$26+AR!H28*AR!$B$29+AR!H31*AR!$B$32+AR!H34*AR!$B$35+AR!H37*AR!$B$38 -> 16.976147 | J33: =AR!I4*AR!$B$5+AR!I7*AR!$B$8+AR!I10*AR!$B$11+AR!I13*AR!$B$14+AR!I16*AR!$B$17+AR!I19*AR!$B$20+AR!I22*AR!$B$23+AR!I25*AR!$B$26+AR!I28*AR!$B$29+AR!I31*AR!$B$32+AR!I34*AR!$B$35+AR!I37*AR!$B$38 -> 14.690798 | K33: =AR!J4*AR!$B$5+AR!J7*AR!$B$8+AR!J10*AR!$B$11+AR!J13*AR!$B$14+AR!J16*AR!$B$17+AR!J19*AR!$B$20+AR!J22*AR!$B$23+AR!J25*AR!$B$26+AR!J28*AR!$B$29+AR!J31*AR!$B$32+AR!J34*AR!$B$35+AR!J37*AR!$B$38 -> 16.864294 | L33: =AR!K4*AR!$B$5+AR!K7*AR!$B$8+AR!K10*AR!$B$11+AR!K13*AR!$B$14+AR!K16*AR!$B$17+AR!K19*AR!$B$20+AR!K22*AR!$B$23+AR!K25*AR!$B$26+AR!K28*AR!$B$29+AR!K31*AR!$B$32+AR!K34*AR!$B$35+AR!K37*AR!$B$38 -> 8.672611 | M33: =AR!L4*AR!$B$5+AR!L7*AR!$B$8+AR!L10*AR!$B$11+AR!L13*AR!$B$14+AR!L16*AR!$B$17+AR!L19*AR!$B$20+AR!L22*AR!$B$23+AR!L25*AR!$B$26+AR!L28*AR!$B$29+AR!L31*AR!$B$32+AR!L34*AR!$B$35+AR!L37*AR!$B$38 -> 15.710063 | N33: =AR!M4*AR!$B$5+AR!M7*AR!$B$8+AR!M10*AR!$B$11+AR!M13*AR!$B$14+AR!M16*AR!$B$17+AR!M19*AR!$B$20+AR!M22*AR!$B$23+AR!M25*AR!$B$26+AR!M28*AR!$B$29+AR!M31*AR!$B$32+AR!M34*AR!$B$35+AR!M37*AR!$B$38 -> 8.6366381 | ... X33: =AR!W4*AR!$B$5+AR!W7*AR!$B$8+AR!W10*AR!$B$11+AR!W13*AR!$B$14+AR!W16*AR!$B$17+AR!W19*AR!$B$20+AR!W22*AR!$B$23+AR!W25*AR!$B$26+AR!W28*AR!$B$29+AR!W31*AR!$B$32+AR!W34*AR!$B$35+AR!W37*AR!$B$38 -> 14.881135
D34: Otro | E34: =F34/(F32+F33+F34) -> 0.014939904 | F34: =IF(SUM(G34:X34)=0,1,SUM(G34:X34)) -> 7.3545518 | G34: =AR!F5*AR!$B$5+AR!F8*AR!$B$8+AR!F11*AR!$B$11+AR!F14*AR!$B$14+AR!F17*AR!$B$17+AR!F20*AR!$B$20+AR!F23*AR!$B$23+AR!F26*AR!$B$26+AR!F29*AR!$B$29+AR!F32*AR!$B$32+AR!F35*AR!$B$35+AR!F38*AR!$B$38 -> 0.12162488 | H34: =AR!G5*AR!$B$5+AR!G8*AR!$B$8+AR!G11*AR!$B$11+AR!G14*AR!$B$14+AR!G17*AR!$B$17+AR!G20*AR!$B$20+AR!G23*AR!$B$23+AR!G26*AR!$B$26+AR!G29*AR!$B$29+AR!G32*AR!$B$32+AR!G35*AR!$B$35+AR!G38*AR!$B$38 -> 0.73426255 | I34: =AR!H5*AR!$B$5+AR!H8*AR!$B$8+AR!H11*AR!$B$11+AR!H14*AR!$B$14+AR!H17*AR!$B$17+AR!H20*AR!$B$20+AR!H23*AR!$B$23+AR!H26*AR!$B$26+AR!H29*AR!$B$29+AR!H32*AR!$B$32+AR!H35*AR!$B$35+AR!H38*AR!$B$38 -> 0.39620206 | J34: =AR!I5*AR!$B$5+AR!I8*AR!$B$8+AR!I11*AR!$B$11+AR!I14*AR!$B$14+AR!I17*AR!$B$17+AR!I20*AR!$B$20+AR!I23*AR!$B$23+AR!I26*AR!$B$26+AR!I29*AR!$B$29+AR!I32*AR!$B$32+AR!I35*AR!$B$35+AR!I38*AR!$B$38 -> 0.70069285 | K34: =AR!J5*AR!$B$5+AR!J8*AR!$B$8+AR!J11*AR!$B$11+AR!J14*AR!$B$14+AR!J17*AR!$B$17+AR!J20*AR!$B$20+AR!J23*AR!$B$23+AR!J26*AR!$B$26+AR!J29*AR!$B$29+AR!J32*AR!$B$32+AR!J35*AR!$B$35+AR!J38*AR!$B$38 -> 0.12162488 | L34: =AR!K5*AR!$B$5+AR!K8*AR!$B$8+AR!K11*AR!$B$11+AR!K14*AR!$B$14+AR!K17*AR!$B$17+AR!K20*AR!$B$20+AR!K23*AR!$B$23+AR!K26*AR!$B$26+AR!K29*AR!$B$29+AR!K32*AR!$B$32+AR!K35*AR!$B$35+AR!K38*AR!$B$38 -> 0.14183051 | M34: =AR!L5*AR!$B$5+AR!L8*AR!$B$8+AR!L11*AR!$B$11+AR!L14*AR!$B$14+AR!L17*AR!$B$17+AR!L20*AR!$B$20+AR!L23*AR!$B$23+AR!L26*AR!$B$26+AR!L29*AR!$B$29+AR!L32*AR!$B$32+AR!L35*AR!$B$35+AR!L38*AR!$B$38 -> 0.58119468 | N34: =AR!M5*AR!$B$5+AR!M8*AR!$B$8+AR!M11*AR!$B$11+AR!M14*AR!$B$14+AR!M17*AR!$B$17+AR!M20*AR!$B$20+AR!M23*AR!$B$23+AR!M26*AR!$B$26+AR!M29*AR!$B$29+AR!M32*AR!$B$32+AR!M35*AR!$B$35+AR!M38*AR!$B$38 -> 0.37122243 | ... X34: =AR!W5*AR!$B$5+AR!W8*AR!$B$8+AR!W11*AR!$B$11+AR!W14*AR!$B$14+AR!W17*AR!$B$17+AR!W20*AR!$B$20+AR!W23*AR!$B$23+AR!W26*AR!$B$26+AR!W29*AR!$B$29+AR!W32*AR!$B$32+AR!W35*AR!$B$35+AR!W38*AR!$B$38 -> 0.64077316
C35: Recibidos | D35: Tareck El Aissami | E35: =F35/(F35+F36+F37) -> 0.56811102 | F35: =IF(SUM(G35:X35)=0,1,SUM(G35:X35)) -> 2006 | G35: =SUMIF(AR!$C$3:$C$29,"PSUV",AR!F$3:F$29) -> 68 | H35: =SUMIF(AR!$C$3:$C$29,"PSUV",AR!G$3:G$29) -> 88 | I35: =SUMIF(AR!$C$3:$C$29,"PSUV",AR!H$3:H$29) -> 148 | J35: =SUMIF(AR!$C$3:$C$29,"PSUV",AR!I$3:I$29) -> 121 | K35: =SUMIF(AR!$C$3:$C$29,"PSUV",AR!J$3:J$29) -> 153 | L35: =SUMIF(AR!$C$3:$C$29,"PSUV",AR!K$3:K$29) -> 148 | M35: =SUMIF(AR!$C$3:$C$29,"PSUV",AR!L$3:L$29) -> 99 | N35: =SUMIF(AR!$C$3:$C$29,"PSUV",AR!M$3:M$29) -> 118 | ... X35: =SUMIF(AR!$C$3:$C$29,"PSUV",AR!W$3:W$29) -> 85
D36: Richard Mardo | E36: =F36/(F35+F36+F37) -> 0.4134806 | F36: =IF(SUM(G36:X36)=0,1,SUM(G36:X36)) -> 1460 | G36: =SUMIF(AR!$C$3:$C$29,"MUD",AR!F$3:F$29) -> 52 | H36: =SUMIF(AR!$C$3:$C$29,"MUD",AR!G$3:G$29) -> 64 | I36: =SUMIF(AR!$C$3:$C$29,"MUD",AR!H$3:H$29) -> 119 | J36: =SUMIF(AR!$C$3:$C$29,"MUD",AR!I$3:I$29) -> 98 | K36: =SUMIF(AR!$C$3:$C$29,"MUD",AR!J$3:J$29) -> 103 | L36: =SUMIF(AR!$C$3:$C$29,"MUD",AR!K$3:K$29) -> 80 | M36: =SUMIF(AR!$C$3:$C$29,"MUD",AR!L$3:L$29) -> 117 | N36: =SUMIF(AR!$C$3:$C$29,"MUD",AR!M$3:M$29) -> 65 | ... X36: =SUMIF(AR!$C$3:$C$29,"MUD",AR!W$3:W$29) -> 77
D37: Otro | E37: =F37/(F35+F36+F37) -> 0.018408383 | F37: =IF(SUM(G37:X37)=0,1,SUM(G37:X37)) -> 65 | G37: =SUMIF(AR!$C$3:$C$29,"Otro",AR!F$3:F$29) -> 1 | H37: =SUMIF(AR!$C$3:$C$29,"Otro",AR!G$3:G$29) -> 16 | I37: =SUMIF(AR!$C$3:$C$29,"Otro",AR!H$3:H$29) -> 4 | J37: =SUMIF(AR!$C$3:$C$29,"Otro",AR!I$3:I$29) -> 4 | K37: =SUMIF(AR!$C$3:$C$29,"Otro",AR!J$3:J$29) -> 1 | L37: =SUMIF(AR!$C$3:$C$29,"Otro",AR!K$3:K$29) -> 1 | M37: =SUMIF(AR!$C$3:$C$29,"Otro",AR!L$3:L$29) -> 6 | N37: =SUMIF(AR!$C$3:$C$29,"Otro",AR!M$3:M$29) -> 2 | ... X37: =SUMIF(AR!$C$3:$C$29,"Otro",AR!W$3:W$29) -> 6
B38: BARINAS | C38: Pesados acumulados | D38: Adán Chávez | G38: =IF(SUM(G41:G43)=0,1,G41) -> 11.3861 | H38: =IF(SUM(H41:H43)=0,0,G38+H41) -> 30.050318 | I38: =IF(SUM(I41:I43)=0,0,H38+I41) -> 47.940817 | J38: =IF(SUM(J41:J43)=0,0,I38+J41) -> 72.676296 | K38: =IF(SUM(K41:K43)=0,0,J38+K41) -> 102.81386 | L38: =IF(SUM(L41:L43)=0,0,K38+L41) -> 128.69819 | M38: =IF(SUM(M41:M43)=0,0,L38+M41) -> 154.71845 | N38: =IF(SUM(N41:N43)=0,0,M38+N41) -> 171.63988 | O38: =IF(SUM(O41:O43)=0,0,N38+O41) -> 185.4259 | ... X38: =IF(SUM(X41:X43)=0,0,W38+X41) -> 115.76987
D39: Julio Cesar Reyes | G39: =IF(SUM(G41:G43)=0,1,G42) -> 19.320173 | H39: =IF(SUM(H41:H43)=0,0,G39+H42) -> 40.117903 | I39: =IF(SUM(I41:I43)=0,0,H39+I42) -> 68.751894 | J39: =IF(SUM(J41:J43)=0,0,I39+J42) -> 92.153505 | K39: =IF(SUM(K41:K43)=0,0,J39+K42) -> 122.0175 | L39: =IF(SUM(L41:L43)=0,0,K39+L42) -> 150.61328 | M39: =IF(SUM(M41:M43)=0,0,L39+M42) -> 181.63131 | N39: =IF(SUM(N41:N43)=0,0,M39+N42) -> 217.22858 | O39: =IF(SUM(O41:O43)=0,0,N39+O42) -> 251.6436 | ... X39: =IF(SUM(X41:X43)=0,0,W39+X42) -> 179.15775
D40: Otro | G40: =IF(SUM(G41:G43)=0,1,G43) -> 0 | H40: =IF(SUM(H41:H43)=0,0,G40+H43) -> 0.24429539 | I40: =IF(SUM(I41:I43)=0,0,H40+I43) -> 4.0371407 | J40: =IF(SUM(J41:J43)=0,0,I40+J43) -> 5.8258272 | K40: =IF(SUM(K41:K43)=0,0,J40+K43) -> 6.2302365 | L40: =IF(SUM(L41:L43)=0,0,K40+L43) -> 6.7194456 | M40: =IF(SUM(M41:M43)=0,0,L40+M43) -> 7.0763035 | N40: =IF(SUM(N41:N43)=0,0,M40+N43) -> 11.924791 | O40: =IF(SUM(O41:O43)=0,0,N40+O43) -> 12.591155 | ... X40: =IF(SUM(X41:X43)=0,0,W40+X43) -> 7.2462855
C41: Pesados | D41: Adán Chávez | E41: =F41/(F41+F42+F43) -> 0.40061443 | F41: =IF(SUM(G41:X41)=0,1,SUM(G41:X41)) -> 301.19577 | G41: =BA!F3*BA!$B$5+BA!F6*BA!$B$8+BA!F9*BA!$B$11+BA!F12*BA!$B$14+BA!F15*BA!$B$17+BA!F18*BA!$B$20+BA!F21*BA!$B$23 -> 11.3861 | H41: =BA!G3*BA!$B$5+BA!G6*BA!$B$8+BA!G9*BA!$B$11+BA!G12*BA!$B$14+BA!G15*BA!$B$17+BA!G18*BA!$B$20+BA!G21*BA!$B$23 -> 18.664218 | I41: =BA!H3*BA!$B$5+BA!H6*BA!$B$8+BA!H9*BA!$B$11+BA!H12*BA!$B$14+BA!H15*BA!$B$17+BA!H18*BA!$B$20+BA!H21*BA!$B$23 -> 17.890499 | J41: =BA!I3*BA!$B$5+BA!I6*BA!$B$8+BA!I9*BA!$B$11+BA!I12*BA!$B$14+BA!I15*BA!$B$17+BA!I18*BA!$B$20+BA!I21*BA!$B$23 -> 24.735479 | K41: =BA!J3*BA!$B$5+BA!J6*BA!$B$8+BA!J9*BA!$B$11+BA!J12*BA!$B$14+BA!J15*BA!$B$17+BA!J18*BA!$B$20+BA!J21*BA!$B$23 -> 30.137568 | L41: =BA!K3*BA!$B$5+BA!K6*BA!$B$8+BA!K9*BA!$B$11+BA!K12*BA!$B$14+BA!K15*BA!$B$17+BA!K18*BA!$B$20+BA!K21*BA!$B$23 -> 25.884325 | M41: =BA!L3*BA!$B$5+BA!L6*BA!$B$8+BA!L9*BA!$B$11+BA!L12*BA!$B$14+BA!L15*BA!$B$17+BA!L18*BA!$B$20+BA!L21*BA!$B$23 -> 26.020263 | N41: =BA!M3*BA!$B$5+BA!M6*BA!$B$8+BA!M9*BA!$B$11+BA!M12*BA!$B$14+BA!M15*BA!$B$17+BA!M18*BA!$B$20+BA!M21*BA!$B$23 -> 16.921425 | ... X41: =BA!W3*BA!$B$5+BA!W6*BA!$B$8+BA!W9*BA!$B$11+BA!W12*BA!$B$14+BA!W15*BA!$B$17+BA!W18*BA!$B$20+BA!W21*BA!$B$23 -> 10.384499
D42: Julio Cesar Reyes | E42: =F42/(F41+F42+F43) -> 0.5730002 | F42: =IF(SUM(G42:X42)=0,1,SUM(G42:X42)) -> 430.80135 | G42: =BA!F4*BA!$B$5+BA!F7*BA!$B$8+BA!F10*BA!$B$11+BA!F13*BA!$B$14+BA!F16*BA!$B$17+BA!F19*BA!$B$20+BA!F22*BA!$B$23 -> 19.320173 | H42: =BA!G4*BA!$B$5+BA!G7*BA!$B$8+BA!G10*BA!$B$11+BA!G13*BA!$B$14+BA!G16*BA!$B$17+BA!G19*BA!$B$20+BA!G22*BA!$B$23 -> 20.79773 | I42: =BA!H4*BA!$B$5+BA!H7*BA!$B$8+BA!H10*BA!$B$11+BA!H13*BA!$B$14+BA!H16*BA!$B$17+BA!H19*BA!$B$20+BA!H22*BA!$B$23 -> 28.633991 | J42: =BA!I4*BA!$B$5+BA!I7*BA!$B$8+BA!I10*BA!$B$11+BA!I13*BA!$B$14+BA!I16*BA!$B$17+BA!I19*BA!$B$20+BA!I22*BA!$B$23 -> 23.401611 | K42: =BA!J4*BA!$B$5+BA!J7*BA!$B$8+BA!J10*BA!$B$11+BA!J13*BA!$B$14+BA!J16*BA!$B$17+BA!J19*BA!$B$20+BA!J22*BA!$B$23 -> 29.863994 | L42: =BA!K4*BA!$B$5+BA!K7*BA!$B$8+BA!K10*BA!$B$11+BA!K13*BA!$B$14+BA!K16*BA!$B$17+BA!K19*BA!$B$20+BA!K22*BA!$B$23 -> 28.595785 | M42: =BA!L4*BA!$B$5+BA!L7*BA!$B$8+BA!L10*BA!$B$11+BA!L13*BA!$B$14+BA!L16*BA!$B$17+BA!L19*BA!$B$20+BA!L22*BA!$B$23 -> 31.018025 | N42: =BA!M4*BA!$B$5+BA!M7*BA!$B$8+BA!M10*BA!$B$11+BA!M13*BA!$B$14+BA!M16*BA!$B$17+BA!M19*BA!$B$20+BA!M22*BA!$B$23 -> 35.597267 | ... X42: =BA!W4*BA!$B$5+BA!W7*BA!$B$8+BA!W10*BA!$B$11+BA!W13*BA!$B$14+BA!W16*BA!$B$17+BA!W19*BA!$B$20+BA!W22*BA!$B$23 -> 16.652179
D43: Otro | E43: =F43/(F41+F42+F43) -> 0.02638538 | F43: =IF(SUM(G43:X43)=0,1,SUM(G43:X43)) -> 19.83744 | G43: =BA!F5*BA!$B$5+BA!F8*BA!$B$8+BA!F11*BA!$B$11+BA!F14*BA!$B$14+BA!F17*BA!$B$17+BA!F20*BA!$B$20+BA!F23*BA!$B$23 -> 0 | H43: =BA!G5*BA!$B$5+BA!G8*BA!$B$8+BA!G11*BA!$B$11+BA!G14*BA!$B$14+BA!G17*BA!$B$17+BA!G20*BA!$B$20+BA!G23*BA!$B$23 -> 0.24429539 | I43: =BA!H5*BA!$B$5+BA!H8*BA!$B$8+BA!H11*BA!$B$11+BA!H14*BA!$B$14+BA!H17*BA!$B$17+BA!H20*BA!$B$20+BA!H23*BA!$B$23 -> 3.7928453 | J43: =BA!I5*BA!$B$5+BA!I8*BA!$B$8+BA!I11*BA!$B$11+BA!I14*BA!$B$14+BA!I17*BA!$B$17+BA!I20*BA!$B$20+BA!I23*BA!$B$23 -> 1.7886865 | K43: =BA!J5*BA!$B$5+BA!J8*BA!$B$8+BA!J11*BA!$B$11+BA!J14*BA!$B$14+BA!J17*BA!$B$17+BA!J20*BA!$B$20+BA!J23*BA!$B$23 -> 0.40440934 | L43: =BA!K5*BA!$B$5+BA!K8*BA!$B$8+BA!K11*BA!$B$11+BA!K14*BA!$B$14+BA!K17*BA!$B$17+BA!K20*BA!$B$20+BA!K23*BA!$B$23 -> 0.48920909 | M43: =BA!L5*BA!$B$5+BA!L8*BA!$B$8+BA!L11*BA!$B$11+BA!L14*BA!$B$14+BA!L17*BA!$B$17+BA!L20*BA!$B$20+BA!L23*BA!$B$23 -> 0.3568579 | N43: =BA!M5*BA!$B$5+BA!M8*BA!$B$8+BA!M11*BA!$B$11+BA!M14*BA!$B$14+BA!M17*BA!$B$17+BA!M20*BA!$B$20+BA!M23*BA!$B$23 -> 4.8484876 | ... X43: =BA!W5*BA!$B$5+BA!W8*BA!$B$8+BA!W11*BA!$B$11+BA!W14*BA!$B$14+BA!W17*BA!$B$17+BA!W20*BA!$B$20+BA!W23*BA!$B$23 -> 2.6187274
C44: Recibidos | D44: Adán Chávez | E44: =F44/(F44+F45+F46) -> 0.47692308 | F44: =IF(SUM(G44:X44)=0,1,SUM(G44:X44)) -> 1488 | G44: =SUMIF(BA!$C$3:$C$23,"PSUV",BA!F$3:F$23) -> 80 | H44: =SUMIF(BA!$C$3:$C$23,"PSUV",BA!G$3:G$23) -> 84 | I44: =SUMIF(BA!$C$3:$C$23,"PSUV",BA!H$3:H$23) -> 89 | J44: =SUMIF(BA!$C$3:$C$23,"PSUV",BA!I$3:I$23) -> 98 | K44: =SUMIF(BA!$C$3:$C$23,"PSUV",BA!J$3:J$23) -> 125 | L44: =SUMIF(BA!$C$3:$C$23,"PSUV",BA!K$3:K$23) -> 128 | M44: =SUMIF(BA!$C$3:$C$23,"PSUV",BA!L$3:L$23) -> 119 | N44: =SUMIF(BA!$C$3:$C$23,"PSUV",BA!M$3:M$23) -> 90 | ... X44: =SUMIF(BA!$C$3:$C$23,"PSUV",BA!W$3:W$23) -> 71
D45: Julio Cesar Reyes | E45: =F45/(F44+F45+F46) -> 0.49102564 | F45: =IF(SUM(G45:X45)=0,1,SUM(G45:X45)) -> 1532 | G45: =SUMIF(BA!$C$3:$C$23,"MUD",BA!F$3:F$23) -> 81 | H45: =SUMIF(BA!$C$3:$C$23,"MUD",BA!G$3:G$23) -> 105 | I45: =SUMIF(BA!$C$3:$C$23,"MUD",BA!H$3:H$23) -> 88 | J45: =SUMIF(BA!$C$3:$C$23,"MUD",BA!I$3:I$23) -> 86 | K45: =SUMIF(BA!$C$3:$C$23,"MUD",BA!J$3:J$23) -> 112 | L45: =SUMIF(BA!$C$3:$C$23,"MUD",BA!K$3:K$23) -> 89 | M45: =SUMIF(BA!$C$3:$C$23,"MUD",BA!L$3:L$23) -> 96 | N45: =SUMIF(BA!$C$3:$C$23,"MUD",BA!M$3:M$23) -> 120 | ... X45: =SUMIF(BA!$C$3:$C$23,"MUD",BA!W$3:W$23) -> 84
D46: Otro | E46: =F46/(F44+F45+F46) -> 0.032051282 | F46: =IF(SUM(G46:X46)=0,1,SUM(G46:X46)) -> 100 | G46: =SUMIF(BA!$C$3:$C$23,"Otro",BA!F$3:F$23) -> 0 | H46: =SUMIF(BA!$C$3:$C$23,"Otro",BA!G$3:G$23) -> 3 | I46: =SUMIF(BA!$C$3:$C$23,"Otro",BA!H$3:H$23) -> 16 | J46: =SUMIF(BA!$C$3:$C$23,"Otro",BA!I$3:I$23) -> 7 | K46: =SUMIF(BA!$C$3:$C$23,"Otro",BA!J$3:J$23) -> 5 | L46: =SUMIF(BA!$C$3:$C$23,"Otro",BA!K$3:K$23) -> 5 | M46: =SUMIF(BA!$C$3:$C$23,"Otro",BA!L$3:L$23) -> 4 | N46: =SUMIF(BA!$C$3:$C$23,"Otro",BA!M$3:M$23) -> 17 | ... X46: =SUMIF(BA!$C$3:$C$23,"Otro",BA!W$3:W$23) -> 12
B47: BOLIVAR | C47: Pesados acumulados | D47: Francisco Rangel Gómez | G47: =IF(SUM(G50:G52)=0,1,G50) -> 24.831266 | H47: =IF(SUM(H50:H52)=0,0,G47+H50) -> 91.68518 | I47: =IF(SUM(I50:I52)=0,0,H47+I50) -> 163.53584 | J47: =IF(SUM(J50:J52)=0,0,I47+J50) -> 232.99397 | K47: =IF(SUM(K50:K52)=0,0,J47+K50) -> 290.59917 | L47: =IF(SUM(L50:L52)=0,0,K47+L50) -> 342.78542 | M47: =IF(SUM(M50:M52)=0,0,L47+M50) -> 402.48816 | N47: =IF(SUM(N50:N52)=0,0,M47+N50) -> 459.46901 | O47: =IF(SUM(O50:O52)=0,0,N47+O50) -> 507.16075 | ... X47: =IF(SUM(X50:X52)=0,0,W47+X50) -> 959.94717
D48: Andrés Velásquez | G48: =IF(SUM(G50:G52)=0,1,G51) -> 32.620697 | H48: =IF(SUM(H50:H52)=0,0,G48+H51) -> 101.49193 | I48: =IF(SUM(I50:I52)=0,0,H48+I51) -> 174.56045 | J48: =IF(SUM(J50:J52)=0,0,I48+J51) -> 233.80621 | K48: =IF(SUM(K50:K52)=0,0,J48+K51) -> 292.92812 | L48: =IF(SUM(L50:L52)=0,0,K48+L51) -> 361.59591 | M48: =IF(SUM(M50:M52)=0,0,L48+M51) -> 422.58165 | N48: =IF(SUM(N50:N52)=0,0,M48+N51) -> 483.62271 | O48: =IF(SUM(O50:O52)=0,0,N48+O51) -> 543.67393 | ... X48: =IF(SUM(X50:X52)=0,0,W48+X51) -> 1019.5234
D49: Otro | G49: =IF(SUM(G50:G52)=0,1,G52) -> 7.694916 | H49: =IF(SUM(H50:H52)=0,0,G49+H52) -> 33.160921 | I49: =IF(SUM(I50:I52)=0,0,H49+I52) -> 54.987129 | J49: =IF(SUM(J50:J52)=0,0,I49+J52) -> 76.51431 | K49: =IF(SUM(K50:K52)=0,0,J49+K52) -> 97.542907 | L49: =IF(SUM(L50:L52)=0,0,K49+L52) -> 124.30677 | M49: =IF(SUM(M50:M52)=0,0,L49+M52) -> 149.8404 | N49: =IF(SUM(N50:N52)=0,0,M49+N52) -> 177.77087 | O49: =IF(SUM(O50:O52)=0,0,N49+O52) -> 199.51458 | ... X49: =IF(SUM(X50:X52)=0,0,W49+X52) -> 473.59151
C50: Pesados | D50: Francisco Rangel Gómez | E50: =F50/(F50+F51+F52) -> 0.39132608 | F50: =IF(SUM(G50:X50)=0,1,SUM(G50:X50)) -> 959.94717 | G50: =BO!F3*BO!$B$5+BO!F6*BO!$B$8+BO!F9*BO!$B$11+BO!F12*BO!$B$14+BO!F15*BO!$B$17+BO!F18*BO!$B$20 -> 24.831266 | H50: =BO!G3*BO!$B$5+BO!G6*BO!$B$8+BO!G9*BO!$B$11+BO!G12*BO!$B$14+BO!G15*BO!$B$17+BO!G18*BO!$B$20 -> 66.853915 | I50: =BO!H3*BO!$B$5+BO!H6*BO!$B$8+BO!H9*BO!$B$11+BO!H12*BO!$B$14+BO!H15*BO!$B$17+BO!H18*BO!$B$20 -> 71.850664 | J50: =BO!I3*BO!$B$5+BO!I6*BO!$B$8+BO!I9*BO!$B$11+BO!I12*BO!$B$14+BO!I15*BO!$B$17+BO!I18*BO!$B$20 -> 69.458124 | K50: =BO!J3*BO!$B$5+BO!J6*BO!$B$8+BO!J9*BO!$B$11+BO!J12*BO!$B$14+BO!J15*BO!$B$17+BO!J18*BO!$B$20 -> 57.605199 | L50: =BO!K3*BO!$B$5+BO!K6*BO!$B$8+BO!K9*BO!$B$11+BO!K12*BO!$B$14+BO!K15*BO!$B$17+BO!K18*BO!$B$20 -> 52.186255 | M50: =BO!L3*BO!$B$5+BO!L6*BO!$B$8+BO!L9*BO!$B$11+BO!L12*BO!$B$14+BO!L15*BO!$B$17+BO!L18*BO!$B$20 -> 59.702735 | N50: =BO!M3*BO!$B$5+BO!M6*BO!$B$8+BO!M9*BO!$B$11+BO!M12*BO!$B$14+BO!M15*BO!$B$17+BO!M18*BO!$B$20 -> 56.98085 | ... X50: =BO!W3*BO!$B$5+BO!W6*BO!$B$8+BO!W9*BO!$B$11+BO!W12*BO!$B$14+BO!W15*BO!$B$17+BO!W18*BO!$B$20 -> 38.394342
D51: Andrés Velásquez | E51: =F51/(F50+F51+F52) -> 0.41561256 | F51: =IF(SUM(G51:X51)=0,1,SUM(G51:X51)) -> 1019.5234 | G51: =BO!F4*BO!$B$5+BO!F7*BO!$B$8+BO!F10*BO!$B$11+BO!F13*BO!$B$14+BO!F16*BO!$B$17+BO!F19*BO!$B$20 -> 32.620697 | H51: =BO!G4*BO!$B$5+BO!G7*BO!$B$8+BO!G10*BO!$B$11+BO!G13*BO!$B$14+BO!G16*BO!$B$17+BO!G19*BO!$B$20 -> 68.871228 | I51: =BO!H4*BO!$B$5+BO!H7*BO!$B$8+BO!H10*BO!$B$11+BO!H13*BO!$B$14+BO!H16*BO!$B$17+BO!H19*BO!$B$20 -> 73.068521 | J51: =BO!I4*BO!$B$5+BO!I7*BO!$B$8+BO!I10*BO!$B$11+BO!I13*BO!$B$14+BO!I16*BO!$B$17+BO!I19*BO!$B$20 -> 59.245767 | K51: =BO!J4*BO!$B$5+BO!J7*BO!$B$8+BO!J10*BO!$B$11+BO!J13*BO!$B$14+BO!J16*BO!$B$17+BO!J19*BO!$B$20 -> 59.121904 | L51: =BO!K4*BO!$B$5+BO!K7*BO!$B$8+BO!K10*BO!$B$11+BO!K13*BO!$B$14+BO!K16*BO!$B$17+BO!K19*BO!$B$20 -> 68.667788 | M51: =BO!L4*BO!$B$5+BO!L7*BO!$B$8+BO!L10*BO!$B$11+BO!L13*BO!$B$14+BO!L16*BO!$B$17+BO!L19*BO!$B$20 -> 60.985745 | N51: =BO!M4*BO!$B$5+BO!M7*BO!$B$8+BO!M10*BO!$B$11+BO!M13*BO!$B$14+BO!M16*BO!$B$17+BO!M19*BO!$B$20 -> 61.041055 | ... X51: =BO!W4*BO!$B$5+BO!W7*BO!$B$8+BO!W10*BO!$B$11+BO!W13*BO!$B$14+BO!W16*BO!$B$17+BO!W19*BO!$B$20 -> 47.266242
D52: Otro | E52: =F52/(F50+F51+F52) -> 0.19306136 | F52: =IF(SUM(G52:X52)=0,1,SUM(G52:X52)) -> 473.59151 | G52: =BO!F5*BO!$B$5+BO!F8*BO!$B$8+BO!F11*BO!$B$11+BO!F14*BO!$B$14+BO!F17*BO!$B$17+BO!F20*BO!$B$20 -> 7.694916 | H52: =BO!G5*BO!$B$5+BO!G8*BO!$B$8+BO!G11*BO!$B$11+BO!G14*BO!$B$14+BO!G17*BO!$B$17+BO!G20*BO!$B$20 -> 25.466005 | I52: =BO!H5*BO!$B$5+BO!H8*BO!$B$8+BO!H11*BO!$B$11+BO!H14*BO!$B$14+BO!H17*BO!$B$17+BO!H20*BO!$B$20 -> 21.826208 | J52: =BO!I5*BO!$B$5+BO!I8*BO!$B$8+BO!I11*BO!$B$11+BO!I14*BO!$B$14+BO!I17*BO!$B$17+BO!I20*BO!$B$20 -> 21.527181 | K52: =BO!J5*BO!$B$5+BO!J8*BO!$B$8+BO!J11*BO!$B$11+BO!J14*BO!$B$14+BO!J17*BO!$B$17+BO!J20*BO!$B$20 -> 21.028597 | L52: =BO!K5*BO!$B$5+BO!K8*BO!$B$8+BO!K11*BO!$B$11+BO!K14*BO!$B$14+BO!K17*BO!$B$17+BO!K20*BO!$B$20 -> 26.763858 | M52: =BO!L5*BO!$B$5+BO!L8*BO!$B$8+BO!L11*BO!$B$11+BO!L14*BO!$B$14+BO!L17*BO!$B$17+BO!L20*BO!$B$20 -> 25.533639 | N52: =BO!M5*BO!$B$5+BO!M8*BO!$B$8+BO!M11*BO!$B$11+BO!M14*BO!$B$14+BO!M17*BO!$B$17+BO!M20*BO!$B$20 -> 27.930468 | ... X52: =BO!W5*BO!$B$5+BO!W8*BO!$B$8+BO!W11*BO!$B$11+BO!W14*BO!$B$14+BO!W17*BO!$B$17+BO!W20*BO!$B$20 -> 32.190949
C53: Recibidos | D53: Francisco Rangel Gómez | E53: =F53/(F53+F54+F55) -> 0.41290218 | F53: =IF(SUM(G53:X53)=0,1,SUM(G53:X53)) -> 2541 | G53: =SUMIF(BO!$C$3:$C$20,"PSUV",BO!F$3:F$20) -> 98 | H53: =SUMIF(BO!$C$3:$C$20,"PSUV",BO!G$3:G$20) -> 201 | I53: =SUMIF(BO!$C$3:$C$20,"PSUV",BO!H$3:H$20) -> 209 | J53: =SUMIF(BO!$C$3:$C$20,"PSUV",BO!I$3:I$20) -> 181 | K53: =SUMIF(BO!$C$3:$C$20,"PSUV",BO!J$3:J$20) -> 165 | L53: =SUMIF(BO!$C$3:$C$20,"PSUV",BO!K$3:K$20) -> 155 | M53: =SUMIF(BO!$C$3:$C$20,"PSUV",BO!L$3:L$20) -> 162 | N53: =SUMIF(BO!$C$3:$C$20,"PSUV",BO!M$3:M$20) -> 152 | ... X53: =SUMIF(BO!$C$3:$C$20,"PSUV",BO!W$3:W$20) -> 96
D54: Andrés Velásquez | E54: =F54/(F53+F54+F55) -> 0.42622684 | F54: =IF(SUM(G54:X54)=0,1,SUM(G54:X54)) -> 2623 | G54: =SUMIF(BO!$C$3:$C$20,"MUD",BO!F$3:F$20) -> 96 | H54: =SUMIF(BO!$C$3:$C$20,"MUD",BO!G$3:G$20) -> 177 | I54: =SUMIF(BO!$C$3:$C$20,"MUD",BO!H$3:H$20) -> 184 | J54: =SUMIF(BO!$C$3:$C$20,"MUD",BO!I$3:I$20) -> 173 | K54: =SUMIF(BO!$C$3:$C$20,"MUD",BO!J$3:J$20) -> 147 | L54: =SUMIF(BO!$C$3:$C$20,"MUD",BO!K$3:K$20) -> 170 | M54: =SUMIF(BO!$C$3:$C$20,"MUD",BO!L$3:L$20) -> 163 | N54: =SUMIF(BO!$C$3:$C$20,"MUD",BO!M$3:M$20) -> 157 | ... X54: =SUMIF(BO!$C$3:$C$20,"MUD",BO!W$3:W$20) -> 118
D55: Otro | E55: =F55/(F53+F54+F55) -> 0.16087098 | F55: =IF(SUM(G55:X55)=0,1,SUM(G55:X55)) -> 990 | G55: =SUMIF(BO!$C$3:$C$20,"Otro",BO!F$3:F$20) -> 17 | H55: =SUMIF(BO!$C$3:$C$20,"Otro",BO!G$3:G$20) -> 54 | I55: =SUMIF(BO!$C$3:$C$20,"Otro",BO!H$3:H$20) -> 50 | J55: =SUMIF(BO!$C$3:$C$20,"Otro",BO!I$3:I$20) -> 51 | K55: =SUMIF(BO!$C$3:$C$20,"Otro",BO!J$3:J$20) -> 47 | L55: =SUMIF(BO!$C$3:$C$20,"Otro",BO!K$3:K$20) -> 56 | M55: =SUMIF(BO!$C$3:$C$20,"Otro",BO!L$3:L$20) -> 56 | N55: =SUMIF(BO!$C$3:$C$20,"Otro",BO!M$3:M$20) -> 58 | ... X55: =SUMIF(BO!$C$3:$C$20,"Otro",BO!W$3:W$20) -> 61
B56: CARABOBO | C56: Pesados acumulados | D56: Francisco Ameliach | G56: =IF(SUM(G59:G61)=0,1,G59) -> 44.766371 | H56: =IF(SUM(H59:H61)=0,0,G56+H59) -> 78.090512 | I56: =IF(SUM(I59:I61)=0,0,H56+I59) -> 137.34747 | J56: =IF(SUM(J59:J61)=0,0,I56+J59) -> 204.80102 | K56: =IF(SUM(K59:K61)=0,0,J56+K59) -> 271.72141 | L56: =IF(SUM(L59:L61)=0,0,K56+L59) -> 349.89263 | M56: =IF(SUM(M59:M61)=0,0,L56+M59) -> 416.05455 | N56: =IF(SUM(N59:N61)=0,0,M56+N59) -> 472.52604 | O56: =IF(SUM(O59:O61)=0,0,N56+O59) -> 533.78994 | ... X56: =IF(SUM(X59:X61)=0,0,W56+X59) -> 994.27033
D57: Henrique Salas Feo | G57: =IF(SUM(G59:G61)=0,1,G60) -> 28.808315 | H57: =IF(SUM(H59:H61)=0,0,G57+H60) -> 60.335969 | I57: =IF(SUM(I59:I61)=0,0,H57+I60) -> 103.2368 | J57: =IF(SUM(J59:J61)=0,0,I57+J60) -> 152.46666 | K57: =IF(SUM(K59:K61)=0,0,J57+K60) -> 192.30571 | L57: =IF(SUM(L59:L61)=0,0,K57+L60) -> 239.6728 | M57: =IF(SUM(M59:M61)=0,0,L57+M60) -> 294.48573 | N57: =IF(SUM(N59:N61)=0,0,M57+N60) -> 348.56029 | O57: =IF(SUM(O59:O61)=0,0,N57+O60) -> 395.16472 | ... X57: =IF(SUM(X59:X61)=0,0,W57+X60) -> 784.89628
D58: Otro | G58: =IF(SUM(G59:G61)=0,1,G61) -> 4.0815674 | H58: =IF(SUM(H59:H61)=0,0,G58+H61) -> 7.6232087 | I58: =IF(SUM(I59:I61)=0,0,H58+I61) -> 14.161727 | J58: =IF(SUM(J59:J61)=0,0,I58+J61) -> 24.712702 | K58: =IF(SUM(K59:K61)=0,0,J58+K61) -> 26.952801 | L58: =IF(SUM(L59:L61)=0,0,K58+L61) -> 32.733977 | M58: =IF(SUM(M59:M61)=0,0,L58+M61) -> 36.803593 | N58: =IF(SUM(N59:N61)=0,0,M58+N61) -> 40.38355 | O58: =IF(SUM(O59:O61)=0,0,N58+O61) -> 44.388597 | ... X58: =IF(SUM(X59:X61)=0,0,W58+X61) -> 80.147228
C59: Pesados | D59: Francisco Ameliach | E59: =F59/(F59+F60+F61) -> 0.53475121 | F59: =IF(SUM(G59:X59)=0,1,SUM(G59:X59)) -> 994.27033 | G59: =CA!F3*CA!$B$5+CA!F6*CA!$B$8+CA!F9*CA!$B$11+CA!F12*CA!$B$14+CA!F15*CA!$B$17+CA!F18*CA!$B$20+CA!F21*CA!$B$23+CA!F24*CA!$B$26+CA!F27*CA!$B$29+CA!F30*CA!$B$32+CA!F33*CA!$B$35+CA!F36*CA!$B$38 -> 44.766371 | H59: =CA!G3*CA!$B$5+CA!G6*CA!$B$8+CA!G9*CA!$B$11+CA!G12*CA!$B$14+CA!G15*CA!$B$17+CA!G18*CA!$B$20+CA!G21*CA!$B$23+CA!G24*CA!$B$26+CA!G27*CA!$B$29+CA!G30*CA!$B$32+CA!G33*CA!$B$35+CA!G36*CA!$B$38 -> 33.324141 | I59: =CA!H3*CA!$B$5+CA!H6*CA!$B$8+CA!H9*CA!$B$11+CA!H12*CA!$B$14+CA!H15*CA!$B$17+CA!H18*CA!$B$20+CA!H21*CA!$B$23+CA!H24*CA!$B$26+CA!H27*CA!$B$29+CA!H30*CA!$B$32+CA!H33*CA!$B$35+CA!H36*CA!$B$38 -> 59.256958 | J59: =CA!I3*CA!$B$5+CA!I6*CA!$B$8+CA!I9*CA!$B$11+CA!I12*CA!$B$14+CA!I15*CA!$B$17+CA!I18*CA!$B$20+CA!I21*CA!$B$23+CA!I24*CA!$B$26+CA!I27*CA!$B$29+CA!I30*CA!$B$32+CA!I33*CA!$B$35+CA!I36*CA!$B$38 -> 67.453552 | K59: =CA!J3*CA!$B$5+CA!J6*CA!$B$8+CA!J9*CA!$B$11+CA!J12*CA!$B$14+CA!J15*CA!$B$17+CA!J18*CA!$B$20+CA!J21*CA!$B$23+CA!J24*CA!$B$26+CA!J27*CA!$B$29+CA!J30*CA!$B$32+CA!J33*CA!$B$35+CA!J36*CA!$B$38 -> 66.920392 | L59: =CA!K3*CA!$B$5+CA!K6*CA!$B$8+CA!K9*CA!$B$11+CA!K12*CA!$B$14+CA!K15*CA!$B$17+CA!K18*CA!$B$20+CA!K21*CA!$B$23+CA!K24*CA!$B$26+CA!K27*CA!$B$29+CA!K30*CA!$B$32+CA!K33*CA!$B$35+CA!K36*CA!$B$38 -> 78.171216 | M59: =CA!L3*CA!$B$5+CA!L6*CA!$B$8+CA!L9*CA!$B$11+CA!L12*CA!$B$14+CA!L15*CA!$B$17+CA!L18*CA!$B$20+CA!L21*CA!$B$23+CA!L24*CA!$B$26+CA!L27*CA!$B$29+CA!L30*CA!$B$32+CA!L33*CA!$B$35+CA!L36*CA!$B$38 -> 66.161918 | N59: =CA!M3*CA!$B$5+CA!M6*CA!$B$8+CA!M9*CA!$B$11+CA!M12*CA!$B$14+CA!M15*CA!$B$17+CA!M18*CA!$B$20+CA!M21*CA!$B$23+CA!M24*CA!$B$26+CA!M27*CA!$B$29+CA!M30*CA!$B$32+CA!M33*CA!$B$35+CA!M36*CA!$B$38 -> 56.471497 | ... X59: =CA!W3*CA!$B$5+CA!W6*CA!$B$8+CA!W9*CA!$B$11+CA!W12*CA!$B$14+CA!W15*CA!$B$17+CA!W18*CA!$B$20+CA!W21*CA!$B$23+CA!W24*CA!$B$26+CA!W27*CA!$B$29+CA!W30*CA!$B$32+CA!W33*CA!$B$35+CA!W36*CA!$B$38 -> 36.705078
D60: Henrique Salas Feo | E60: =F60/(F59+F60+F61) -> 0.42214298 | F60: =IF(SUM(G60:X60)=0,1,SUM(G60:X60)) -> 784.89628 | G60: =CA!F4*CA!$B$5+CA!F7*CA!$B$8+CA!F10*CA!$B$11+CA!F13*CA!$B$14+CA!F16*CA!$B$17+CA!F19*CA!$B$20+CA!F22*CA!$B$23+CA!F25*CA!$B$26+CA!F28*CA!$B$29+CA!F31*CA!$B$32+CA!F34*CA!$B$35+CA!F37*CA!$B$38 -> 28.808315 | H60: =CA!G4*CA!$B$5+CA!G7*CA!$B$8+CA!G10*CA!$B$11+CA!G13*CA!$B$14+CA!G16*CA!$B$17+CA!G19*CA!$B$20+CA!G22*CA!$B$23+CA!G25*CA!$B$26+CA!G28*CA!$B$29+CA!G31*CA!$B$32+CA!G34*CA!$B$35+CA!G37*CA!$B$38 -> 31.527654 | I60: =CA!H4*CA!$B$5+CA!H7*CA!$B$8+CA!H10*CA!$B$11+CA!H13*CA!$B$14+CA!H16*CA!$B$17+CA!H19*CA!$B$20+CA!H22*CA!$B$23+CA!H25*CA!$B$26+CA!H28*CA!$B$29+CA!H31*CA!$B$32+CA!H34*CA!$B$35+CA!H37*CA!$B$38 -> 42.900833 | J60: =CA!I4*CA!$B$5+CA!I7*CA!$B$8+CA!I10*CA!$B$11+CA!I13*CA!$B$14+CA!I16*CA!$B$17+CA!I19*CA!$B$20+CA!I22*CA!$B$23+CA!I25*CA!$B$26+CA!I28*CA!$B$29+CA!I31*CA!$B$32+CA!I34*CA!$B$35+CA!I37*CA!$B$38 -> 49.229855 | K60: =CA!J4*CA!$B$5+CA!J7*CA!$B$8+CA!J10*CA!$B$11+CA!J13*CA!$B$14+CA!J16*CA!$B$17+CA!J19*CA!$B$20+CA!J22*CA!$B$23+CA!J25*CA!$B$26+CA!J28*CA!$B$29+CA!J31*CA!$B$32+CA!J34*CA!$B$35+CA!J37*CA!$B$38 -> 39.83905 | L60: =CA!K4*CA!$B$5+CA!K7*CA!$B$8+CA!K10*CA!$B$11+CA!K13*CA!$B$14+CA!K16*CA!$B$17+CA!K19*CA!$B$20+CA!K22*CA!$B$23+CA!K25*CA!$B$26+CA!K28*CA!$B$29+CA!K31*CA!$B$32+CA!K34*CA!$B$35+CA!K37*CA!$B$38 -> 47.367091 | M60: =CA!L4*CA!$B$5+CA!L7*CA!$B$8+CA!L10*CA!$B$11+CA!L13*CA!$B$14+CA!L16*CA!$B$17+CA!L19*CA!$B$20+CA!L22*CA!$B$23+CA!L25*CA!$B$26+CA!L28*CA!$B$29+CA!L31*CA!$B$32+CA!L34*CA!$B$35+CA!L37*CA!$B$38 -> 54.81293 | N60: =CA!M4*CA!$B$5+CA!M7*CA!$B$8+CA!M10*CA!$B$11+CA!M13*CA!$B$14+CA!M16*CA!$B$17+CA!M19*CA!$B$20+CA!M22*CA!$B$23+CA!M25*CA!$B$26+CA!M28*CA!$B$29+CA!M31*CA!$B$32+CA!M34*CA!$B$35+CA!M37*CA!$B$38 -> 54.074561 | ... X60: =CA!W4*CA!$B$5+CA!W7*CA!$B$8+CA!W10*CA!$B$11+CA!W13*CA!$B$14+CA!W16*CA!$B$17+CA!W19*CA!$B$20+CA!W22*CA!$B$23+CA!W25*CA!$B$26+CA!W28*CA!$B$29+CA!W31*CA!$B$32+CA!W34*CA!$B$35+CA!W37*CA!$B$38 -> 34.070815
D61: Otro | E61: =F61/(F59+F60+F61) -> 0.043105809 | F61: =IF(SUM(G61:X61)=0,1,SUM(G61:X61)) -> 80.147228 | G61: =CA!F5*CA!$B$5+CA!F8*CA!$B$8+CA!F11*CA!$B$11+CA!F14*CA!$B$14+CA!F17*CA!$B$17+CA!F20*CA!$B$20+CA!F23*CA!$B$23+CA!F26*CA!$B$26+CA!F29*CA!$B$29+CA!F32*CA!$B$32+CA!F35*CA!$B$35+CA!F38*CA!$B$38 -> 4.0815674 | H61: =CA!G5*CA!$B$5+CA!G8*CA!$B$8+CA!G11*CA!$B$11+CA!G14*CA!$B$14+CA!G17*CA!$B$17+CA!G20*CA!$B$20+CA!G23*CA!$B$23+CA!G26*CA!$B$26+CA!G29*CA!$B$29+CA!G32*CA!$B$32+CA!G35*CA!$B$35+CA!G38*CA!$B$38 -> 3.5416413 | I61: =CA!H5*CA!$B$5+CA!H8*CA!$B$8+CA!H11*CA!$B$11+CA!H14*CA!$B$14+CA!H17*CA!$B$17+CA!H20*CA!$B$20+CA!H23*CA!$B$23+CA!H26*CA!$B$26+CA!H29*CA!$B$29+CA!H32*CA!$B$32+CA!H35*CA!$B$35+CA!H38*CA!$B$38 -> 6.5385184 | J61: =CA!I5*CA!$B$5+CA!I8*CA!$B$8+CA!I11*CA!$B$11+CA!I14*CA!$B$14+CA!I17*CA!$B$17+CA!I20*CA!$B$20+CA!I23*CA!$B$23+CA!I26*CA!$B$26+CA!I29*CA!$B$29+CA!I32*CA!$B$32+CA!I35*CA!$B$35+CA!I38*CA!$B$38 -> 10.550975 | K61: =CA!J5*CA!$B$5+CA!J8*CA!$B$8+CA!J11*CA!$B$11+CA!J14*CA!$B$14+CA!J17*CA!$B$17+CA!J20*CA!$B$20+CA!J23*CA!$B$23+CA!J26*CA!$B$26+CA!J29*CA!$B$29+CA!J32*CA!$B$32+CA!J35*CA!$B$35+CA!J38*CA!$B$38 -> 2.2400987 | L61: =CA!K5*CA!$B$5+CA!K8*CA!$B$8+CA!K11*CA!$B$11+CA!K14*CA!$B$14+CA!K17*CA!$B$17+CA!K20*CA!$B$20+CA!K23*CA!$B$23+CA!K26*CA!$B$26+CA!K29*CA!$B$29+CA!K32*CA!$B$32+CA!K35*CA!$B$35+CA!K38*CA!$B$38 -> 5.7811759 | M61: =CA!L5*CA!$B$5+CA!L8*CA!$B$8+CA!L11*CA!$B$11+CA!L14*CA!$B$14+CA!L17*CA!$B$17+CA!L20*CA!$B$20+CA!L23*CA!$B$23+CA!L26*CA!$B$26+CA!L29*CA!$B$29+CA!L32*CA!$B$32+CA!L35*CA!$B$35+CA!L38*CA!$B$38 -> 4.0696163 | N61: =CA!M5*CA!$B$5+CA!M8*CA!$B$8+CA!M11*CA!$B$11+CA!M14*CA!$B$14+CA!M17*CA!$B$17+CA!M20*CA!$B$20+CA!M23*CA!$B$23+CA!M26*CA!$B$26+CA!M29*CA!$B$29+CA!M32*CA!$B$32+CA!M35*CA!$B$35+CA!M38*CA!$B$38 -> 3.579957 | ... X61: =CA!W5*CA!$B$5+CA!W8*CA!$B$8+CA!W11*CA!$B$11+CA!W14*CA!$B$14+CA!W17*CA!$B$17+CA!W20*CA!$B$20+CA!W23*CA!$B$23+CA!W26*CA!$B$26+CA!W29*CA!$B$29+CA!W32*CA!$B$32+CA!W35*CA!$B$35+CA!W38*CA!$B$38 -> 2.0186867
C62: Recibidos | D62: Francisco Ameliach | E62: =F62/(F62+F63+F64) -> 0.56395173 | F62: =IF(SUM(G62:X62)=0,1,SUM(G62:X62)) -> 3739 | G62: =SUMIF(CA!$C$3:$C$29,"PSUV",CA!F$3:F$29) -> 235 | H62: =SUMIF(CA!$C$3:$C$29,"PSUV",CA!G$3:G$29) -> 212 | I62: =SUMIF(CA!$C$3:$C$29,"PSUV",CA!H$3:H$29) -> 200 | J62: =SUMIF(CA!$C$3:$C$29,"PSUV",CA!I$3:I$29) -> 306 | K62: =SUMIF(CA!$C$3:$C$29,"PSUV",CA!J$3:J$29) -> 232 | L62: =SUMIF(CA!$C$3:$C$29,"PSUV",CA!K$3:K$29) -> 219 | M62: =SUMIF(CA!$C$3:$C$29,"PSUV",CA!L$3:L$29) -> 231 | N62: =SUMIF(CA!$C$3:$C$29,"PSUV",CA!M$3:M$29) -> 224 | ... X62: =SUMIF(CA!$C$3:$C$29,"PSUV",CA!W$3:W$29) -> 143
D63: Henrique Salas Feo | E63: =F63/(F62+F63+F64) -> 0.38476621 | F63: =IF(SUM(G63:X63)=0,1,SUM(G63:X63)) -> 2551 | G63: =SUMIF(CA!$C$3:$C$29,"MUD",CA!F$3:F$29) -> 120 | H63: =SUMIF(CA!$C$3:$C$29,"MUD",CA!G$3:G$29) -> 97 | I63: =SUMIF(CA!$C$3:$C$29,"MUD",CA!H$3:H$29) -> 131 | J63: =SUMIF(CA!$C$3:$C$29,"MUD",CA!I$3:I$29) -> 168 | K63: =SUMIF(CA!$C$3:$C$29,"MUD",CA!J$3:J$29) -> 146 | L63: =SUMIF(CA!$C$3:$C$29,"MUD",CA!K$3:K$29) -> 164 | M63: =SUMIF(CA!$C$3:$C$29,"MUD",CA!L$3:L$29) -> 161 | N63: =SUMIF(CA!$C$3:$C$29,"MUD",CA!M$3:M$29) -> 171 | ... X63: =SUMIF(CA!$C$3:$C$29,"MUD",CA!W$3:W$29) -> 122
D64: Otro | E64: =F64/(F62+F63+F64) -> 0.051282051 | F64: =IF(SUM(G64:X64)=0,1,SUM(G64:X64)) -> 340 | G64: =SUMIF(CA!$C$3:$C$29,"Otro",CA!F$3:F$29) -> 29 | H64: =SUMIF(CA!$C$3:$C$29,"Otro",CA!G$3:G$29) -> 8 | I64: =SUMIF(CA!$C$3:$C$29,"Otro",CA!H$3:H$29) -> 17 | J64: =SUMIF(CA!$C$3:$C$29,"Otro",CA!I$3:I$29) -> 105 | K64: =SUMIF(CA!$C$3:$C$29,"Otro",CA!J$3:J$29) -> 15 | L64: =SUMIF(CA!$C$3:$C$29,"Otro",CA!K$3:K$29) -> 20 | M64: =SUMIF(CA!$C$3:$C$29,"Otro",CA!L$3:L$29) -> 20 | N64: =SUMIF(CA!$C$3:$C$29,"Otro",CA!M$3:M$29) -> 17 | ... X64: =SUMIF(CA!$C$3:$C$29,"Otro",CA!W$3:W$29) -> 7
B65: COJEDES | C65: Pesados acumulados | D65: Érika Farías | G65: =IF(SUM(G68:G70)=0,1,G68) -> 10.799671 | H65: =IF(SUM(H68:H70)=0,0,G65+H68) -> 13.049602 | I65: =IF(SUM(I68:I70)=0,0,H65+I68) -> 27.834663 | J65: =IF(SUM(J68:J70)=0,0,I65+J68) -> 44.229536 | K65: =IF(SUM(K68:K70)=0,0,J65+K68) -> 62.812199 | L65: =IF(SUM(L68:L70)=0,0,K65+L68) -> 78.392518 | M65: =IF(SUM(M68:M70)=0,0,L65+M68) -> 100.30557 | N65: =IF(SUM(N68:N70)=0,0,M65+N68) -> 119.98095 | O65: =IF(SUM(O68:O70)=0,0,N65+O68) -> 141.42598 | ... X65: =IF(SUM(X68:X70)=0,0,W65+X68) -> 278.69158
D66: Alberto Galindez | G66: =IF(SUM(G68:G70)=0,1,G69) -> 11.249657 | H66: =IF(SUM(H68:H70)=0,0,G66+H69) -> 13.949574 | I66: =IF(SUM(I68:I70)=0,0,H66+I69) -> 26.610349 | J66: =IF(SUM(J68:J70)=0,0,I66+J69) -> 38.668616 | K66: =IF(SUM(K68:K70)=0,0,J66+K69) -> 60.62577 | L66: =IF(SUM(L68:L70)=0,0,K66+L69) -> 80.940188 | M66: =IF(SUM(M68:M70)=0,0,L66+M69) -> 95.052207 | N66: =IF(SUM(N68:N70)=0,0,M66+N69) -> 115.57398 | O66: =IF(SUM(O68:O70)=0,0,N66+O69) -> 129.97616 | ... X66: =IF(SUM(X68:X70)=0,0,W66+X69) -> 288.45806
D67: Otro | G67: =IF(SUM(G68:G70)=0,1,G70) -> 4.949849 | H67: =IF(SUM(H68:H70)=0,0,G67+H70) -> 13.499588 | I67: =IF(SUM(I68:I70)=0,0,H67+I70) -> 21.101822 | J67: =IF(SUM(J68:J70)=0,0,I67+J70) -> 28.354097 | K67: =IF(SUM(K68:K70)=0,0,J67+K70) -> 28.75655 | L67: =IF(SUM(L68:L70)=0,0,K67+L70) -> 32.35644 | M67: =IF(SUM(M68:M70)=0,0,L67+M70) -> 33.658866 | N67: =IF(SUM(N68:N70)=0,0,M67+N70) -> 36.618638 | O67: =IF(SUM(O68:O70)=0,0,N67+O70) -> 40.668514 | ... X67: =IF(SUM(X68:X70)=0,0,W67+X70) -> 82.643879
C68: Pesados | D68: Érika Farías | E68: =F68/(F68+F69+F70) -> 0.42889252 | F68: =IF(SUM(G68:X68)=0,1,SUM(G68:X68)) -> 278.69158 | G68: =CO!F3*CO!$B$5+CO!F6*CO!$B$8+CO!F9*CO!$B$11 -> 10.799671 | H68: =CO!G3*CO!$B$5+CO!G6*CO!$B$8+CO!G9*CO!$B$11 -> 2.2499314 | I68: =CO!H3*CO!$B$5+CO!H6*CO!$B$8+CO!H9*CO!$B$11 -> 14.785061 | J68: =CO!I3*CO!$B$5+CO!I6*CO!$B$8+CO!I9*CO!$B$11 -> 16.394874 | K68: =CO!J3*CO!$B$5+CO!J6*CO!$B$8+CO!J9*CO!$B$11 -> 18.582662 | L68: =CO!K3*CO!$B$5+CO!K6*CO!$B$8+CO!K9*CO!$B$11 -> 15.580319 | M68: =CO!L3*CO!$B$5+CO!L6*CO!$B$8+CO!L9*CO!$B$11 -> 21.91305 | N68: =CO!M3*CO!$B$5+CO!M6*CO!$B$8+CO!M9*CO!$B$11 -> 19.675385 | ... X68: =CO!W3*CO!$B$5+CO!W6*CO!$B$8+CO!W9*CO!$B$11 -> 13.335074
D69: Alberto Galindez | E69: =F69/(F68+F69+F70) -> 0.44392265 | F69: =IF(SUM(G69:X69)=0,1,SUM(G69:X69)) -> 288.45806 | G69: =CO!F4*CO!$B$5+CO!F7*CO!$B$8+CO!F10*CO!$B$11 -> 11.249657 | H69: =CO!G4*CO!$B$5+CO!G7*CO!$B$8+CO!G10*CO!$B$11 -> 2.6999176 | I69: =CO!H4*CO!$B$5+CO!H7*CO!$B$8+CO!H10*CO!$B$11 -> 12.660775 | J69: =CO!I4*CO!$B$5+CO!I7*CO!$B$8+CO!I10*CO!$B$11 -> 12.058267 | K69: =CO!J4*CO!$B$5+CO!J7*CO!$B$8+CO!J10*CO!$B$11 -> 21.957154 | L69: =CO!K4*CO!$B$5+CO!K7*CO!$B$8+CO!K10*CO!$B$11 -> 20.314418 | M69: =CO!L4*CO!$B$5+CO!L7*CO!$B$8+CO!L10*CO!$B$11 -> 14.112019 | N69: =CO!M4*CO!$B$5+CO!M7*CO!$B$8+CO!M10*CO!$B$11 -> 20.521777 | ... X69: =CO!W4*CO!$B$5+CO!W7*CO!$B$8+CO!W10*CO!$B$11 -> 15.775412
D70: Otro | E70: =F70/(F68+F69+F70) -> 0.12718483 | F70: =IF(SUM(G70:X70)=0,1,SUM(G70:X70)) -> 82.643879 | G70: =CO!F5*CO!$B$5+CO!F8*CO!$B$8+CO!F11*CO!$B$11 -> 4.949849 | H70: =CO!G5*CO!$B$5+CO!G8*CO!$B$8+CO!G11*CO!$B$11 -> 8.5497392 | I70: =CO!H5*CO!$B$5+CO!H8*CO!$B$8+CO!H11*CO!$B$11 -> 7.6022336 | J70: =CO!I5*CO!$B$5+CO!I8*CO!$B$8+CO!I11*CO!$B$11 -> 7.2522748 | K70: =CO!J5*CO!$B$5+CO!J8*CO!$B$8+CO!J11*CO!$B$11 -> 0.40245327 | L70: =CO!K5*CO!$B$5+CO!K8*CO!$B$8+CO!K11*CO!$B$11 -> 3.5998902 | M70: =CO!L5*CO!$B$5+CO!L8*CO!$B$8+CO!L11*CO!$B$11 -> 1.3024258 | N70: =CO!M5*CO!$B$5+CO!M8*CO!$B$8+CO!M11*CO!$B$11 -> 2.9597719 | ... X70: =CO!W5*CO!$B$5+CO!W8*CO!$B$8+CO!W11*CO!$B$11 -> 6.6547281
C71: Recibidos | D71: Érika Farías | E71: =F71/(F71+F72+F73) -> 0.43679458 | F71: =IF(SUM(G71:X71)=0,1,SUM(G71:X71)) -> 774 | G71: =SUMIF(CO!$C$3:$C$11,"PSUV",CO!F$3:F$11) -> 24 | H71: =SUMIF(CO!$C$3:$C$11,"PSUV",CO!G$3:G$11) -> 5 | I71: =SUMIF(CO!$C$3:$C$11,"PSUV",CO!H$3:H$11) -> 40 | J71: =SUMIF(CO!$C$3:$C$11,"PSUV",CO!I$3:I$11) -> 44 | K71: =SUMIF(CO!$C$3:$C$11,"PSUV",CO!J$3:J$11) -> 53 | L71: =SUMIF(CO!$C$3:$C$11,"PSUV",CO!K$3:K$11) -> 47 | M71: =SUMIF(CO!$C$3:$C$11,"PSUV",CO!L$3:L$11) -> 65 | N71: =SUMIF(CO!$C$3:$C$11,"PSUV",CO!M$3:M$11) -> 59 | ... X71: =SUMIF(CO!$C$3:$C$11,"PSUV",CO!W$3:W$11) -> 36
D72: Alberto Galindez | E72: =F72/(F71+F72+F73) -> 0.4537246 | F72: =IF(SUM(G72:X72)=0,1,SUM(G72:X72)) -> 804 | G72: =SUMIF(CO!$C$3:$C$11,"MUD",CO!F$3:F$11) -> 25 | H72: =SUMIF(CO!$C$3:$C$11,"MUD",CO!G$3:G$11) -> 6 | I72: =SUMIF(CO!$C$3:$C$11,"MUD",CO!H$3:H$11) -> 42 | J72: =SUMIF(CO!$C$3:$C$11,"MUD",CO!I$3:I$11) -> 39 | K72: =SUMIF(CO!$C$3:$C$11,"MUD",CO!J$3:J$11) -> 60 | L72: =SUMIF(CO!$C$3:$C$11,"MUD",CO!K$3:K$11) -> 52 | M72: =SUMIF(CO!$C$3:$C$11,"MUD",CO!L$3:L$11) -> 35 | N72: =SUMIF(CO!$C$3:$C$11,"MUD",CO!M$3:M$11) -> 52 | ... X72: =SUMIF(CO!$C$3:$C$11,"MUD",CO!W$3:W$11) -> 48
D73: Otro | E73: =F73/(F71+F72+F73) -> 0.10948081 | F73: =IF(SUM(G73:X73)=0,1,SUM(G73:X73)) -> 194 | G73: =SUMIF(CO!$C$3:$C$11,"Otro",CO!F$3:F$11) -> 11 | H73: =SUMIF(CO!$C$3:$C$11,"Otro",CO!G$3:G$11) -> 19 | I73: =SUMIF(CO!$C$3:$C$11,"Otro",CO!H$3:H$11) -> 17 | J73: =SUMIF(CO!$C$3:$C$11,"Otro",CO!I$3:I$11) -> 17 | K73: =SUMIF(CO!$C$3:$C$11,"Otro",CO!J$3:J$11) -> 1 | L73: =SUMIF(CO!$C$3:$C$11,"Otro",CO!K$3:K$11) -> 8 | M73: =SUMIF(CO!$C$3:$C$11,"Otro",CO!L$3:L$11) -> 3 | N73: =SUMIF(CO!$C$3:$C$11,"Otro",CO!M$3:M$11) -> 7 | ... X73: =SUMIF(CO!$C$3:$C$11,"Otro",CO!W$3:W$11) -> 15
B74: DELTA AMACURO | C74: Pesados acumulados | D74: Lizzeta Hernández | G74: =IF(SUM(G77:G79)=0,1,G77) -> 20 | H74: =IF(SUM(H77:H79)=0,0,G74+H77) -> 41 | I74: =IF(SUM(I77:I79)=0,0,H74+I77) -> 97 | J74: =IF(SUM(J77:J79)=0,0,I74+J77) -> 142 | K74: =IF(SUM(K77:K79)=0,0,J74+K77) -> 186 | L74: =IF(SUM(L77:L79)=0,0,K74+L77) -> 244 | M74: =IF(SUM(M77:M79)=0,0,L74+M77) -> 298 | N74: =IF(SUM(N77:N79)=0,0,M74+N77) -> 360 | O74: =IF(SUM(O77:O79)=0,0,N74+O77) -> 431 | ... X74: =IF(SUM(X77:X79)=0,0,W74+X77) -> 931
D75: Arévalo Salazar | G75: =IF(SUM(G77:G79)=0,1,G78) -> 6 | H75: =IF(SUM(H77:H79)=0,0,G75+H78) -> 15 | I75: =IF(SUM(I77:I79)=0,0,H75+I78) -> 30 | J75: =IF(SUM(J77:J79)=0,0,I75+J78) -> 49 | K75: =IF(SUM(K77:K79)=0,0,J75+K78) -> 57 | L75: =IF(SUM(L77:L79)=0,0,K75+L78) -> 70 | M75: =IF(SUM(M77:M79)=0,0,L75+M78) -> 80 | N75: =IF(SUM(N77:N79)=0,0,M75+N78) -> 95 | O75: =IF(SUM(O77:O79)=0,0,N75+O78) -> 112 | ... X75: =IF(SUM(X77:X79)=0,0,W75+X78) -> 228
D76: Otro | G76: =IF(SUM(G77:G79)=0,1,G79) -> 0 | H76: =IF(SUM(H77:H79)=0,0,G76+H79) -> 0 | I76: =IF(SUM(I77:I79)=0,0,H76+I79) -> 3 | J76: =IF(SUM(J77:J79)=0,0,I76+J79) -> 5 | K76: =IF(SUM(K77:K79)=0,0,J76+K79) -> 6 | L76: =IF(SUM(L77:L79)=0,0,K76+L79) -> 7 | M76: =IF(SUM(M77:M79)=0,0,L76+M79) -> 7 | N76: =IF(SUM(N77:N79)=0,0,M76+N79) -> 8 | O76: =IF(SUM(O77:O79)=0,0,N76+O79) -> 9 | ... X76: =IF(SUM(X77:X79)=0,0,W76+X79) -> 29
C77: Pesados | D77: Lizzeta Hernández | E77: =F77/(F77+F78+F79) -> 0.78367003 | F77: =IF(SUM(G77:X77)=0,1,SUM(G77:X77)) -> 931 | G77: =DA!F3*DA!$B$5 -> 20 | H77: =DA!G3*DA!$B$5 -> 21 | I77: =DA!H3*DA!$B$5 -> 56 | J77: =DA!I3*DA!$B$5 -> 45 | K77: =DA!J3*DA!$B$5 -> 44 | L77: =DA!K3*DA!$B$5 -> 58 | M77: =DA!L3*DA!$B$5 -> 54 | N77: =DA!M3*DA!$B$5 -> 62 | ... X77: =DA!W3*DA!$B$5 -> 89
D78: Arévalo Salazar | E78: =F78/(F77+F78+F79) -> 0.19191919 | F78: =IF(SUM(G78:X78)=0,1,SUM(G78:X78)) -> 228 | G78: =DA!F4*DA!$B$5 -> 6 | H78: =DA!G4*DA!$B$5 -> 9 | I78: =DA!H4*DA!$B$5 -> 15 | J78: =DA!I4*DA!$B$5 -> 19 | K78: =DA!J4*DA!$B$5 -> 8 | L78: =DA!K4*DA!$B$5 -> 13 | M78: =DA!L4*DA!$B$5 -> 10 | N78: =DA!M4*DA!$B$5 -> 15 | ... X78: =DA!W4*DA!$B$5 -> 18
D79: Otro | E79: =F79/(F77+F78+F79) -> 0.024410774 | F79: =IF(SUM(G79:X79)=0,1,SUM(G79:X79)) -> 29 | G79: =DA!F5*DA!$B$5 -> 0 | H79: =DA!G5*DA!$B$5 -> 0 | I79: =DA!H5*DA!$B$5 -> 3 | J79: =DA!I5*DA!$B$5 -> 2 | K79: =DA!J5*DA!$B$5 -> 1 | L79: =DA!K5*DA!$B$5 -> 1 | M79: =DA!L5*DA!$B$5 -> 0 | N79: =DA!M5*DA!$B$5 -> 1 | ... X79: =DA!W5*DA!$B$5 -> 1
C80: Recibidos | D80: Lizzeta Hernández | E80: =F80/(F80+F81+F82) -> 0.78367003 | F80: =IF(SUM(G80:X80)=0,1,SUM(G80:X80)) -> 931 | G80: =SUMIF(DA!$C$3:$C$5,"PSUV",DA!F$3:F$5) -> 20 | H80: =SUMIF(DA!$C$3:$C$5,"PSUV",DA!G$3:G$5) -> 21 | I80: =SUMIF(DA!$C$3:$C$5,"PSUV",DA!H$3:H$5) -> 56 | J80: =SUMIF(DA!$C$3:$C$5,"PSUV",DA!I$3:I$5) -> 45 | K80: =SUMIF(DA!$C$3:$C$5,"PSUV",DA!J$3:J$5) -> 44 | L80: =SUMIF(DA!$C$3:$C$5,"PSUV",DA!K$3:K$5) -> 58 | M80: =SUMIF(DA!$C$3:$C$5,"PSUV",DA!L$3:L$5) -> 54 | N80: =SUMIF(DA!$C$3:$C$5,"PSUV",DA!M$3:M$5) -> 62 | ... X80: =SUMIF(DA!$C$3:$C$5,"PSUV",DA!W$3:W$5) -> 89
D81: Arévalo Salazar | E81: =F81/(F80+F81+F82) -> 0.19191919 | F81: =IF(SUM(G81:X81)=0,1,SUM(G81:X81)) -> 228 | G81: =SUMIF(DA!$C$3:$C$5,"MUD",DA!F$3:F$5) -> 6 | H81: =SUMIF(DA!$C$3:$C$5,"MUD",DA!G$3:G$5) -> 9 | I81: =SUMIF(DA!$C$3:$C$5,"MUD",DA!H$3:H$5) -> 15 | J81: =SUMIF(DA!$C$3:$C$5,"MUD",DA!I$3:I$5) -> 19 | K81: =SUMIF(DA!$C$3:$C$5,"MUD",DA!J$3:J$5) -> 8 | L81: =SUMIF(DA!$C$3:$C$5,"MUD",DA!K$3:K$5) -> 13 | M81: =SUMIF(DA!$C$3:$C$5,"MUD",DA!L$3:L$5) -> 10 | N81: =SUMIF(DA!$C$3:$C$5,"MUD",DA!M$3:M$5) -> 15 | ... X81: =SUMIF(DA!$C$3:$C$5,"MUD",DA!W$3:W$5) -> 18
D82: Otro | E82: =F82/(F80+F81+F82) -> 0.024410774 | F82: =IF(SUM(G82:X82)=0,1,SUM(G82:X82)) -> 29 | G82: =SUMIF(DA!$C$3:$C$5,"Otro",DA!F$3:F$5) -> 0 | H82: =SUMIF(DA!$C$3:$C$5,"Otro",DA!G$3:G$5) -> 0 | I82: =SUMIF(DA!$C$3:$C$5,"Otro",DA!H$3:H$5) -> 3 | J82: =SUMIF(DA!$C$3:$C$5,"Otro",DA!I$3:I$5) -> 2 | K82: =SUMIF(DA!$C$3:$C$5,"Otro",DA!J$3:J$5) -> 1 | L82: =SUMIF(DA!$C$3:$C$5,"Otro",DA!K$3:K$5) -> 1 | M82: =SUMIF(DA!$C$3:$C$5,"Otro",DA!L$3:L$5) -> 0 | N82: =SUMIF(DA!$C$3:$C$5,"Otro",DA!M$3:M$5) -> 1 | ... X82: =SUMIF(DA!$C$3:$C$5,"Otro",DA!W$3:W$5) -> 1
B83: FALCON | C83: Pesados acumulados | D83: Stella Lugo | G83: =IF(SUM(G86:G88)=0,1,G86) -> 34.582697 | H83: =IF(SUM(H86:H88)=0,0,G83+H86) -> 69.62148 | I83: =IF(SUM(I86:I88)=0,0,H83+I86) -> 103.07452 | J83: =IF(SUM(J86:J88)=0,0,I83+J86) -> 142.08656 | K83: =IF(SUM(K86:K88)=0,0,J83+K86) -> 180.838 | L83: =IF(SUM(L86:L88)=0,0,K83+L86) -> 223.35637 | M83: =IF(SUM(M86:M88)=0,0,L83+M86) -> 261.81573 | N83: =IF(SUM(N86:N88)=0,0,M83+N86) -> 303.05512 | O83: =IF(SUM(O86:O88)=0,0,N83+O86) -> 336.76732 | ... X83: =IF(SUM(X86:X88)=0,0,W83+X86) -> 656.32143
D84: Gregorio Graterol | G84: =IF(SUM(G86:G88)=0,1,G87) -> 19.970844 | H84: =IF(SUM(H86:H88)=0,0,G84+H87) -> 40.609959 | I84: =IF(SUM(I86:I88)=0,0,H84+I87) -> 63.044851 | J84: =IF(SUM(J86:J88)=0,0,I84+J87) -> 80.79159 | K84: =IF(SUM(K86:K88)=0,0,J84+K87) -> 101.95418 | L84: =IF(SUM(L86:L88)=0,0,K84+L87) -> 118.40296 | M84: =IF(SUM(M86:M88)=0,0,L84+M87) -> 140.8473 | N84: =IF(SUM(N86:N88)=0,0,M84+N87) -> 158.46088 | O84: =IF(SUM(O86:O88)=0,0,N84+O87) -> 176.42279 | ... X84: =IF(SUM(X86:X88)=0,0,W84+X87) -> 364.11951
D85: Otro | G85: =IF(SUM(G86:G88)=0,1,G88) -> 6.6970799 | H85: =IF(SUM(H86:H88)=0,0,G85+H88) -> 12.721279 | I85: =IF(SUM(I86:I88)=0,0,H85+I88) -> 25.3635 | J85: =IF(SUM(J86:J88)=0,0,I85+J88) -> 37.156267 | K85: =IF(SUM(K86:K88)=0,0,J85+K88) -> 48.619769 | L85: =IF(SUM(L86:L88)=0,0,K85+L88) -> 62.540595 | M85: =IF(SUM(M86:M88)=0,0,L85+M88) -> 78.491305 | N85: =IF(SUM(N86:N88)=0,0,M85+N88) -> 91.828882 | O85: =IF(SUM(O86:O88)=0,0,N85+O88) -> 103.59234 | ... X85: =IF(SUM(X86:X88)=0,0,W85+X88) -> 223.564
C86: Pesados | D86: Stella Lugo | E86: =F86/(F86+F87+F88) -> 0.52758748 | F86: =IF(SUM(G86:X86)=0,1,SUM(G86:X86)) -> 656.32143 | G86: =FA!F3*FA!$B$5+FA!F6*FA!$B$8+FA!F9*FA!$B$11+FA!F12*FA!$B$14+FA!F15*FA!$B$17 -> 34.582697 | H86: =FA!G3*FA!$B$5+FA!G6*FA!$B$8+FA!G9*FA!$B$11+FA!G12*FA!$B$14+FA!G15*FA!$B$17 -> 35.038783 | I86: =FA!H3*FA!$B$5+FA!H6*FA!$B$8+FA!H9*FA!$B$11+FA!H12*FA!$B$14+FA!H15*FA!$B$17 -> 33.453041 | J86: =FA!I3*FA!$B$5+FA!I6*FA!$B$8+FA!I9*FA!$B$11+FA!I12*FA!$B$14+FA!I15*FA!$B$17 -> 39.012038 | K86: =FA!J3*FA!$B$5+FA!J6*FA!$B$8+FA!J9*FA!$B$11+FA!J12*FA!$B$14+FA!J15*FA!$B$17 -> 38.751437 | L86: =FA!K3*FA!$B$5+FA!K6*FA!$B$8+FA!K9*FA!$B$11+FA!K12*FA!$B$14+FA!K15*FA!$B$17 -> 42.518378 | M86: =FA!L3*FA!$B$5+FA!L6*FA!$B$8+FA!L9*FA!$B$11+FA!L12*FA!$B$14+FA!L15*FA!$B$17 -> 38.45936 | N86: =FA!M3*FA!$B$5+FA!M6*FA!$B$8+FA!M9*FA!$B$11+FA!M12*FA!$B$14+FA!M15*FA!$B$17 -> 41.239386 | ... X86: =FA!W3*FA!$B$5+FA!W6*FA!$B$8+FA!W9*FA!$B$11+FA!W12*FA!$B$14+FA!W15*FA!$B$17 -> 32.502819
D87: Gregorio Graterol | E87: =F87/(F86+F87+F88) -> 0.29269941 | F87: =IF(SUM(G87:X87)=0,1,SUM(G87:X87)) -> 364.11951 | G87: =FA!F4*FA!$B$5+FA!F7*FA!$B$8+FA!F10*FA!$B$11+FA!F13*FA!$B$14+FA!F16*FA!$B$17 -> 19.970844 | H87: =FA!G4*FA!$B$5+FA!G7*FA!$B$8+FA!G10*FA!$B$11+FA!G13*FA!$B$14+FA!G16*FA!$B$17 -> 20.639115 | I87: =FA!H4*FA!$B$5+FA!H7*FA!$B$8+FA!H10*FA!$B$11+FA!H13*FA!$B$14+FA!H16*FA!$B$17 -> 22.434892 | J87: =FA!I4*FA!$B$5+FA!I7*FA!$B$8+FA!I10*FA!$B$11+FA!I13*FA!$B$14+FA!I16*FA!$B$17 -> 17.746739 | K87: =FA!J4*FA!$B$5+FA!J7*FA!$B$8+FA!J10*FA!$B$11+FA!J13*FA!$B$14+FA!J16*FA!$B$17 -> 21.162589 | L87: =FA!K4*FA!$B$5+FA!K7*FA!$B$8+FA!K10*FA!$B$11+FA!K13*FA!$B$14+FA!K16*FA!$B$17 -> 16.448783 | M87: =FA!L4*FA!$B$5+FA!L7*FA!$B$8+FA!L10*FA!$B$11+FA!L13*FA!$B$14+FA!L16*FA!$B$17 -> 22.444335 | N87: =FA!M4*FA!$B$5+FA!M7*FA!$B$8+FA!M10*FA!$B$11+FA!M13*FA!$B$14+FA!M16*FA!$B$17 -> 17.613579 | ... X87: =FA!W4*FA!$B$5+FA!W7*FA!$B$8+FA!W10*FA!$B$11+FA!W13*FA!$B$14+FA!W16*FA!$B$17 -> 24.791157
D88: Otro | E88: =F88/(F86+F87+F88) -> 0.17971311 | F88: =IF(SUM(G88:X88)=0,1,SUM(G88:X88)) -> 223.564 | G88: =FA!F5*FA!$B$5+FA!F8*FA!$B$8+FA!F11*FA!$B$11+FA!F14*FA!$B$14+FA!F17*FA!$B$17 -> 6.6970799 | H88: =FA!G5*FA!$B$5+FA!G8*FA!$B$8+FA!G11*FA!$B$11+FA!G14*FA!$B$14+FA!G17*FA!$B$17 -> 6.0241991 | I88: =FA!H5*FA!$B$5+FA!H8*FA!$B$8+FA!H11*FA!$B$11+FA!H14*FA!$B$14+FA!H17*FA!$B$17 -> 12.642221 | J88: =FA!I5*FA!$B$5+FA!I8*FA!$B$8+FA!I11*FA!$B$11+FA!I14*FA!$B$14+FA!I17*FA!$B$17 -> 11.792767 | K88: =FA!J5*FA!$B$5+FA!J8*FA!$B$8+FA!J11*FA!$B$11+FA!J14*FA!$B$14+FA!J17*FA!$B$17 -> 11.463501 | L88: =FA!K5*FA!$B$5+FA!K8*FA!$B$8+FA!K11*FA!$B$11+FA!K14*FA!$B$14+FA!K17*FA!$B$17 -> 13.920826 | M88: =FA!L5*FA!$B$5+FA!L8*FA!$B$8+FA!L11*FA!$B$11+FA!L14*FA!$B$14+FA!L17*FA!$B$17 -> 15.950711 | N88: =FA!M5*FA!$B$5+FA!M8*FA!$B$8+FA!M11*FA!$B$11+FA!M14*FA!$B$14+FA!M17*FA!$B$17 -> 13.337577 | ... X88: =FA!W5*FA!$B$5+FA!W8*FA!$B$8+FA!W11*FA!$B$11+FA!W14*FA!$B$14+FA!W17*FA!$B$17 -> 17.621673
C89: Recibidos | D89: Stella Lugo | E89: =F89/(F89+F90+F91) -> 0.52452182 | F89: =IF(SUM(G89:X89)=0,1,SUM(G89:X89)) -> 2139 | G89: =SUMIF(FA!$C$3:$C$17,"PSUV",FA!F$3:F$17) -> 121 | H89: =SUMIF(FA!$C$3:$C$17,"PSUV",FA!G$3:G$17) -> 102 | I89: =SUMIF(FA!$C$3:$C$17,"PSUV",FA!H$3:H$17) -> 108 | J89: =SUMIF(FA!$C$3:$C$17,"PSUV",FA!I$3:I$17) -> 129 | K89: =SUMIF(FA!$C$3:$C$17,"PSUV",FA!J$3:J$17) -> 119 | L89: =SUMIF(FA!$C$3:$C$17,"PSUV",FA!K$3:K$17) -> 132 | M89: =SUMIF(FA!$C$3:$C$17,"PSUV",FA!L$3:L$17) -> 114 | N89: =SUMIF(FA!$C$3:$C$17,"PSUV",FA!M$3:M$17) -> 130 | ... X89: =SUMIF(FA!$C$3:$C$17,"PSUV",FA!W$3:W$17) -> 119
D90: Gregorio Graterol | E90: =F90/(F89+F90+F91) -> 0.31780284 | F90: =IF(SUM(G90:X90)=0,1,SUM(G90:X90)) -> 1296 | G90: =SUMIF(FA!$C$3:$C$17,"MUD",FA!F$3:F$17) -> 74 | H90: =SUMIF(FA!$C$3:$C$17,"MUD",FA!G$3:G$17) -> 77 | I90: =SUMIF(FA!$C$3:$C$17,"MUD",FA!H$3:H$17) -> 83 | J90: =SUMIF(FA!$C$3:$C$17,"MUD",FA!I$3:I$17) -> 69 | K90: =SUMIF(FA!$C$3:$C$17,"MUD",FA!J$3:J$17) -> 70 | L90: =SUMIF(FA!$C$3:$C$17,"MUD",FA!K$3:K$17) -> 62 | M90: =SUMIF(FA!$C$3:$C$17,"MUD",FA!L$3:L$17) -> 75 | N90: =SUMIF(FA!$C$3:$C$17,"MUD",FA!M$3:M$17) -> 68 | ... X90: =SUMIF(FA!$C$3:$C$17,"MUD",FA!W$3:W$17) -> 80
D91: Otro | E91: =F91/(F89+F90+F91) -> 0.15767533 | F91: =IF(SUM(G91:X91)=0,1,SUM(G91:X91)) -> 643 | G91: =SUMIF(FA!$C$3:$C$17,"Otro",FA!F$3:F$17) -> 22 | H91: =SUMIF(FA!$C$3:$C$17,"Otro",FA!G$3:G$17) -> 21 | I91: =SUMIF(FA!$C$3:$C$17,"Otro",FA!H$3:H$17) -> 38 | J91: =SUMIF(FA!$C$3:$C$17,"Otro",FA!I$3:I$17) -> 34 | K91: =SUMIF(FA!$C$3:$C$17,"Otro",FA!J$3:J$17) -> 35 | L91: =SUMIF(FA!$C$3:$C$17,"Otro",FA!K$3:K$17) -> 39 | M91: =SUMIF(FA!$C$3:$C$17,"Otro",FA!L$3:L$17) -> 44 | N91: =SUMIF(FA!$C$3:$C$17,"Otro",FA!M$3:M$17) -> 39 | ... X91: =SUMIF(FA!$C$3:$C$17,"Otro",FA!W$3:W$17) -> 51
B92: GUARICO | C92: Pesados acumulados | D92: Ramón Rodríguez Chacín | G92: =IF(SUM(G95:G97)=0,1,G95) -> 16.808278 | H92: =IF(SUM(H95:H97)=0,0,G92+H95) -> 48.622793 | I92: =IF(SUM(I95:I97)=0,0,H92+I95) -> 74.095913 | J92: =IF(SUM(J95:J97)=0,0,I92+J95) -> 99.633288 | K92: =IF(SUM(K95:K97)=0,0,J92+K95) -> 130.67499 | L92: =IF(SUM(L95:L97)=0,0,K92+L95) -> 160.80613 | M92: =IF(SUM(M95:M97)=0,0,L92+M95) -> 189.33749 | N92: =IF(SUM(N95:N97)=0,0,M92+N95) -> 218.88561 | O92: =IF(SUM(O95:O97)=0,0,N92+O95) -> 239.60468 | ... X92: =IF(SUM(X95:X97)=0,0,W92+X95) -> 431.94255
D93: José Gonzalez | G93: =IF(SUM(G95:G97)=0,1,G96) -> 2.1917889 | H93: =IF(SUM(H95:H97)=0,0,G93+H96) -> 12.446541 | I93: =IF(SUM(I95:I97)=0,0,H93+I96) -> 27.359969 | J93: =IF(SUM(J95:J97)=0,0,I93+J96) -> 37.462596 | K93: =IF(SUM(K95:K97)=0,0,J93+K96) -> 48.529487 | L93: =IF(SUM(L95:L97)=0,0,K93+L96) -> 57.807796 | M93: =IF(SUM(M95:M97)=0,0,L93+M96) -> 70.385922 | N93: =IF(SUM(N95:N97)=0,0,M93+N96) -> 82.634591 | O93: =IF(SUM(O95:O97)=0,0,N93+O96) -> 93.3286 | ... X93: =IF(SUM(X95:X97)=0,0,W93+X96) -> 182.93631
D94: Otro | G94: =IF(SUM(G95:G97)=0,1,G97) -> 0.47784797 | H94: =IF(SUM(H95:H97)=0,0,G94+H97) -> 2.0471672 | I94: =IF(SUM(I95:I97)=0,0,H94+I97) -> 2.5250152 | J94: =IF(SUM(J95:J97)=0,0,I94+J97) -> 2.5250152 | K94: =IF(SUM(K95:K97)=0,0,J94+K97) -> 3.4291368 | L94: =IF(SUM(L95:L97)=0,0,K94+L97) -> 4.7337449 | M94: =IF(SUM(M95:M97)=0,0,L94+M97) -> 5.8767905 | N94: =IF(SUM(N95:N97)=0,0,M94+N97) -> 8.7706315 | O94: =IF(SUM(O95:O97)=0,0,N94+O97) -> 10.355184 | ... X94: =IF(SUM(X95:X97)=0,0,W94+X97) -> 22.331166
C95: Pesados | D95: Ramón Rodríguez Chacín | E95: =F95/(F95+F96+F97) -> 0.67786527 | F95: =IF(SUM(G95:X95)=0,1,SUM(G95:X95)) -> 431.94255 | G95: =GU!F3*GU!$B$5+GU!F6*GU!$B$8+GU!F9*GU!$B$11+GU!F12*GU!$B$14+GU!F15*GU!$B$17+GU!F18*GU!$B$20 -> 16.808278 | H95: =GU!G3*GU!$B$5+GU!G6*GU!$B$8+GU!G9*GU!$B$11+GU!G12*GU!$B$14+GU!G15*GU!$B$17+GU!G18*GU!$B$20 -> 31.814515 | I95: =GU!H3*GU!$B$5+GU!H6*GU!$B$8+GU!H9*GU!$B$11+GU!H12*GU!$B$14+GU!H15*GU!$B$17+GU!H18*GU!$B$20 -> 25.47312 | J95: =GU!I3*GU!$B$5+GU!I6*GU!$B$8+GU!I9*GU!$B$11+GU!I12*GU!$B$14+GU!I15*GU!$B$17+GU!I18*GU!$B$20 -> 25.537375 | K95: =GU!J3*GU!$B$5+GU!J6*GU!$B$8+GU!J9*GU!$B$11+GU!J12*GU!$B$14+GU!J15*GU!$B$17+GU!J18*GU!$B$20 -> 31.0417 | L95: =GU!K3*GU!$B$5+GU!K6*GU!$B$8+GU!K9*GU!$B$11+GU!K12*GU!$B$14+GU!K15*GU!$B$17+GU!K18*GU!$B$20 -> 30.131138 | M95: =GU!L3*GU!$B$5+GU!L6*GU!$B$8+GU!L9*GU!$B$11+GU!L12*GU!$B$14+GU!L15*GU!$B$17+GU!L18*GU!$B$20 -> 28.531362 | N95: =GU!M3*GU!$B$5+GU!M6*GU!$B$8+GU!M9*GU!$B$11+GU!M12*GU!$B$14+GU!M15*GU!$B$17+GU!M18*GU!$B$20 -> 29.548121 | ... X95: =GU!W3*GU!$B$5+GU!W6*GU!$B$8+GU!W9*GU!$B$11+GU!W12*GU!$B$14+GU!W15*GU!$B$17+GU!W18*GU!$B$20 -> 23.938217
D96: José Gonzalez | E96: =F96/(F95+F96+F97) -> 0.28708951 | F96: =IF(SUM(G96:X96)=0,1,SUM(G96:X96)) -> 182.93631 | G96: =GU!F4*GU!$B$5+GU!F7*GU!$B$8+GU!F10*GU!$B$11+GU!F13*GU!$B$14+GU!F16*GU!$B$17+GU!F19*GU!$B$20 -> 2.1917889 | H96: =GU!G4*GU!$B$5+GU!G7*GU!$B$8+GU!G10*GU!$B$11+GU!G13*GU!$B$14+GU!G16*GU!$B$17+GU!G19*GU!$B$20 -> 10.254752 | I96: =GU!H4*GU!$B$5+GU!H7*GU!$B$8+GU!H10*GU!$B$11+GU!H13*GU!$B$14+GU!H16*GU!$B$17+GU!H19*GU!$B$20 -> 14.913428 | J96: =GU!I4*GU!$B$5+GU!I7*GU!$B$8+GU!I10*GU!$B$11+GU!I13*GU!$B$14+GU!I16*GU!$B$17+GU!I19*GU!$B$20 -> 10.102627 | K96: =GU!J4*GU!$B$5+GU!J7*GU!$B$8+GU!J10*GU!$B$11+GU!J13*GU!$B$14+GU!J16*GU!$B$17+GU!J19*GU!$B$20 -> 11.066891 | L96: =GU!K4*GU!$B$5+GU!K7*GU!$B$8+GU!K10*GU!$B$11+GU!K13*GU!$B$14+GU!K16*GU!$B$17+GU!K19*GU!$B$20 -> 9.2783098 | M96: =GU!L4*GU!$B$5+GU!L7*GU!$B$8+GU!L10*GU!$B$11+GU!L13*GU!$B$14+GU!L16*GU!$B$17+GU!L19*GU!$B$20 -> 12.578125 | N96: =GU!M4*GU!$B$5+GU!M7*GU!$B$8+GU!M10*GU!$B$11+GU!M13*GU!$B$14+GU!M16*GU!$B$17+GU!M19*GU!$B$20 -> 12.248669 | ... X96: =GU!W4*GU!$B$5+GU!W7*GU!$B$8+GU!W10*GU!$B$11+GU!W13*GU!$B$14+GU!W16*GU!$B$17+GU!W19*GU!$B$20 -> 11.289374
D97: Otro | E97: =F97/(F95+F96+F97) -> 0.03504522 | F97: =IF(SUM(G97:X97)=0,1,SUM(G97:X97)) -> 22.331166 | G97: =GU!F5*GU!$B$5+GU!F8*GU!$B$8+GU!F11*GU!$B$11+GU!F14*GU!$B$14+GU!F17*GU!$B$17+GU!F20*GU!$B$20 -> 0.47784797 | H97: =GU!G5*GU!$B$5+GU!G8*GU!$B$8+GU!G11*GU!$B$11+GU!G14*GU!$B$14+GU!G17*GU!$B$17+GU!G20*GU!$B$20 -> 1.5693192 | I97: =GU!H5*GU!$B$5+GU!H8*GU!$B$8+GU!H11*GU!$B$11+GU!H14*GU!$B$14+GU!H17*GU!$B$17+GU!H20*GU!$B$20 -> 0.47784797 | J97: =GU!I5*GU!$B$5+GU!I8*GU!$B$8+GU!I11*GU!$B$11+GU!I14*GU!$B$14+GU!I17*GU!$B$17+GU!I20*GU!$B$20 -> 0 | K97: =GU!J5*GU!$B$5+GU!J8*GU!$B$8+GU!J11*GU!$B$11+GU!J14*GU!$B$14+GU!J17*GU!$B$17+GU!J20*GU!$B$20 -> 0.90412161 | L97: =GU!K5*GU!$B$5+GU!K8*GU!$B$8+GU!K11*GU!$B$11+GU!K14*GU!$B$14+GU!K17*GU!$B$17+GU!K20*GU!$B$20 -> 1.3046081 | M97: =GU!L5*GU!$B$5+GU!L8*GU!$B$8+GU!L11*GU!$B$11+GU!L14*GU!$B$14+GU!L17*GU!$B$17+GU!L20*GU!$B$20 -> 1.1430456 | N97: =GU!M5*GU!$B$5+GU!M8*GU!$B$8+GU!M11*GU!$B$11+GU!M14*GU!$B$14+GU!M17*GU!$B$17+GU!M20*GU!$B$20 -> 2.893841 | ... X97: =GU!W5*GU!$B$5+GU!W8*GU!$B$8+GU!W11*GU!$B$11+GU!W14*GU!$B$14+GU!W17*GU!$B$17+GU!W20*GU!$B$20 -> 1.4928274
C98: Recibidos | D98: Ramón Rodríguez Chacín | E98: =F98/(F98+F99+F100) -> 0.68371641 | F98: =IF(SUM(G98:X98)=0,1,SUM(G98:X98)) -> 2112 | G98: =SUMIF(GU!$C$3:$C$20,"PSUV",GU!F$3:F$20) -> 96 | H98: =SUMIF(GU!$C$3:$C$20,"PSUV",GU!G$3:G$20) -> 150 | I98: =SUMIF(GU!$C$3:$C$20,"PSUV",GU!H$3:H$20) -> 129 | J98: =SUMIF(GU!$C$3:$C$20,"PSUV",GU!I$3:I$20) -> 119 | K98: =SUMIF(GU!$C$3:$C$20,"PSUV",GU!J$3:J$20) -> 151 | L98: =SUMIF(GU!$C$3:$C$20,"PSUV",GU!K$3:K$20) -> 143 | M98: =SUMIF(GU!$C$3:$C$20,"PSUV",GU!L$3:L$20) -> 138 | N98: =SUMIF(GU!$C$3:$C$20,"PSUV",GU!M$3:M$20) -> 143 | ... X98: =SUMIF(GU!$C$3:$C$20,"PSUV",GU!W$3:W$20) -> 120
D99: José Gonzalez | E99: =F99/(F98+F99+F100) -> 0.28455811 | F99: =IF(SUM(G99:X99)=0,1,SUM(G99:X99)) -> 879 | G99: =SUMIF(GU!$C$3:$C$20,"MUD",GU!F$3:F$20) -> 10 | H99: =SUMIF(GU!$C$3:$C$20,"MUD",GU!G$3:G$20) -> 48 | I99: =SUMIF(GU!$C$3:$C$20,"MUD",GU!H$3:H$20) -> 70 | J99: =SUMIF(GU!$C$3:$C$20,"MUD",GU!I$3:I$20) -> 47 | K99: =SUMIF(GU!$C$3:$C$20,"MUD",GU!J$3:J$20) -> 50 | L99: =SUMIF(GU!$C$3:$C$20,"MUD",GU!K$3:K$20) -> 43 | M99: =SUMIF(GU!$C$3:$C$20,"MUD",GU!L$3:L$20) -> 59 | N99: =SUMIF(GU!$C$3:$C$20,"MUD",GU!M$3:M$20) -> 58 | ... X99: =SUMIF(GU!$C$3:$C$20,"MUD",GU!W$3:W$20) -> 58
D100: Otro | E100: =F100/(F98+F99+F100) -> 0.031725478 | F100: =IF(SUM(G100:X100)=0,1,SUM(G100:X100)) -> 98 | G100: =SUMIF(GU!$C$3:$C$20,"Otro",GU!F$3:F$20) -> 2 | H100: =SUMIF(GU!$C$3:$C$20,"Otro",GU!G$3:G$20) -> 7 | I100: =SUMIF(GU!$C$3:$C$20,"Otro",GU!H$3:H$20) -> 2 | J100: =SUMIF(GU!$C$3:$C$20,"Otro",GU!I$3:I$20) -> 0 | K100: =SUMIF(GU!$C$3:$C$20,"Otro",GU!J$3:J$20) -> 4 | L100: =SUMIF(GU!$C$3:$C$20,"Otro",GU!K$3:K$20) -> 6 | M100: =SUMIF(GU!$C$3:$C$20,"Otro",GU!L$3:L$20) -> 5 | N100: =SUMIF(GU!$C$3:$C$20,"Otro",GU!M$3:M$20) -> 13 | ... X100: =SUMIF(GU!$C$3:$C$20,"Otro",GU!W$3:W$20) -> 7
...

Sheet AM
B2: Municipio | C2: Candidato | D2: Resultado | E2: Recibidos | F2: 1 | G2: 2 | H2: 3 | I2: 4 | J2: 5 | K2: 6 | L2: 7 | M2: 8 | N2: 9 | O2: 10 | P2: 11 | Q2: 12 | R2: 13 | S2: 14 | T2: 15 | U2: 16 | V2: 17 | W2: 18
B3: 1 | C3: PSUV | D3: =IF((E3+E4+E5)=0,0,E3/(E3+E4+E5)) -> 0.49724771 | E3: =SUM(F3:W3) -> 271 | F3: =SUMIFS([0]!psuv,[0]!municipio,$B3,[0]!turno,F$2) -> 4 | G3: =SUMIFS([0]!psuv,[0]!municipio,$B3,[0]!turno,G$2) -> 26 | H3: =SUMIFS([0]!psuv,[0]!municipio,$B3,[0]!turno,H$2) -> 28 | I3: =SUMIFS([0]!psuv,[0]!municipio,$B3,[0]!turno,I$2) -> 16 | J3: =SUMIFS([0]!psuv,[0]!municipio,$B3,[0]!turno,J$2) -> 14 | K3: =SUMIFS([0]!psuv,[0]!municipio,$B3,[0]!turno,K$2) -> 17 | L3: =SUMIFS([0]!psuv,[0]!municipio,$B3,[0]!turno,L$2) -> 21 | M3: =SUMIFS([0]!psuv,[0]!municipio,$B3,[0]!turno,M$2) -> 19 | ... W3: =SUMIFS([0]!psuv,[0]!municipio,$B3,[0]!turno,W$2) -> 14
B4: ATURES | C4: MUD | D4: =IF((E3+E4+E5)=0,0,E4/(E3+E4+E5)) -> 0.43669725 | E4: =SUM(F4:W4) -> 238 | F4: =SUMIFS([0]!mud,[0]!municipio,$B3,[0]!turno,F$2) -> 7 | G4: =SUMIFS([0]!mud,[0]!municipio,$B3,[0]!turno,G$2) -> 30 | H4: =SUMIFS([0]!mud,[0]!municipio,$B3,[0]!turno,H$2) -> 26 | I4: =SUMIFS([0]!mud,[0]!municipio,$B3,[0]!turno,I$2) -> 24 | J4: =SUMIFS([0]!mud,[0]!municipio,$B3,[0]!turno,J$2) -> 14 | K4: =SUMIFS([0]!mud,[0]!municipio,$B3,[0]!turno,K$2) -> 7 | L4: =SUMIFS([0]!mud,[0]!municipio,$B3,[0]!turno,L$2) -> 9 | M4: =SUMIFS([0]!mud,[0]!municipio,$B3,[0]!turno,M$2) -> 23 | ... W4: =SUMIFS([0]!mud,[0]!municipio,$B3,[0]!turno,W$2) -> 12
B5: 1 | C5: Otro | D5: =IF((E3+E4+E5)=0,0,E5/(E3+E4+E5)) -> 0.066055046 | E5: =SUM(F5:W5) -> 36 | F5: =SUMIFS([0]!otro,[0]!municipio,$B3,[0]!turno,F$2) -> 0 | G5: =SUMIFS([0]!otro,[0]!municipio,$B3,[0]!turno,G$2) -> 0 | H5: =SUMIFS([0]!otro,[0]!municipio,$B3,[0]!turno,H$2) -> 2 | I5: =SUMIFS([0]!otro,[0]!municipio,$B3,[0]!turno,I$2) -> 1 | J5: =SUMIFS([0]!otro,[0]!municipio,$B3,[0]!turno,J$2) -> 2 | K5: =SUMIFS([0]!otro,[0]!municipio,$B3,[0]!turno,K$2) -> 1 | L5: =SUMIFS([0]!otro,[0]!municipio,$B3,[0]!turno,L$2) -> 3 | M5: =SUMIFS([0]!otro,[0]!municipio,$B3,[0]!turno,M$2) -> 5 | ... W5: =SUMIFS([0]!otro,[0]!municipio,$B3,[0]!turno,W$2) -> 0

Sheet AN
B2: Municipio | C2: Candidato | D2: Resultado | E2: Recibidos | F2: 1 | G2: 2 | H2: 3 | I2: 4 | J2: 5 | K2: 6 | L2: 7 | M2: 8 | N2: 9 | O2: 10 | P2: 11 | Q2: 12 | R2: 13 | S2: 14 | T2: 15 | U2: 16 | V2: 17 | W2: 18
B3: 2 | C3: PSUV | D3: =IF((E3+E4+E5)=0,0,E3/(E3+E4+E5)) -> 0.54518519 | E3: =SUM(F3:W3) -> 368 | F3: =SUMIFS([0]!psuv,[0]!municipio,$B3,[0]!turno,F$2) -> 0 | G3: =SUMIFS([0]!psuv,[0]!municipio,$B3,[0]!turno,G$2) -> 25 | H3: =SUMIFS([0]!psuv,[0]!municipio,$B3,[0]!turno,H$2) -> 16 | I3: =SUMIFS([0]!psuv,[0]!municipio,$B3,[0]!turno,I$2) -> 38 | J3: =SUMIFS([0]!psuv,[0]!municipio,$B3,[0]!turno,J$2) -> 31 | K3: =SUMIFS([0]!psuv,[0]!municipio,$B3,[0]!turno,K$2) -> 15 | L3: =SUMIFS([0]!psuv,[0]!municipio,$B3,[0]!turno,L$2) -> 23 | M3: =SUMIFS([0]!psuv,[0]!municipio,$B3,[0]!turno,M$2) -> 17 | ... W3: =SUMIFS([0]!psuv,[0]!municipio,$B3,[0]!turno,W$2) -> 18
B4: ANACO | C4: MUD | D4: =IF((E3+E4+E5)=0,0,E4/(E3+E4+E5)) -> 0.43259259 | E4: =SUM(F4:W4) -> 292 | F4: =SUMIFS([0]!mud,[0]!municipio,$B3,[0]!turno,F$2) -> 0 | G4: =SUMIFS([0]!mud,[0]!municipio,$B3,[0]!turno,G$2) -> 18 | H4: =SUMIFS([0]!mud,[0]!municipio,$B3,[0]!turno,H$2) -> 2 | I4: =SUMIFS([0]!mud,[0]!municipio,$B3,[0]!turno,I$2) -> 14 | J4: =SUMIFS([0]!mud,[0]!municipio,$B3,[0]!turno,J$2) -> 31 | K4: =SUMIFS([0]!mud,[0]!municipio,$B3,[0]!turno,K$2) -> 18 | L4: =SUMIFS([0]!mud,[0]!municipio,$B3,[0]!turno,L$2) -> 11 | M4: =SUMIFS([0]!mud,[0]!municipio,$B3,[0]!turno,M$2) -> 26 | ... W4: =SUMIFS([0]!mud,[0]!municipio,$B3,[0]!turno,W$2) -> 14
B5: 0.10702029 | C5: Otro | D5: =IF((E3+E4+E5)=0,0,E5/(E3+E4+E5)) -> 0.022222222 | E5: =SUM(F5:W5) -> 15 | F5: =SUMIFS([0]!otro,[0]!municipio,$B3,[0]!turno,F$2) -> 0 | G5: =SUMIFS([0]!otro,[0]!municipio,$B3,[0]!turno,G$2) -> 0 | H5: =SUMIFS([0]!otro,[0]!municipio,$B3,[0]!turno,H$2) -> 0 | I5: =SUMIFS([0]!otro,[0]!municipio,$B3,[0]!turno,I$2) -> 0 | J5: =SUMIFS([0]!otro,[0]!municipio,$B3,[0]!turno,J$2) -> 0 | K5: =SUMIFS([0]!otro,[0]!municipio,$B3,[0]!turno,K$2) -> 11 | L5: =SUMIFS([0]!otro,[0]!municipio,$B3,[0]!turno,L$2) -> 3 | M5: =SUMIFS([0]!otro,[0]!municipio,$B3,[0]!turno,M$2) -> 1 | ... W5: =SUMIFS([0]!otro,[0]!municipio,$B3,[0]!turno,W$2) -> 0
B6: 3 | C6: PSUV | D6: =IF((E6+E7+E8)=0,0,E6/(E6+E7+E8)) -> 0.61023891 | E6: =SUM(F6:W6) -> 894 | F6: =SUMIFS([0]!psuv,[0]!municipio,$B6,[0]!turno,F$2) -> 26 | G6: =SUMIFS([0]!psuv,[0]!municipio,$B6,[0]!turno,G$2) -> 43 | H6: =SUMIFS([0]!psuv,[0]!municipio,$B6,[0]!turno,H$2) -> 28 | I6: =SUMIFS([0]!psuv,[0]!municipio,$B6,[0]!turno,I$2) -> 69 | J6: =SUMIFS([0]!psuv,[0]!municipio,$B6,[0]!turno,J$2) -> 64 | K6: =SUMIFS([0]!psuv,[0]!municipio,$B6,[0]!turno,K$2) -> 52 | L6: =SUMIFS([0]!psuv,[0]!municipio,$B6,[0]!turno,L$2) -> 73 | M6: =SUMIFS([0]!psuv,[0]!municipio,$B6,[0]!turno,M$2) -> 52 | ... W6: =SUMIFS([0]!psuv,[0]!municipio,$B6,[0]!turno,W$2) -> 37
B7: BOLIVAR | C7: MUD | D7: =IF((E6+E7+E8)=0,0,E7/(E6+E7+E8)) -> 0.37337884 | E7: =SUM(F7:W7) -> 547 | F7: =SUMIFS([0]!mud,[0]!municipio,$B6,[0]!turno,F$2) -> 12 | G7: =SUMIFS([0]!mud,[0]!municipio,$B6,[0]!turno,G$2) -> 19 | H7: =SUMIFS([0]!mud,[0]!municipio,$B6,[0]!turno,H$2) -> 12 | I7: =SUMIFS([0]!mud,[0]!municipio,$B6,[0]!turno,I$2) -> 45 | J7: =SUMIFS([0]!mud,[0]!municipio,$B6,[0]!turno,J$2) -> 44 | K7: =SUMIFS([0]!mud,[0]!municipio,$B6,[0]!turno,K$2) -> 40 | L7: =SUMIFS([0]!mud,[0]!municipio,$B6,[0]!turno,L$2) -> 32 | M7: =SUMIFS([0]!mud,[0]!municipio,$B6,[0]!turno,M$2) -> 45 | ... W7: =SUMIFS([0]!mud,[0]!municipio,$B6,[0]!turno,W$2) -> 21
B8: 0.32873198 | C8: Otro | D8: =IF((E6+E7+E8)=0,0,E8/(E6+E7+E8)) -> 0.016382253 | E8: =SUM(F8:W8) -> 24 | F8: =SUMIFS([0]!otro,[0]!municipio,$B6,[0]!turno,F$2) -> 1 | G8: =SUMIFS([0]!otro,[0]!municipio,$B6,[0]!turno,G$2) -> 0 | H8: =SUMIFS([0]!otro,[0]!municipio,$B6,[0]!turno,H$2) -> 0 | I8: =SUMIFS([0]!otro,[0]!municipio,$B6,[0]!turno,I$2) -> 2 | J8: =SUMIFS([0]!otro,[0]!municipio,$B6,[0]!turno,J$2) -> 4 | K8: =SUMIFS([0]!otro,[0]!municipio,$B6,[0]!turno,K$2) -> 5 | L8: =SUMIFS([0]!otro,[0]!municipio,$B6,[0]!turno,L$2) -> 4 | M8: =SUMIFS([0]!otro,[0]!municipio,$B6,[0]!turno,M$2) -> 3 | ... W8: =SUMIFS([0]!otro,[0]!municipio,$B6,[0]!turno,W$2) -> 0
B9: 4 | C9: PSUV | D9: =IF((E9+E10+E11)=0,0,E9/(E9+E10+E11)) -> 0.11111111 | E9: =SUM(F9:W9) -> 42 | F9: =SUMIFS([0]!psuv,[0]!municipio,$B9,[0]!turno,F$2) -> 2 | G9: =SUMIFS([0]!psuv,[0]!municipio,$B9,[0]!turno,G$2) -> 4 | H9: =SUMIFS([0]!psuv,[0]!municipio,$B9,[0]!turno,H$2) -> 4 | I9: =SUMIFS([0]!psuv,[0]!municipio,$B9,[0]!turno,I$2) -> 4 | J9: =SUMIFS([0]!psuv,[0]!municipio,$B9,[0]!turno,J$2) -> 4 | K9: =SUMIFS([0]!psuv,[0]!municipio,$B9,[0]!turno,K$2) -> 3 | L9: =SUMIFS([0]!psuv,[0]!municipio,$B9,[0]!turno,L$2) -> 4 | M9: =SUMIFS([0]!psuv,[0]!municipio,$B9,[0]!turno,M$2) -> 2 | ... W9: =SUMIFS([0]!psuv,[0]!municipio,$B9,[0]!turno,W$2) -> 0
B10: FREITES | C10: MUD | D10: =IF((E9+E10+E11)=0,0,E10/(E9+E10+E11)) -> 0.85978836 | E10: =SUM(F10:W10) -> 325 | F10: =SUMIFS([0]!mud,[0]!municipio,$B9,[0]!turno,F$2) -> 15 | G10: =SUMIFS([0]!mud,[0]!municipio,$B9,[0]!turno,G$2) -> 20 | H10: =SUMIFS([0]!mud,[0]!municipio,$B9,[0]!turno,H$2) -> 18 | I10: =SUMIFS([0]!mud,[0]!municipio,$B9,[0]!turno,I$2) -> 17 | J10: =SUMIFS([0]!mud,[0]!municipio,$B9,[0]!turno,J$2) -> 24 | K10: =SUMIFS([0]!mud,[0]!municipio,$B9,[0]!turno,K$2) -> 20 | L10: =SUMIFS([0]!mud,[0]!municipio,$B9,[0]!turno,L$2) -> 25 | M10: =SUMIFS([0]!mud,[0]!municipio,$B9,[0]!turno,M$2) -> 21 | ... W10: =SUMIFS([0]!mud,[0]!municipio,$B9,[0]!turno,W$2) -> 0
B11: 0.065388395 | C11: Otro | D11: =IF((E9+E10+E11)=0,0,E11/(E9+E10+E11)) -> 0.029100529 | E11: =SUM(F11:W11) -> 11 | F11: =SUMIFS([0]!otro,[0]!municipio,$B9,[0]!turno,F$2) -> 5 | G11: =SUMIFS([0]!otro,[0]!municipio,$B9,[0]!turno,G$2) -> 3 | H11: =SUMIFS([0]!otro,[0]!municipio,$B9,[0]!turno,H$2) -> 1 | I11: =SUMIFS([0]!otro,[0]!municipio,$B9,[0]!turno,I$2) -> 0 | J11: =SUMIFS([0]!otro,[0]!municipio,$B9,[0]!turno,J$2) -> 0 | K11: =SUMIFS([0]!otro,[0]!municipio,$B9,[0]!turno,K$2) -> 0 | L11: =SUMIFS([0]!otro,[0]!municipio,$B9,[0]!turno,L$2) -> 0 | M11: =SUMIFS([0]!otro,[0]!municipio,$B9,[0]!turno,M$2) -> 0 | ... W11: =SUMIFS([0]!otro,[0]!municipio,$B9,[0]!turno,W$2) -> 0
B12: 5 | C12: PSUV | D12: =IF((E12+E13+E14)=0,0,E12/(E12+E13+E14)) -> 0.54444444 | E12: =SUM(F12:W12) -> 49 | F12: =SUMIFS([0]!psuv,[0]!municipio,$B12,[0]!turno,F$2) -> 0 | G12: =SUMIFS([0]!psuv,[0]!municipio,$B12,[0]!turno,G$2) -> 10 | H12: =SUMIFS([0]!psuv,[0]!municipio,$B12,[0]!turno,H$2) -> 3 | I12: =SUMIFS([0]!psuv,[0]!municipio,$B12,[0]!turno,I$2) -> 0 | J12: =SUMIFS([0]!psuv,[0]!municipio,$B12,[0]!turno,J$2) -> 0 | K12: =SUMIFS([0]!psuv,[0]!municipio,$B12,[0]!turno,K$2) -> 0 | L12: =SUMIFS([0]!psuv,[0]!municipio,$B12,[0]!turno,L$2) -> 0 | M12: =SUMIFS([0]!psuv,[0]!municipio,$B12,[0]!turno,M$2) -> 0 | ... W12: =SUMIFS([0]!psuv,[0]!municipio,$B12,[0]!turno,W$2) -> 3
B13: GUANIPA | C13: MUD | D13: =IF((E12+E13+E14)=0,0,E13/(E12+E13+E14)) -> 0.42222222 | E13: =SUM(F13:W13) -> 38 | F13: =SUMIFS([0]!mud,[0]!municipio,$B12,[0]!turno,F$2) -> 0 | G13: =SUMIFS([0]!mud,[0]!municipio,$B12,[0]!turno,G$2) -> 2 | H13: =SUMIFS([0]!mud,[0]!municipio,$B12,[0]!turno,H$2) -> 5 | I13: =SUMIFS([0]!mud,[0]!municipio,$B12,[0]!turno,I$2) -> 0 | J13: =SUMIFS([0]!mud,[0]!municipio,$B12,[0]!turno,J$2) -> 0 | K13: =SUMIFS([0]!mud,[0]!municipio,$B12,[0]!turno,K$2) -> 0 | L13: =SUMIFS([0]!mud,[0]!municipio,$B12,[0]!turno,L$2) -> 0 | M13: =SUMIFS([0]!mud,[0]!municipio,$B12,[0]!turno,M$2) -> 0 | ... W13: =SUMIFS([0]!mud,[0]!municipio,$B12,[0]!turno,W$2) -> 2
B14: 0.063790967 | C14: Otro | D14: =IF((E12+E13+E14)=0,0,E14/(E12+E13+E14)) -> 0.033333333 | E14: =SUM(F14:W14) -> 3 | F14: =SUMIFS([0]!otro,[0]!municipio,$B12,[0]!turno,F$2) -> 0 | G14: =SUMIFS([0]!otro,[0]!municipio,$B12,[0]!turno,G$2) -> 0 | H14: =SUMIFS([0]!otro,[0]!municipio,$B12,[0]!turno,H$2) -> 1 | I14: =SUMIFS([0]!otro,[0]!municipio,$B12,[0]!turno,I$2) -> 0 | J14: =SUMIFS([0]!otro,[0]!municipio,$B12,[0]!turno,J$2) -> 0 | K14: =SUMIFS([0]!otro,[0]!municipio,$B12,[0]!turno,K$2) -> 0 | L14: =SUMIFS([0]!otro,[0]!municipio,$B12,[0]!turno,L$2) -> 0 | M14: =SUMIFS([0]!otro,[0]!municipio,$B12,[0]!turno,M$2) -> 0 | ... W14: =SUMIFS([0]!otro,[0]!municipio,$B12,[0]!turno,W$2) -> 0
B15: 6 | C15: PSUV | D15: =IF((E15+E16+E17)=0,0,E15/(E15+E16+E17)) -> 0.51428571 | E15: =SUM(F15:W15) -> 54 | F15: =SUMIFS([0]!psuv,[0]!municipio,$B15,[0]!turno,F$2) -> 0 | G15: =SUMIFS([0]!psuv,[0]!municipio,$B15,[0]!turno,G$2) -> 0 | H15: =SUMIFS([0]!psuv,[0]!municipio,$B15,[0]!turno,H$2) -> 2 | I15: =SUMIFS([0]!psuv,[0]!municipio,$B15,[0]!turno,I$2) -> 12 | J15: =SUMIFS([0]!psuv,[0]!municipio,$B15,[0]!turno,J$2) -> 1 | K15: =SUMIFS([0]!psuv,[0]!municipio,$B15,[0]!turno,K$2) -> 2 | L15: =SUMIFS([0]!psuv,[0]!municipio,$B15,[0]!turno,L$2) -> 8 | M15: =SUMIFS([0]!psuv,[0]!municipio,$B15,[0]!turno,M$2) -> 3 | ... W15: =SUMIFS([0]!psuv,[0]!municipio,$B15,[0]!turno,W$2) -> 0
B16: GUANTA | C16: MUD | D16: =IF((E15+E16+E17)=0,0,E16/(E15+E16+E17)) -> 0.40952381 | E16: =SUM(F16:W16) -> 43 | F16: =SUMIFS([0]!mud,[0]!municipio,$B15,[0]!turno,F$2) -> 0 | G16: =SUMIFS([0]!mud,[0]!municipio,$B15,[0]!turno,G$2) -> 0 | H16: =SUMIFS([0]!mud,[0]!municipio,$B15,[0]!turno,H$2) -> 1 | I16: =SUMIFS([0]!mud,[0]!municipio,$B15,[0]!turno,I$2) -> 4 | J16: =SUMIFS([0]!mud,[0]!municipio,$B15,[0]!turno,J$2) -> 4 | K16: =SUMIFS([0]!mud,[0]!municipio,$B15,[0]!turno,K$2) -> 2 | L16: =SUMIFS([0]!mud,[0]!municipio,$B15,[0]!turno,L$2) -> 5 | M16: =SUMIFS([0]!mud,[0]!municipio,$B15,[0]!turno,M$2) -> 8 | ... W16: =SUMIFS([0]!mud,[0]!municipio,$B15,[0]!turno,W$2) -> 0
B17: 0.03006844 | C17: Otro | D17: =IF((E15+E16+E17)=0,0,E17/(E15+E16+E17)) -> 0.076190476 | E17: =SUM(F17:W17) -> 8 | F17: =SUMIFS([0]!otro,[0]!municipio,$B15,[0]!turno,F$2) -> 0 | G17: =SUMIFS([0]!otro,[0]!municipio,$B15,[0]!turno,G$2) -> 0 | H17: =SUMIFS([0]!otro,[0]!municipio,$B15,[0]!turno,H$2) -> 0 | I17: =SUMIFS([0]!otro,[0]!municipio,$B15,[0]!turno,I$2) -> 0 | J17: =SUMIFS([0]!otro,[0]!municipio,$B15,[0]!turno,J$2) -> 0 | K17: =SUMIFS([0]!otro,[0]!municipio,$B15,[0]!turno,K$2) -> 0 | L17: =SUMIFS([0]!otro,[0]!municipio,$B15,[0]!turno,L$2) -> 1 | M17: =SUMIFS([0]!otro,[0]!municipio,$B15,[0]!turno,M$2) -> 2 | ... W17: =SUMIFS([0]!otro,[0]!municipio,$B15,[0]!turno,W$2) -> 1
B18: 7 | C18: PSUV | D18: =IF((E18+E19+E20)=0,0,E18/(E18+E19+E20)) -> 0.47826087 | E18: =SUM(F18:W18) -> 88 | F18: =SUMIFS([0]!psuv,[0]!municipio,$B18,[0]!turno,F$2) -> 0 | G18: =SUMIFS([0]!psuv,[0]!municipio,$B18,[0]!turno,G$2) -> 0 | H18: =SUMIFS([0]!psuv,[0]!municipio,$B18,[0]!turno,H$2) -> 0 | I18: =SUMIFS([0]!psuv,[0]!municipio,$B18,[0]!turno,I$2) -> 13 | J18: =SUMIFS([0]!psuv,[0]!municipio,$B18,[0]!turno,J$2) -> 6 | K18: =SUMIFS([0]!psuv,[0]!municipio,$B18,[0]!turno,K$2) -> 7 | L18: =SUMIFS([0]!psuv,[0]!municipio,$B18,[0]!turno,L$2) -> 6 | M18: =SUMIFS([0]!psuv,[0]!municipio,$B18,[0]!turno,M$2) -> 5 | ... W18: =SUMIFS([0]!psuv,[0]!municipio,$B18,[0]!turno,W$2) -> 3
B19: LIBERTAD | C19: MUD | D19: =IF((E18+E19+E20)=0,0,E19/(E18+E19+E20)) -> 0.4673913 | E19: =SUM(F19:W19) -> 86 | F19: =SUMIFS([0]!mud,[0]!municipio,$B18,[0]!turno,F$2) -> 7 | G19: =SUMIFS([0]!mud,[0]!municipio,$B18,[0]!turno,G$2) -> 7 | H19: =SUMIFS([0]!mud,[0]!municipio,$B18,[0]!turno,H$2) -> 3 | I19: =SUMIFS([0]!mud,[0]!municipio,$B18,[0]!turno,I$2) -> 6 | J19: =SUMIFS([0]!mud,[0]!municipio,$B18,[0]!turno,J$2) -> 4 | K19: =SUMIFS([0]!mud,[0]!municipio,$B18,[0]!turno,K$2) -> 2 | L19: =SUMIFS([0]!mud,[0]!municipio,$B18,[0]!turno,L$2) -> 11 | M19: =SUMIFS([0]!mud,[0]!municipio,$B18,[0]!turno,M$2) -> 5 | ... W19: =SUMIFS([0]!mud,[0]!municipio,$B18,[0]!turno,W$2) -> 7
B20: 0.015897745 | C20: Otro | D20: =IF((E18+E19+E20)=0,0,E20/(E18+E19+E20)) -> 0.054347826 | E20: =SUM(F20:W20) -> 10 | F20: =SUMIFS([0]!otro,[0]!municipio,$B18,[0]!turno,F$2) -> 0 | G20: =SUMIFS([0]!otro,[0]!municipio,$B18,[0]!turno,G$2) -> 0 | H20: =SUMIFS([0]!otro,[0]!municipio,$B18,[0]!turno,H$2) -> 0 | I20: =SUMIFS([0]!otro,[0]!municipio,$B18,[0]!turno,I$2) -> 2 | J20: =SUMIFS([0]!otro,[0]!municipio,$B18,[0]!turno,J$2) -> 0 | K20: =SUMIFS([0]!otro,[0]!municipio,$B18,[0]!turno,K$2) -> 0 | L20: =SUMIFS([0]!otro,[0]!municipio,$B18,[0]!turno,L$2) -> 0 | M20: =SUMIFS([0]!otro,[0]!municipio,$B18,[0]!turno,M$2) -> 0 | ... W20: =SUMIFS([0]!otro,[0]!municipio,$B18,[0]!turno,W$2) -> 0
B21: 8 | C21: PSUV | D21: =IF((E21+E22+E23)=0,0,E21/(E21+E22+E23)) -> 0 | E21: =SUM(F21:W21) -> 0 | F21: =SUMIFS([0]!psuv,[0]!municipio,$B21,[0]!turno,F$2) -> 0 | G21: =SUMIFS([0]!psuv,[0]!municipio,$B21,[0]!turno,G$2) -> 0 | H21: =SUMIFS([0]!psuv,[0]!municipio,$B21,[0]!turno,H$2) -> 0 | I21: =SUMIFS([0]!psuv,[0]!municipio,$B21,[0]!turno,I$2) -> 0 | J21: =SUMIFS([0]!psuv,[0]!municipio,$B21,[0]!turno,J$2) -> 0 | K21: =SUMIFS([0]!psuv,[0]!municipio,$B21,[0]!turno,K$2) -> 0 | L21: =SUMIFS([0]!psuv,[0]!municipio,$B21,[0]!turno,L$2) -> 0 | M21: =SUMIFS([0]!psuv,[0]!municipio,$B21,[0]!turno,M$2) -> 0 | ... W21: =SUMIFS([0]!psuv,[0]!municipio,$B21,[0]!turno,W$2) -> 0
B22: MIRANDA | C22: MUD | D22: =IF((E21+E22+E23)=0,0,E22/(E21+E22+E23)) -> 0 | E22: =SUM(F22:W22) -> 0 | F22: =SUMIFS([0]!mud,[0]!municipio,$B21,[0]!turno,F$2) -> 0 | G22: =SUMIFS([0]!mud,[0]!municipio,$B21,[0]!turno,G$2) -> 0 | H22: =SUMIFS([0]!mud,[0]!municipio,$B21,[0]!turno,H$2) -> 0 | I22: =SUMIFS([0]!mud,[0]!municipio,$B21,[0]!turno,I$2) -> 0 | J22: =SUMIFS([0]!mud,[0]!municipio,$B21,[0]!turno,J$2) -> 0 | K22: =SUMIFS([0]!mud,[0]!municipio,$B21,[0]!turno,K$2) -> 0 | L22: =SUMIFS([0]!mud,[0]!municipio,$B21,[0]!turno,L$2) -> 0 | M22: =SUMIFS([0]!mud,[0]!municipio,$B21,[0]!turno,M$2) -> 0 | ... W22: =SUMIFS([0]!mud,[0]!municipio,$B21,[0]!turno,W$2) -> 0
B23: 0.039583879 | C23: Otro | D23: =IF((E21+E22+E23)=0,0,E23/(E21+E22+E23)) -> 0 | E23: =SUM(F23:W23) -> 0 | F23: =SUMIFS([0]!otro,[0]!municipio,$B21,[0]!turno,F$2) -> 0 | G23: =SUMIFS([0]!otro,[0]!municipio,$B21,[0]!turno,G$2) -> 0 | H23: =SUMIFS([0]!otro,[0]!municipio,$B21,[0]!turno,H$2) -> 0 | I23: =SUMIFS([0]!otro,[0]!municipio,$B21,[0]!turno,I$2) -> 0 | J23: =SUMIFS([0]!otro,[0]!municipio,$B21,[0]!turno,J$2) -> 0 | K23: =SUMIFS([0]!otro,[0]!municipio,$B21,[0]!turno,K$2) -> 0 | L23: =SUMIFS([0]!otro,[0]!municipio,$B21,[0]!turno,L$2) -> 0 | M23: =SUMIFS([0]!otro,[0]!municipio,$B21,[0]!turno,M$2) -> 0 | ... W23: =SUMIFS([0]!otro,[0]!municipio,$B21,[0]!turno,W$2) -> 0
B24: 9 | C24: PSUV | D24: =IF((E24+E25+E26)=0,0,E24/(E24+E25+E26)) -> 0.66088117 | E24: =SUM(F24:W24) -> 495 | F24: =SUMIFS([0]!psuv,[0]!municipio,$B24,[0]!turno,F$2) -> 45 | G24: =SUMIFS([0]!psuv,[0]!municipio,$B24,[0]!turno,G$2) -> 30 | H24: =SUMIFS([0]!psuv,[0]!municipio,$B24,[0]!turno,H$2) -> 30 | I24: =SUMIFS([0]!psuv,[0]!municipio,$B24,[0]!turno,I$2) -> 24 | J24: =SUMIFS([0]!psuv,[0]!municipio,$B24,[0]!turno,J$2) -> 25 | K24: =SUMIFS([0]!psuv,[0]!municipio,$B24,[0]!turno,K$2) -> 24 | L24: =SUMIFS([0]!psuv,[0]!municipio,$B24,[0]!turno,L$2) -> 21 | M24: =SUMIFS([0]!psuv,[0]!municipio,$B24,[0]!turno,M$2) -> 8 | ... W24: =SUMIFS([0]!psuv,[0]!municipio,$B24,[0]!turno,W$2) -> 25
B25: SIMON RODRIGUEZ | C25: MUD | D25: =IF((E24+E25+E26)=0,0,E25/(E24+E25+E26)) -> 0.33377837 | E25: =SUM(F25:W25) -> 250 | F25: =SUMIFS([0]!mud,[0]!municipio,$B24,[0]!turno,F$2) -> 11 | G25: =SUMIFS([0]!mud,[0]!municipio,$B24,[0]!turno,G$2) -> 12 | H25: =SUMIFS([0]!mud,[0]!municipio,$B24,[0]!turno,H$2) -> 15 | I25: =SUMIFS([0]!mud,[0]!municipio,$B24,[0]!turno,I$2) -> 9 | J25: =SUMIFS([0]!mud,[0]!municipio,$B24,[0]!turno,J$2) -> 15 | K25: =SUMIFS([0]!mud,[0]!municipio,$B24,[0]!turno,K$2) -> 20 | L25: =SUMIFS([0]!mud,[0]!municipio,$B24,[0]!turno,L$2) -> 23 | M25: =SUMIFS([0]!mud,[0]!municipio,$B24,[0]!turno,M$2) -> 30 | ... W25: =SUMIFS([0]!mud,[0]!municipio,$B24,[0]!turno,W$2) -> 16
B26: 0.14069837 | C26: Otro | D26: =IF((E24+E25+E26)=0,0,E26/(E24+E25+E26)) -> 0.0053404539 | E26: =SUM(F26:W26) -> 4 | F26: =SUMIFS([0]!otro,[0]!municipio,$B24,[0]!turno,F$2) -> 1 | G26: =SUMIFS([0]!otro,[0]!municipio,$B24,[0]!turno,G$2) -> 0 | H26: =SUMIFS([0]!otro,[0]!municipio,$B24,[0]!turno,H$2) -> 0 | I26: =SUMIFS([0]!otro,[0]!municipio,$B24,[0]!turno,I$2) -> 0 | J26: =SUMIFS([0]!otro,[0]!municipio,$B24,[0]!turno,J$2) -> 1 | K26: =SUMIFS([0]!otro,[0]!municipio,$B24,[0]!turno,K$2) -> 0 | L26: =SUMIFS([0]!otro,[0]!municipio,$B24,[0]!turno,L$2) -> 0 | M26: =SUMIFS([0]!otro,[0]!municipio,$B24,[0]!turno,M$2) -> 0 | ... W26: =SUMIFS([0]!otro,[0]!municipio,$B24,[0]!turno,W$2) -> 0
B27: 10 | C27: PSUV | D27: =IF((E27+E28+E29)=0,0,E27/(E27+E28+E29)) -> 0.53133903 | E27: =SUM(F27:W27) -> 373 | F27: =SUMIFS([0]!psuv,[0]!municipio,$B27,[0]!turno,F$2) -> 0 | G27: =SUMIFS([0]!psuv,[0]!municipio,$B27,[0]!turno,G$2) -> 18 | H27: =SUMIFS([0]!psuv,[0]!municipio,$B27,[0]!turno,H$2) -> 22 | I27: =SUMIFS([0]!psuv,[0]!municipio,$B27,[0]!turno,I$2) -> 28 | J27: =SUMIFS([0]!psuv,[0]!municipio,$B27,[0]!turno,J$2) -> 24 | K27: =SUMIFS([0]!psuv,[0]!municipio,$B27,[0]!turno,K$2) -> 27 | L27: =SUMIFS([0]!psuv,[0]!municipio,$B27,[0]!turno,L$2) -> 24 | M27: =SUMIFS([0]!psuv,[0]!municipio,$B27,[0]!turno,M$2) -> 31 | ... W27: =SUMIFS([0]!psuv,[0]!municipio,$B27,[0]!turno,W$2) -> 16
B28: SOTILLO | C28: MUD | D28: =IF((E27+E28+E29)=0,0,E28/(E27+E28+E29)) -> 0.44017094 | E28: =SUM(F28:W28) -> 309 | F28: =SUMIFS([0]!mud,[0]!municipio,$B27,[0]!turno,F$2) -> 0 | G28: =SUMIFS([0]!mud,[0]!municipio,$B27,[0]!turno,G$2) -> 15 | H28: =SUMIFS([0]!mud,[0]!municipio,$B27,[0]!turno,H$2) -> 21 | I28: =SUMIFS([0]!mud,[0]!municipio,$B27,[0]!turno,I$2) -> 15 | J28: =SUMIFS([0]!mud,[0]!municipio,$B27,[0]!turno,J$2) -> 19 | K28: =SUMIFS([0]!mud,[0]!municipio,$B27,[0]!turno,K$2) -> 18 | L28: =SUMIFS([0]!mud,[0]!municipio,$B27,[0]!turno,L$2) -> 20 | M28: =SUMIFS([0]!mud,[0]!municipio,$B27,[0]!turno,M$2) -> 23 | ... W28: =SUMIFS([0]!mud,[0]!municipio,$B27,[0]!turno,W$2) -> 10
B29: 0.20881993 | C29: Otro | D29: =IF((E27+E28+E29)=0,0,E29/(E27+E28+E29)) -> 0.028490028 | E29: =SUM(F29:W29) -> 20 | F29: =SUMIFS([0]!otro,[0]!municipio,$B27,[0]!turno,F$2) -> 0 | G29: =SUMIFS([0]!otro,[0]!municipio,$B27,[0]!turno,G$2) -> 0 | H29: =SUMIFS([0]!otro,[0]!municipio,$B27,[0]!turno,H$2) -> 0 | I29: =SUMIFS([0]!otro,[0]!municipio,$B27,[0]!turno,I$2) -> 0 | J29: =SUMIFS([0]!otro,[0]!municipio,$B27,[0]!turno,J$2) -> 4 | K29: =SUMIFS([0]!otro,[0]!municipio,$B27,[0]!turno,K$2) -> 0 | L29: =SUMIFS([0]!otro,[0]!municipio,$B27,[0]!turno,L$2) -> 0 | M29: =SUMIFS([0]!otro,[0]!municipio,$B27,[0]!turno,M$2) -> 2 | ... W29: =SUMIFS([0]!otro,[0]!municipio,$B27,[0]!turno,W$2) -> 0

Sheet AP
B2: Municipio | C2: Candidato | D2: Resultado | E2: Recibidos | F2: 1 | G2: 2 | H2: 3 | I2: 4 | J2: 5 | K2: 6 | L2: 7 | M2: 8 | N2: 9 | O2: 10 | P2: 11 | Q2: 12 | R2: 13 | S2: 14 | T2: 15 | U2: 16 | V2: 17 | W2: 18
B3: 11 | C3: PSUV | D3: =IF((E3+E4+E5)=0,0,E3/(E3+E4+E5)) -> 0.53266332 | E3: =SUM(F3:W3) -> 106 | F3: =SUMIFS([0]!psuv,[0]!municipio,$B3,[0]!turno,F$2) -> 15 | G3: =SUMIFS([0]!psuv,[0]!municipio,$B3,[0]!turno,G$2) -> 0 | H3: =SUMIFS([0]!psuv,[0]!municipio,$B3,[0]!turno,H$2) -> 7 | I3: =SUMIFS([0]!psuv,[0]!municipio,$B3,[0]!turno,I$2) -> 5 | J3: =SUMIFS([0]!psuv,[0]!municipio,$B3,[0]!turno,J$2) -> 5 | K3: =SUMIFS([0]!psuv,[0]!municipio,$B3,[0]!turno,K$2) -> 8 | L3: =SUMIFS([0]!psuv,[0]!municipio,$B3,[0]!turno,L$2) -> 5 | M3: =SUMIFS([0]!psuv,[0]!municipio,$B3,[0]!turno,M$2) -> 3 | ... W3: =SUMIFS([0]!psuv,[0]!municipio,$B3,[0]!turno,W$2) -> 3
B4: ACHAGUAS | C4: MUD | D4: =IF((E3+E4+E5)=0,0,E4/(E3+E4+E5)) -> 0.29145729 | E4: =SUM(F4:W4) -> 58 | F4: =SUMIFS([0]!mud,[0]!municipio,$B3,[0]!turno,F$2) -> 0 | G4: =SUMIFS([0]!mud,[0]!municipio,$B3,[0]!turno,G$2) -> 0 | H4: =SUMIFS([0]!mud,[0]!municipio,$B3,[0]!turno,H$2) -> 8 | I4: =SUMIFS([0]!mud,[0]!municipio,$B3,[0]!turno,I$2) -> 6 | J4: =SUMIFS([0]!mud,[0]!municipio,$B3,[0]!turno,J$2) -> 3 | K4: =SUMIFS([0]!mud,[0]!municipio,$B3,[0]!turno,K$2) -> 10 | L4: =SUMIFS([0]!mud,[0]!municipio,$B3,[0]!turno,L$2) -> 2 | M4: =SUMIFS([0]!mud,[0]!municipio,$B3,[0]!turno,M$2) -> 1 | ... W4: =SUMIFS([0]!mud,[0]!municipio,$B3,[0]!turno,W$2) -> 0
