Workbook
Name a: #REF!
Name a: #REF!
Name a: #REF!
Name a: #REF!
Name a: #REF!
Name actReg: EST!$C$48
Name actReg2: #REF!
Name actReg2: #REF!
Name actReg2: #REF!
Name actReg2: #REF!
Name actReg2: #REF!
Name actReg2: #REF!
Name actRegCode: EST!$C$50
Name actRegCode2: #REF!
Name actRegCode2: #REF!
Name actRegCode2: #REF!
Name actRegCode2: #REF!
Name actRegCode2: #REF!
Name actRegCode2: #REF!
Name actRegValue: EST!$C$49
Name actRegValue2: #REF!
Name actRegValue2: #REF!
Name actRegValue2: #REF!
Name actRegValue2: #REF!
Name actRegValue2: #REF!
Name actRegValue2: #REF!
Name CHDEBIL: EST!$N$33
Name CHDEBIL2: #REF!
Name CHDEBIL2: #REF!
Name CHDEBIL2: #REF!
Name CHDEBIL2: #REF!
Name CHDEBIL2: #REF!
Name CHDEBIL2: #REF!
Name CHFUERTE: EST!$N$35
Name CHFUERTE2: #REF!
Name CHFUERTE2: #REF!
Name CHFUERTE2: #REF!
Name CHFUERTE2: #REF!
Name CHFUERTE2: #REF!
Name CHFUERTE2: #REF!
Name CHMEDIO: EST!$N$34
Name CHMEDIO2: #REF!
Name CHMEDIO2: #REF!
Name CHMEDIO2: #REF!
Name CHMEDIO2: #REF!
Name CHMEDIO2: #REF!
Name CHMEDIO2: #REF!
Name clsValues: EST!$C$39:$D$45
Name clsValues2: #REF!
Name clsValues2: #REF!
Name clsValues2: #REF!
Name clsValues2: #REF!
Name clsValues2: #REF!
Name clsValues2: #REF!
Name CRDEBIL: EST!$N$31
Name CRDEBIL2: #REF!
Name CRDEBIL2: #REF!
Name CRDEBIL2: #REF!
Name CRDEBIL2: #REF!
Name CRDEBIL2: #REF!

Sheet MAPA
A1: ESTADO | B1: DIFERENCIA
A2: Amazonas | B2: 0.4
A3: Anzoátegui | B3: 0.22070808
A4: Apure | B4: 0.24262547
A5: Aragua | B5: 0.01399492
A6: Barinas | B6: -0.16869388
A7: Bolívar | B7: 0.17538322
A8: Carabobo | B8: 0.05242748
A9: Cojedes | B9: 0.098223597
A10: Delta Amacuro | B10: 0.056485356
A11: Distrito Capital | B11: -0.1685884
A12: Falcón | B12: 0.29292164
A13: Guárico | B13: 0.20980948
... A25: Zulia | B25: 0.0061316096

Sheet BASE
M1: =NOW() -> 46027.965
C2: CNE – NRE – 20120629-00012
A6: ESTADO | C6: CAPRILES | D6: CHAVEZ | E6: DIFERENCIA
A7: AMAZONAS | B7: AMA | C7: =[1]VZA!$AR$6 -> 0.44210526 | D7: =[1]VZA!$AR$5 -> 0.55087719 | E7: =+D7-C7 -> 0.10877193
A8: ANZOATEGUI | B8: ANZ | C8: =[1]VZA!$AR$9 -> 0.3842039 | D8: =[1]VZA!$AR$8 -> 0.60491198 | E8: =+D8-C8 -> 0.22070808
A9: APURE | B9: APU | C9: =[1]VZA!$AR$12 -> 0.37506973 | D9: =[1]VZA!$AR$11 -> 0.6176952 | E9: =+D9-C9 -> 0.24262547
A10: ARAGUA | B10: ARA | C10: =[1]VZA!$AR$15 -> 0.4842084 | D10: =[1]VZA!$AR$14 -> 0.49820332 | E10: =+D10-C10 -> 0.01399492
A11: BARINAS | B11: BAR | C11: =[1]VZA!$AR$18 -> 0.57822454 | D11: =[1]VZA!$AR$17 -> 0.40953066 | E11: =+D11-C11 -> -0.16869388
A12: BOLIVAR | B12: BOL | C12: =[1]VZA!$AR$21 -> 0.40784669 | D12: =[1]VZA!$AR$20 -> 0.5832299 | E12: =+D12-C12 -> 0.17538322
A13: CARABOBO | B13: CAR | C13: =[1]VZA!$AR$24 -> 0.46521236 | D13: =[1]VZA!$AR$23 -> 0.51763984 | E13: =+D13-C13 -> 0.05242748
A14: COJEDES | B14: COJ | C14: =[1]VZA!$AR$27 -> 0.44793537 | D14: =[1]VZA!$AR$26 -> 0.54615896 | E14: =+D14-C14 -> 0.098223597
A15: DELTA AMACURO | B15: DEL | C15: =[1]VZA!$AR$30 -> 0.4623431 | D15: =[1]VZA!$AR$29 -> 0.51882845 | E15: =+D15-C15 -> 0.056485356
A16: DISTRITO CAPITAL | B16: DC | C16: =[1]VZA!$AR$33 -> 0.56528578 | D16: =[1]VZA!$AR$32 -> 0.39669738 | E16: =+D16-C16 -> -0.1685884
A17: FALCON | B17: FAL | C17: =[1]VZA!$AR$36 -> 0.35089844 | D17: =[1]VZA!$AR$35 -> 0.64382009 | E17: =+D17-C17 -> 0.29292164
A18: GUARICO | B18: GUA | C18: =[1]VZA!$AR$39 -> 0.38796913 | D18: =[1]VZA!$AR$38 -> 0.5977786 | E18: =+D18-C18 -> 0.20980948
A19: LARA | B19: LAR | C19: =[1]VZA!$AR$42 -> 0.5075745 | D19: =[1]VZA!$AR$41 -> 0.48207384 | E19: =+D19-C19 -> -0.025500652
A20: MERIDA | B20: MER | C20: =[1]VZA!$AR$45 -> 0.48612578 | D20: =[1]VZA!$AR$44 -> 0.49857609 | E20: =+D20-C20 -> 0.012450308
A21: MIRANDA | B21: MIR | C21: =[1]VZA!$AR$48 -> 0.57134941 | D21: =[1]VZA!$AR$47 -> 0.40564524 | E21: =+D21-C21 -> -0.16570418
A22: MONAGAS | B22: MON | C22: =[1]VZA!$AR$51 -> 0.57290642 | D22: =[1]VZA!$AR$50 -> 0.40625492 | E22: =+D22-C22 -> -0.1666515
A23: NUEVA ESPARTA | B23: NUE | C23: =[1]VZA!$AR$54 -> 0.39029191 | D23: =[1]VZA!$AR$53 -> 0.57225967 | E23: =+D23-C23 -> 0.18196776
A24: PORTUGUESA | B24: POR | C24: =[1]VZA!$AR$57 -> 0.30367203 | D24: =[1]VZA!$AR$56 -> 0.6933507 | E24: =+D24-C24 -> 0.38967867
A25: SUCRE | B25: SUC | C25: =[1]VZA!$AR$60 -> 0.42766016 | D25: =[1]VZA!$AR$59 -> 0.55732834 | E25: =+D25-C25 -> 0.12966818
A26: TACHIRA | B26: TAC | C26: =[1]VZA!$AR$63 -> 0.6287328 | D26: =[1]VZA!$AR$62 -> 0.35345105 | E26: =+D26-C26 -> -0.27528175
A27: TRUJILLO | B27: TRU | C27: =[1]VZA!$AR$66 -> 0.32344509 | D27: =[1]VZA!$AR$65 -> 0.65972069 | E27: =+D27-C27 -> 0.3362756
A28: VARGAS | B28: VAR | C28: =[1]VZA!$AR$69 -> 0.41117322 | D28: =[1]VZA!$AR$68 -> 0.58882678 | E28: =+D28-C28 -> 0.17765356
A29: YARACUY | B29: YAR | C29: =[1]VZA!$AR$72 -> 0.36792089 | D29: =[1]VZA!$AR$71 -> 0.62286517 | E29: =+D29-C29 -> 0.25494427
A30: ZULIA | B30: ZUL | C30: =[1]VZA!$AR$75 -> 0.49270724 | D30: =[1]VZA!$AR$74 -> 0.49883885 | E30: =+D30-C30 -> 0.0061316096
A31: VENEZUELA | B31: VEN | C31: =[1]VZA!$AR$3 -> 0.47710818 | D31: =[1]VZA!$AR$2 -> 0.50702014 | E31: =+D31-C31 -> 0.029911954
B48: ELECCION PRESIDENCIAL 7 OCT / 2010

Sheet EST
F4: =NOW() -> 46027.965
M7: =BASE!C31 -> 0.47710818 | O7: =BASE!D31 -> 0.50702014
C11: Amazonas | D11: =BASE!E7 -> 0.10877193
C12: Anzoátegui | D12: =BASE!E8 -> 0.22070808
C13: Apure | D13: =BASE!E9 -> 0.24262547
C14: Aragua | D14: =BASE!E10 -> 0.01399492
C15: Barinas | D15: =BASE!E11 -> -0.16869388
C16: Bolívar | D16: =BASE!E12 -> 0.17538322
C17: Carabobo | D17: =BASE!E13 -> 0.05242748
C18: Cojedes | D18: =BASE!E14 -> 0.098223597
C19: Delta Amacuro | D19: =BASE!E15 -> 0.056485356
C20: Dtto. Capital | D20: =BASE!E16 -> -0.1685884
C21: Falcon | D21: =BASE!E17 -> 0.29292164
C22: Guárico | D22: =BASE!E18 -> 0.20980948
... C28: Portuguesa | D28: =BASE!E24 -> 0.38967867
C29: Sucre | D29: =BASE!E25 -> 0.12966818 | O29: >5.0%
C30: Táchira | D30: =BASE!E26 -> -0.27528175 | O30: >2.5%
C31: Trujillo | D31: =BASE!E27 -> 0.3362756 | O31: > 1.0%
C32: Vargas | D32: =BASE!E28 -> 0.17765356 | O32: Sin Diferencia
C33: Yaracuy | D33: =BASE!E29 -> 0.25494427 | O33: >1.0%
C34: Zulia | D34: =BASE!E30 -> 0.0061316096 | O34: >2.5%
O35: >5.0%
C39: -1 | D39: CRFUERTE
C40: -0.05 | D40: CRMEDIO
C41: -0.025 | D41: CRDEBIL
C42: -0.01 | D42: NEUTRO
C43: 0.01 | D43: CHDEBIL
C44: 0.025 | D44: CHMEDIO
C45: 0.05 | D45: CHFUERTE
C48: ZUL | D48: actReg
C49: =VLOOKUP(actReg,regData,4,FALSE) -> 0.0061316096 | D49: actRegValue
B50: Active Region | C50: =VLOOKUP(actRegValue,clsValues,2,TRUE) -> NEUTRO | D50: actRegCode
B51: Value
B52: Code
B66: ELECCION PRESIDENCIAL 7 OCT / 2010

Sheet am an ap ar
L3: ELECCION PRESIDENCIAL OCT 7 / 2012
P6: =NOW() -> 46027.965

Sheet ba bo ca co
L3: ELECCION PRESIDENCIAL OCT 7 / 2012
P6: =NOW() -> 46027.965

Sheet da dc fa gu
L3: ELECCION PRESIDENCIAL OCT 7 / 2012
P6: =NOW() -> 46027.965

Sheet la me mi mo
L3: ELECCION PRESIDENCIAL OCT 7 / 2012
P6: =NOW() -> 46027.965

Sheet ne po su ta
L3: ELECCION PRESIDENCIAL OCT 7 / 2012
P6: =NOW() -> 46027.965

Sheet tr va ya zu
L3: ELECCION PRESIDENCIAL OCT 7 / 2012
P6: =NOW() -> 46027.965
