Workbook
Name Capriles: Tabla_Transcripcion.accdb[[#All],[capriles]]
Name Centro: Tabla_Transcripcion.accdb[[#All],[centro]]
Name Chavez: Tabla_Transcripcion.accdb[[#All],[chavez]]
Name codigo: Tabla_Transcripcion.accdb[[#All],[cod]]
Name Municipio: #REF!
Name Otro: Tabla_Transcripcion.accdb[[#All],[otro]]
Name PesosM: #REF!
Name totalv: Tabla_Transcripcion.accdb[[#All],[totalv]]
Name Turno: Tabla_Transcripcion.accdb[[#All],[turno]]

Sheet Entrada
A2: cod | B2: centro | C2: turno | D2: chavez | E2: capriles | F2: otro | G2: totalv
A3: 2111 | B3: 111 | C3: 11 | D3: 0 | E3: 1 | F3: 0 | G3: 1
A4: 3111 | B4: 111 | C4: 11 | D4: 7 | E4: 3 | F4: 0 | G4: 10
A5: 1112 | B5: 112 | C5: 11 | D5: 7 | E5: 10 | F5: 0 | G5: 17
A6: 2110 | B6: 110 | C6: 11 | D6: 7 | E6: 1 | F6: 0 | G6: 8
A7: 2112 | B7: 112 | C7: 11 | D7: 4 | E7: 3 | F7: 0 | G7: 7
A8: 1044 | B8: 44 | C8: 1 | D8: 9 | E8: 11 | F8: 0 | G8: 20
A9: 2052 | B9: 52 | C9: 1 | D9: 8 | E9: 1 | F9: 1 | G9: 10
A10: 3058 | B10: 58 | C10: 1 | D10: 18 | E10: 1 | F10: 0 | G10: 19
A11: 5048 | B11: 48 | C11: 1 | D11: 13 | E11: 3 | F11: 0 | G11: 16
A12: 1060 | B12: 60 | C12: 2 | D12: 8 | E12: 10 | F12: 0 | G12: 18
A13: 2040 | B13: 40 | C13: 1 | D13: 18 | E13: 3 | F13: 0 | G13: 21
A14: 3097 | B14: 97 | C14: 1 | D14: 8 | E14: 2 | F14: 0 | G14: 10
... A2043: 1083 | B2043: 83 | C2043: 11 | D2043: 6 | E2043: 8 | F2043: 0 | G2043: 14

Sheet CORE
B2: CM | C2: Resultado | D2: Candidato | E2: Votos | F2: 1 | G2: 2 | H2: 3 | I2: 4 | J2: 5 | K2: 6 | L2: 7 | M2: 8 | N2: 9 | O2: 10 | P2: 11 | Q2: 12 | R2: 13 | S2: 14 | T2: 15 | U2: 16 | V2: 17 | W2: 18 | X2: 19 | Y2: 20
B3: AMAZONAS | C3: =E3/SUM($E$3:$E$5) -> 0.60930561 | D3: Chavez | E3: =SUM(F3:Y3) -> 6.7023617 | F3: =F12 -> 0.38709677 | G3: =G12 -> 0.66666667 | H3: =H12 -> 0 | I3: =I12 -> 0.47058824 | J3: =J12 -> 0.51428571 | K3: =K12 -> 1 | L3: =L12 -> 0 | M3: =M12 -> 0.75 | ... Y3: =Y12 -> 0
C4: =E4/SUM($E$3:$E$5) -> 0.38534216 | D4: Capriles | E4: =SUM(F4:Y4) -> 4.2387638 | F4: =F13 -> 0.61290323 | G4: =G13 -> 0.33333333 | H4: =H13 -> 0 | I4: =I13 -> 0.52941176 | J4: =J13 -> 0.45714286 | K4: =K13 -> 0 | L4: =L13 -> 1 | M4: =M13 -> 0.25 | ... Y4: =Y13 -> 0
C5: =E5/SUM($E$3:$E$5) -> 0.0053522235 | D5: Otro | E5: =SUM(F5:Y5) -> 0.058874459 | F5: =F14 -> 0 | G5: =G14 -> 0 | H5: =H14 -> 0 | I5: =I14 -> 0 | J5: =J14 -> 0.028571429 | K5: =K14 -> 0 | L5: =L14 -> 0 | M5: =M14 -> 0 | ... Y5: =Y14 -> 0
C6: =E6/SUM($E$6:$E$8) -> 0.58762887 | D6: Chavez | E6: =E12 -> 0.58762887 | F6: =F12 -> 0.38709677 | G6: =G12 -> 0.66666667 | H6: =H12 -> 0 | I6: =I12 -> 0.47058824 | J6: =J12 -> 0.51428571 | K6: =K12 -> 1 | L6: =L12 -> 0 | ... Y6: =Y12 -> 0
C7: =E7/SUM($E$6:$E$8) -> 0.40206186 | D7: Capriles | E7: =E13 -> 0.40206186 | F7: =F13 -> 0.61290323 | G7: =G13 -> 0.33333333 | H7: =H13 -> 0 | I7: =I13 -> 0.52941176 | J7: =J13 -> 0.45714286 | K7: =K13 -> 0 | L7: =L13 -> 1 | ... Y7: =Y13 -> 0
C8: =E8/SUM($E$6:$E$8) -> 0.010309278 | D8: Otro | E8: =E14 -> 0.010309278 | F8: =F14 -> 0 | G8: =G14 -> 0 | H8: =H14 -> 0 | I8: =I14 -> 0 | J8: =J14 -> 0.028571429 | K8: =K14 -> 0 | L8: =L14 -> 0 | ... Y8: =Y14 -> 0
B9: ATURES | C9: =E9/SUM(E9:E11) -> 0.58762887 | D9: Chavez | E9: =SUM(F9:Y9) -> 114 | F9: =SUMIFS([0]!Chavez,[0]!Centro,$B11,[0]!Turno,F$2) -> 12 | G9: =SUMIFS([0]!Chavez,[0]!Centro,$B11,[0]!Turno,G$2) -> 2 | H9: =SUMIFS([0]!Chavez,[0]!Centro,$B11,[0]!Turno,H$2) -> 0 | I9: =SUMIFS([0]!Chavez,[0]!Centro,$B11,[0]!Turno,I$2) -> 8 | J9: =SUMIFS([0]!Chavez,[0]!Centro,$B11,[0]!Turno,J$2) -> 18 | K9: =SUMIFS([0]!Chavez,[0]!Centro,$B11,[0]!Turno,K$2) -> 1 | L9: =SUMIFS([0]!Chavez,[0]!Centro,$B11,[0]!Turno,L$2) -> 0 | M9: =SUMIFS([0]!Chavez,[0]!Centro,$B11,[0]!Turno,M$2) -> 3 | ... Y9: =SUMIFS([0]!Chavez,[0]!Centro,$B11,[0]!Turno,Y$2) -> 0
C10: =E10/SUM(E9:E11) -> 0.40206186 | D10: Capriles | E10: =SUM(F10:Y10) -> 78 | F10: =SUMIFS([0]!Capriles,[0]!Centro,$B11,[0]!Turno,F$2) -> 19 | G10: =SUMIFS([0]!Capriles,[0]!Centro,$B11,[0]!Turno,G$2) -> 1 | H10: =SUMIFS([0]!Capriles,[0]!Centro,$B11,[0]!Turno,H$2) -> 0 | I10: =SUMIFS([0]!Capriles,[0]!Centro,$B11,[0]!Turno,I$2) -> 9 | J10: =SUMIFS([0]!Capriles,[0]!Centro,$B11,[0]!Turno,J$2) -> 16 | K10: =SUMIFS([0]!Capriles,[0]!Centro,$B11,[0]!Turno,K$2) -> 0 | L10: =SUMIFS([0]!Capriles,[0]!Centro,$B11,[0]!Turno,L$2) -> 2 | M10: =SUMIFS([0]!Capriles,[0]!Centro,$B11,[0]!Turno,M$2) -> 1 | ... Y10: =SUMIFS([0]!Capriles,[0]!Centro,$B11,[0]!Turno,Y$2) -> 0
B11: 153 | C11: =E11/SUM(E9:E11) -> 0.010309278 | D11: Otro | E11: =SUM(F11:Y11) -> 2 | F11: =SUMIFS([0]!Otro,[0]!Centro,$B11,[0]!Turno,F$2) -> 0 | G11: =SUMIFS([0]!Otro,[0]!Centro,$B11,[0]!Turno,G$2) -> 0 | H11: =SUMIFS([0]!Otro,[0]!Centro,$B11,[0]!Turno,H$2) -> 0 | I11: =SUMIFS([0]!Otro,[0]!Centro,$B11,[0]!Turno,I$2) -> 0 | J11: =SUMIFS([0]!Otro,[0]!Centro,$B11,[0]!Turno,J$2) -> 1 | K11: =SUMIFS([0]!Otro,[0]!Centro,$B11,[0]!Turno,K$2) -> 0 | L11: =SUMIFS([0]!Otro,[0]!Centro,$B11,[0]!Turno,L$2) -> 0 | M11: =SUMIFS([0]!Otro,[0]!Centro,$B11,[0]!Turno,M$2) -> 0 | ... Y11: =SUMIFS([0]!Otro,[0]!Centro,$B11,[0]!Turno,Y$2) -> 0
C12: =E12/SUM(E12:E14) -> 0.58762887 | D12: Chavez | E12: =IF((E9+E10+E11)=0,0,(E9*$B13)/(E9+E10+E11)) -> 0.58762887 | F12: =IF((F9+F10+F11)=0,0,(F9*$B13)/(F9+F10+F11)) -> 0.38709677 | G12: =IF((G9+G10+G11)=0,0,(G9*$B13)/(G9+G10+G11)) -> 0.66666667 | H12: =IF((H9+H10+H11)=0,0,(H9*$B13)/(H9+H10+H11)) -> 0 | I12: =IF((I9+I10+I11)=0,0,(I9*$B13)/(I9+I10+I11)) -> 0.47058824 | J12: =IF((J9+J10+J11)=0,0,(J9*$B13)/(J9+J10+J11)) -> 0.51428571 | K12: =IF((K9+K10+K11)=0,0,(K9*$B13)/(K9+K10+K11)) -> 1 | L12: =IF((L9+L10+L11)=0,0,(L9*$B13)/(L9+L10+L11)) -> 0 | ... Y12: =IF((Y9+Y10+Y11)=0,0,(Y9*$B13)/(Y9+Y10+Y11)) -> 0
B13: 1 | C13: =E13/SUM(E12:E14) -> 0.40206186 | D13: Capriles | E13: =IF((E9+E10+E11)=0,0,(E10*$B13)/(E9+E10+E11)) -> 0.40206186 | F13: =IF((F9+F10+F11)=0,0,(F10*$B13)/(F9+F10+F11)) -> 0.61290323 | G13: =IF((G9+G10+G11)=0,0,(G10*$B13)/(G9+G10+G11)) -> 0.33333333 | H13: =IF((H9+H10+H11)=0,0,(H10*$B13)/(H9+H10+H11)) -> 0 | I13: =IF((I9+I10+I11)=0,0,(I10*$B13)/(I9+I10+I11)) -> 0.52941176 | J13: =IF((J9+J10+J11)=0,0,(J10*$B13)/(J9+J10+J11)) -> 0.45714286 | K13: =IF((K9+K10+K11)=0,0,(K10*$B13)/(K9+K10+K11)) -> 0 | L13: =IF((L9+L10+L11)=0,0,(L10*$B13)/(L9+L10+L11)) -> 1 | ... Y13: =IF((Y9+Y10+Y11)=0,0,(Y10*$B13)/(Y9+Y10+Y11)) -> 0
C14: =E14/SUM(E12:E14) -> 0.010309278 | D14: Otro | E14: =IF((E9+E10+E11)=0,0,(E11*$B13)/(E9+E10+E11)) -> 0.010309278 | F14: =IF((F9+F10+F11)=0,0,(F11*$B13)/(F9+F10+F11)) -> 0 | G14: =IF((G9+G10+G11)=0,0,(G11*$B13)/(G9+G10+G11)) -> 0 | H14: =IF((H9+H10+H11)=0,0,(H11*$B13)/(H9+H10+H11)) -> 0 | I14: =IF((I9+I10+I11)=0,0,(I11*$B13)/(I9+I10+I11)) -> 0 | J14: =IF((J9+J10+J11)=0,0,(J11*$B13)/(J9+J10+J11)) -> 0.028571429 | K14: =IF((K9+K10+K11)=0,0,(K11*$B13)/(K9+K10+K11)) -> 0 | L14: =IF((L9+L10+L11)=0,0,(L11*$B13)/(L9+L10+L11)) -> 0 | ... Y14: =IF((Y9+Y10+Y11)=0,0,(Y11*$B13)/(Y9+Y10+Y11)) -> 0
B15: CM | C15: Resultado | D15: Candidato | E15: Votos | F15: 1 | G15: 2 | H15: 3 | I15: 4 | J15: 5 | K15: 6 | L15: 7 | M15: 8 | N15: 9 | O15: 10 | P15: 11 | Q15: 12 | R15: 13 | S15: 14 | T15: 15 | U15: 16 | V15: 17 | W15: 18 | X15: 19 | Y15: 20
B16: ANZOATEGUI | C16: =E16/SUM($E$16:$E$18) -> 0.6369537 | D16: Chavez | E16: =SUM(F16:Y16) -> 1472 | F16: =SUM(F22,F28,F34,F40,F46,F52,F58,F64) -> 189 | G16: =SUM(G22,G28,G34,G40,G46,G52,G58,G64) -> 117 | H16: =SUM(H22,H28,H34,H40,H46,H52,H58,H64) -> 184 | I16: =SUM(I22,I28,I34,I40,I46,I52,I58,I64) -> 186 | J16: =SUM(J22,J28,J34,J40,J46,J52,J58,J64) -> 206 | K16: =SUM(K22,K28,K34,K40,K46,K52,K58,K64) -> 147 | L16: =SUM(L22,L28,L34,L40,L46,L52,L58,L64) -> 193 | M16: =SUM(M22,M28,M34,M40,M46,M52,M58,M64) -> 123 | ... Y16: =SUM(Y22,Y28,Y34,Y40,Y46,Y52,Y58,Y64) -> 0
C17: =E17/SUM($E$16:$E$18) -> 0.35352661 | D17: Capriles | E17: =SUM(F17:Y17) -> 817 | F17: =SUM(F23,F29,F35,F41,F47,F53,F59,F65) -> 115 | G17: =SUM(G23,G29,G35,G41,G47,G53,G59,G65) -> 60 | H17: =SUM(H23,H29,H35,H41,H47,H53,H59,H65) -> 86 | I17: =SUM(I23,I29,I35,I41,I47,I53,I59,I65) -> 120 | J17: =SUM(J23,J29,J35,J41,J47,J53,J59,J65) -> 125 | K17: =SUM(K23,K29,K35,K41,K47,K53,K59,K65) -> 78 | L17: =SUM(L23,L29,L35,L41,L47,L53,L59,L65) -> 99 | M17: =SUM(M23,M29,M35,M41,M47,M53,M59,M65) -> 58 | ... Y17: =SUM(Y23,Y29,Y35,Y41,Y47,Y53,Y59,Y65) -> 0
C18: =E18/SUM($E$16:$E$18) -> 0.0095196884 | D18: Otro | E18: =SUM(F18:Y18) -> 22 | F18: =SUM(F24,F30,F36,F42,F48,F54,F60,F66) -> 5 | G18: =SUM(G24,G30,G36,G42,G48,G54,G60,G66) -> 2 | H18: =SUM(H24,H30,H36,H42,H48,H54,H60,H66) -> 3 | I18: =SUM(I24,I30,I36,I42,I48,I54,I60,I66) -> 0 | J18: =SUM(J24,J30,J36,J42,J48,J54,J60,J66) -> 2 | K18: =SUM(K24,K30,K36,K42,K48,K54,K60,K66) -> 2 | L18: =SUM(L24,L30,L36,L42,L48,L54,L60,L66) -> 3 | M18: =SUM(M24,M30,M36,M42,M48,M54,M60,M66) -> 5 | ... Y18: =SUM(Y24,Y30,Y36,Y42,Y48,Y54,Y60,Y66) -> 0
C19: =E19/SUM($E$19:$E$21) -> 0.64587418 | D19: Chavez | E19: =SUM(E25,E31,E37,E43,E49,E55,E61,E67) -> 0.64587418 | F19: =SUM(F25,F31,F37,F43,F49,F55,F61,F67) -> 0.61948413 | G19: =SUM(G25,G31,G37,G43,G49,G55,G61,G67) -> 0.59614116 | H19: =SUM(H25,H31,H37,H43,H49,H55,H61,H67) -> 0.63532183 | I19: =SUM(I25,I31,I37,I43,I49,I55,I61,I67) -> 0.61104209 | J19: =SUM(J25,J31,J37,J43,J49,J55,J61,J67) -> 0.61509243 | K19: =SUM(K25,K31,K37,K43,K49,K55,K61,K67) -> 0.5946978 | L19: =SUM(L25,L31,L37,L43,L49,L55,L61,L67) -> 0.65421346 | ... Y19: =SUM(Y25,Y31,Y37,Y43,Y49,Y55,Y61,Y67) -> 0
C20: =E20/SUM($E$19:$E$21) -> 0.34507589 | D20: Capriles | E20: =SUM(E26,E32,E38,E44,E50,E56,E62,E68) -> 0.34507589 | F20: =SUM(F26,F32,F38,F44,F50,F56,F62,F68) -> 0.37110951 | G20: =SUM(G26,G32,G38,G44,G50,G56,G62,G68) -> 0.22858934 | H20: =SUM(H26,H32,H38,H44,H50,H56,H62,H68) -> 0.28609911 | I20: =SUM(I26,I32,I38,I44,I50,I56,I62,I68) -> 0.38895791 | J20: =SUM(J26,J32,J38,J44,J50,J56,J62,J68) -> 0.378488 | K20: =SUM(K26,K32,K38,K44,K50,K56,K62,K68) -> 0.33712301 | L20: =SUM(L26,L32,L38,L44,L50,L56,L62,L68) -> 0.29648758 | ... Y20: =SUM(Y26,Y32,Y38,Y44,Y50,Y56,Y62,Y68) -> 0
C21: =E21/SUM($E$19:$E$21) -> 0.0090499281 | D21: Otro | E21: =SUM(E27,E33,E39,E45,E51,E57,E63,E69) -> 0.0090499281 | F21: =SUM(F27,F33,F39,F45,F51,F57,F63,F69) -> 0.009406357 | G21: =SUM(G27,G33,G39,G45,G51,G57,G63,G69) -> 0.0033745258 | H21: =SUM(H27,H33,H39,H45,H51,H57,H63,H69) -> 0.014383375 | I21: =SUM(I27,I33,I39,I45,I51,I57,I63,I69) -> 0 | J21: =SUM(J27,J33,J39,J45,J51,J57,J63,J69) -> 0.006419569 | K21: =SUM(K27,K33,K39,K45,K51,K57,K63,K69) -> 0.003983502 | L21: =SUM(L27,L33,L39,L45,L51,L57,L63,L69) -> 0.0094639382 | ... Y21: =SUM(Y27,Y33,Y39,Y45,Y51,Y57,Y63,Y69) -> 0
B22: ANACO | C22: =E22/SUM(E22:E24) -> 0.67886179 | D22: Chavez | E22: =SUM(F22:Y22) -> 167 | F22: =SUMIFS([0]!Chavez,[0]!Centro,$B24,[0]!Turno,F$15) -> 6 | G22: =SUMIFS([0]!Chavez,[0]!Centro,$B24,[0]!Turno,G$15) -> 0 | H22: =SUMIFS([0]!Chavez,[0]!Centro,$B24,[0]!Turno,H$15) -> 37 | I22: =SUMIFS([0]!Chavez,[0]!Centro,$B24,[0]!Turno,I$15) -> 34 | J22: =SUMIFS([0]!Chavez,[0]!Centro,$B24,[0]!Turno,J$15) -> 30 | K22: =SUMIFS([0]!Chavez,[0]!Centro,$B24,[0]!Turno,K$15) -> 10 | L22: =SUMIFS([0]!Chavez,[0]!Centro,$B24,[0]!Turno,L$15) -> 29 | M22: =SUMIFS([0]!Chavez,[0]!Centro,$B24,[0]!Turno,M$15) -> 9 | ... Y22: =SUMIFS([0]!Chavez,[0]!Centro,$B24,[0]!Turno,Y$15) -> 0
C23: =E23/SUM(E22:E24) -> 0.32113821 | D23: Capriles | E23: =SUM(F23:Y23) -> 79 | F23: =SUMIFS([0]!Capriles,[0]!Centro,$B24,[0]!Turno,F$15) -> 5 | G23: =SUMIFS([0]!Capriles,[0]!Centro,$B24,[0]!Turno,G$15) -> 0 | H23: =SUMIFS([0]!Capriles,[0]!Centro,$B24,[0]!Turno,H$15) -> 14 | I23: =SUMIFS([0]!Capriles,[0]!Centro,$B24,[0]!Turno,I$15) -> 8 | J23: =SUMIFS([0]!Capriles,[0]!Centro,$B24,[0]!Turno,J$15) -> 22 | K23: =SUMIFS([0]!Capriles,[0]!Centro,$B24,[0]!Turno,K$15) -> 10 | L23: =SUMIFS([0]!Capriles,[0]!Centro,$B24,[0]!Turno,L$15) -> 9 | M23: =SUMIFS([0]!Capriles,[0]!Centro,$B24,[0]!Turno,M$15) -> 3 | ... Y23: =SUMIFS([0]!Capriles,[0]!Centro,$B24,[0]!Turno,Y$15) -> 0
B24: 20 | C24: =E24/SUM(E22:E24) -> 0 | D24: Otro | E24: =SUM(F24:Y24) -> 0 | F24: =SUMIFS([0]!Otro,[0]!Centro,$B24,[0]!Turno,F$15) -> 0 | G24: =SUMIFS([0]!Otro,[0]!Centro,$B24,[0]!Turno,G$15) -> 0 | H24: =SUMIFS([0]!Otro,[0]!Centro,$B24,[0]!Turno,H$15) -> 0 | I24: =SUMIFS([0]!Otro,[0]!Centro,$B24,[0]!Turno,I$15) -> 0 | J24: =SUMIFS([0]!Otro,[0]!Centro,$B24,[0]!Turno,J$15) -> 0 | K24: =SUMIFS([0]!Otro,[0]!Centro,$B24,[0]!Turno,K$15) -> 0 | L24: =SUMIFS([0]!Otro,[0]!Centro,$B24,[0]!Turno,L$15) -> 0 | M24: =SUMIFS([0]!Otro,[0]!Centro,$B24,[0]!Turno,M$15) -> 0 | ... Y24: =SUMIFS([0]!Otro,[0]!Centro,$B24,[0]!Turno,Y$15) -> 0
C25: =E25/SUM(E25:E27) -> 0.67886179 | D25: Chavez | E25: =IF((E22+E23+E24)=0,0,(E22*$B26)/(E22+E23+E24)) -> 0.073112928 | F25: =IF((F22+F23+F24)=0,0,(F22*$B26)/(F22+F23+F24)) -> 0.058745064 | G25: =IF((G22+G23+G24)=0,0,(G22*$B26)/(G22+G23+G24)) -> 0 | H25: =IF((H22+H23+H24)=0,0,(H22*$B26)/(H22+H23+H24)) -> 0.078134775 | I25: =IF((I22+I23+I24)=0,0,(I22*$B26)/(I22+I23+I24)) -> 0.087185135 | J25: =IF((J22+J23+J24)=0,0,(J22*$B26)/(J22+J23+J24)) -> 0.062134202 | K25: =IF((K22+K23+K24)=0,0,(K22*$B26)/(K22+K23+K24)) -> 0.053849642 | L25: =IF((L22+L23+L24)=0,0,(L22*$B26)/(L22+L23+L24)) -> 0.082191559 | ... Y25: =IF((Y22+Y23+Y24)=0,0,(Y22*$B26)/(Y22+Y23+Y24)) -> 0
B26: 0.10769928 | C26: =E26/SUM(E25:E27) -> 0.32113821 | D26: Capriles | E26: =IF((E22+E23+E24)=0,0,(E23*$B26)/(E22+E23+E24)) -> 0.034586355 | F26: =IF((F22+F23+F24)=0,0,(F23*$B26)/(F22+F23+F24)) -> 0.04895422 | G26: =IF((G22+G23+G24)=0,0,(G23*$B26)/(G22+G23+G24)) -> 0 | H26: =IF((H22+H23+H24)=0,0,(H23*$B26)/(H22+H23+H24)) -> 0.029564509 | I26: =IF((I22+I23+I24)=0,0,(I23*$B26)/(I22+I23+I24)) -> 0.020514149 | J26: =IF((J22+J23+J24)=0,0,(J23*$B26)/(J22+J23+J24)) -> 0.045565082 | K26: =IF((K22+K23+K24)=0,0,(K23*$B26)/(K22+K23+K24)) -> 0.053849642 | L26: =IF((L22+L23+L24)=0,0,(L23*$B26)/(L22+L23+L24)) -> 0.025507725 | ... Y26: =IF((Y22+Y23+Y24)=0,0,(Y23*$B26)/(Y22+Y23+Y24)) -> 0
C27: =E27/SUM(E25:E27) -> 0 | D27: Otro | E27: =IF((E22+E23+E24)=0,0,(E24*$B26)/(E22+E23+E24)) -> 0 | F27: =IF((F22+F23+F24)=0,0,(F24*$B26)/(F22+F23+F24)) -> 0 | G27: =IF((G22+G23+G24)=0,0,(G24*$B26)/(G22+G23+G24)) -> 0 | H27: =IF((H22+H23+H24)=0,0,(H24*$B26)/(H22+H23+H24)) -> 0 | I27: =IF((I22+I23+I24)=0,0,(I24*$B26)/(I22+I23+I24)) -> 0 | J27: =IF((J22+J23+J24)=0,0,(J24*$B26)/(J22+J23+J24)) -> 0 | K27: =IF((K22+K23+K24)=0,0,(K24*$B26)/(K22+K23+K24)) -> 0 | L27: =IF((L22+L23+L24)=0,0,(L24*$B26)/(L22+L23+L24)) -> 0 | ... Y27: =IF((Y22+Y23+Y24)=0,0,(Y24*$B26)/(Y22+Y23+Y24)) -> 0
B28: BOLIVAR | C28: =E28/SUM(E28:E30) -> 0.58371041 | D28: Chavez | E28: =SUM(F28:Y28) -> 258 | F28: =SUMIFS([0]!Chavez,[0]!Centro,$B30,[0]!Turno,F$15) -> 51 | G28: =SUMIFS([0]!Chavez,[0]!Centro,$B30,[0]!Turno,G$15) -> 13 | H28: =SUMIFS([0]!Chavez,[0]!Centro,$B30,[0]!Turno,H$15) -> 35 | I28: =SUMIFS([0]!Chavez,[0]!Centro,$B30,[0]!Turno,I$15) -> 37 | J28: =SUMIFS([0]!Chavez,[0]!Centro,$B30,[0]!Turno,J$15) -> 31 | K28: =SUMIFS([0]!Chavez,[0]!Centro,$B30,[0]!Turno,K$15) -> 27 | L28: =SUMIFS([0]!Chavez,[0]!Centro,$B30,[0]!Turno,L$15) -> 41 | M28: =SUMIFS([0]!Chavez,[0]!Centro,$B30,[0]!Turno,M$15) -> 23 | ... Y28: =SUMIFS([0]!Chavez,[0]!Centro,$B30,[0]!Turno,Y$15) -> 0
C29: =E29/SUM(E28:E30) -> 0.40497738 | D29: Capriles | E29: =SUM(F29:Y29) -> 179 | F29: =SUMIFS([0]!Capriles,[0]!Centro,$B30,[0]!Turno,F$15) -> 41 | G29: =SUMIFS([0]!Capriles,[0]!Centro,$B30,[0]!Turno,G$15) -> 7 | H29: =SUMIFS([0]!Capriles,[0]!Centro,$B30,[0]!Turno,H$15) -> 31 | I29: =SUMIFS([0]!Capriles,[0]!Centro,$B30,[0]!Turno,I$15) -> 24 | J29: =SUMIFS([0]!Capriles,[0]!Centro,$B30,[0]!Turno,J$15) -> 24 | K29: =SUMIFS([0]!Capriles,[0]!Centro,$B30,[0]!Turno,K$15) -> 26 | L29: =SUMIFS([0]!Capriles,[0]!Centro,$B30,[0]!Turno,L$15) -> 16 | M29: =SUMIFS([0]!Capriles,[0]!Centro,$B30,[0]!Turno,M$15) -> 10 | ... Y29: =SUMIFS([0]!Capriles,[0]!Centro,$B30,[0]!Turno,Y$15) -> 0
B30: 21 | C30: =E30/SUM(E28:E30) -> 0.011312217 | D30: Otro | E30: =SUM(F30:Y30) -> 5 | F30: =SUMIFS([0]!Otro,[0]!Centro,$B30,[0]!Turno,F$15) -> 1 | G30: =SUMIFS([0]!Otro,[0]!Centro,$B30,[0]!Turno,G$15) -> 0 | H30: =SUMIFS([0]!Otro,[0]!Centro,$B30,[0]!Turno,H$15) -> 3 | I30: =SUMIFS([0]!Otro,[0]!Centro,$B30,[0]!Turno,I$15) -> 0 | J30: =SUMIFS([0]!Otro,[0]!Centro,$B30,[0]!Turno,J$15) -> 0 | K30: =SUMIFS([0]!Otro,[0]!Centro,$B30,[0]!Turno,K$15) -> 0 | L30: =SUMIFS([0]!Otro,[0]!Centro,$B30,[0]!Turno,L$15) -> 1 | M30: =SUMIFS([0]!Otro,[0]!Centro,$B30,[0]!Turno,M$15) -> 0 | ... Y30: =SUMIFS([0]!Otro,[0]!Centro,$B30,[0]!Turno,Y$15) -> 0
C31: =E31/SUM(E31:E33) -> 0.58371041 | D31: Chavez | E31: =IF((E28+E29+E30)=0,0,(E28*$B32)/(E28+E29+E30)) -> 0.1931017 | F31: =IF((F28+F29+F30)=0,0,(F28*$B32)/(F28+F29+F30)) -> 0.18141612 | G31: =IF((G28+G29+G30)=0,0,(G28*$B32)/(G28+G29+G30)) -> 0.21503146 | H31: =IF((H28+H29+H30)=0,0,(H28*$B32)/(H28+H29+H30)) -> 0.16780605 | I31: =IF((I28+I29+I30)=0,0,(I28*$B32)/(I28+I29+I30)) -> 0.20065988 | J31: =IF((J28+J29+J30)=0,0,(J28*$B32)/(J28+J29+J30)) -> 0.18646085 | K31: =IF((K28+K29+K30)=0,0,(K28*$B32)/(K28+K29+K30)) -> 0.16852974 | L31: =IF((L28+L29+L30)=0,0,(L28*$B32)/(L28+L29+L30)) -> 0.23385384 | ... Y31: =IF((Y28+Y29+Y30)=0,0,(Y28*$B32)/(Y28+Y29+Y30)) -> 0
B32: 0.33081763 | C32: =E32/SUM(E31:E33) -> 0.40497738 | D32: Capriles | E32: =IF((E28+E29+E30)=0,0,(E29*$B32)/(E28+E29+E30)) -> 0.13397366 | F32: =IF((F28+F29+F30)=0,0,(F29*$B32)/(F28+F29+F30)) -> 0.14584433 | G32: =IF((G28+G29+G30)=0,0,(G29*$B32)/(G28+G29+G30)) -> 0.11578617 | H32: =IF((H28+H29+H30)=0,0,(H29*$B32)/(H28+H29+H30)) -> 0.14862821 | I32: =IF((I28+I29+I30)=0,0,(I29*$B32)/(I28+I29+I30)) -> 0.13015776 | J32: =IF((J28+J29+J30)=0,0,(J29*$B32)/(J28+J29+J30)) -> 0.14435679 | K32: =IF((K28+K29+K30)=0,0,(K29*$B32)/(K28+K29+K30)) -> 0.1622879 | L32: =IF((L28+L29+L30)=0,0,(L29*$B32)/(L28+L29+L30)) -> 0.091260037 | ... Y32: =IF((Y28+Y29+Y30)=0,0,(Y29*$B32)/(Y28+Y29+Y30)) -> 0
C33: =E33/SUM(E31:E33) -> 0.011312217 | D33: Otro | E33: =IF((E28+E29+E30)=0,0,(E30*$B32)/(E28+E29+E30)) -> 0.0037422809 | F33: =IF((F28+F29+F30)=0,0,(F30*$B32)/(F28+F29+F30)) -> 0.0035571789 | G33: =IF((G28+G29+G30)=0,0,(G30*$B32)/(G28+G29+G30)) -> 0 | H33: =IF((H28+H29+H30)=0,0,(H30*$B32)/(H28+H29+H30)) -> 0.014383375 | I33: =IF((I28+I29+I30)=0,0,(I30*$B32)/(I28+I29+I30)) -> 0 | J33: =IF((J28+J29+J30)=0,0,(J30*$B32)/(J28+J29+J30)) -> 0 | K33: =IF((K28+K29+K30)=0,0,(K30*$B32)/(K28+K29+K30)) -> 0 | L33: =IF((L28+L29+L30)=0,0,(L30*$B32)/(L28+L29+L30)) -> 0.0057037523 | ... Y33: =IF((Y28+Y29+Y30)=0,0,(Y30*$B32)/(Y28+Y29+Y30)) -> 0
B34: DIEGO BAUTISTA URBANEJA | C34: =E34/SUM(E34:E36) -> 0.05 | D34: Chavez | E34: =SUM(F34:Y34) -> 9 | F34: =SUMIFS([0]!Chavez,[0]!Centro,$B36,[0]!Turno,F$15) -> 2 | G34: =SUMIFS([0]!Chavez,[0]!Centro,$B36,[0]!Turno,G$15) -> 2 | H34: =SUMIFS([0]!Chavez,[0]!Centro,$B36,[0]!Turno,H$15) -> 2 | I34: =SUMIFS([0]!Chavez,[0]!Centro,$B36,[0]!Turno,I$15) -> 0 | J34: =SUMIFS([0]!Chavez,[0]!Centro,$B36,[0]!Turno,J$15) -> 1 | K34: =SUMIFS([0]!Chavez,[0]!Centro,$B36,[0]!Turno,K$15) -> 1 | L34: =SUMIFS([0]!Chavez,[0]!Centro,$B36,[0]!Turno,L$15) -> 1 | M34: =SUMIFS([0]!Chavez,[0]!Centro,$B36,[0]!Turno,M$15) -> 0 | ... Y34: =SUMIFS([0]!Chavez,[0]!Centro,$B36,[0]!Turno,Y$15) -> 0
C35: =E35/SUM(E34:E36) -> 0.95 | D35: Capriles | E35: =SUM(F35:Y35) -> 171 | F35: =SUMIFS([0]!Capriles,[0]!Centro,$B36,[0]!Turno,F$15) -> 16 | G35: =SUMIFS([0]!Capriles,[0]!Centro,$B36,[0]!Turno,G$15) -> 16 | H35: =SUMIFS([0]!Capriles,[0]!Centro,$B36,[0]!Turno,H$15) -> 21 | I35: =SUMIFS([0]!Capriles,[0]!Centro,$B36,[0]!Turno,I$15) -> 20 | J35: =SUMIFS([0]!Capriles,[0]!Centro,$B36,[0]!Turno,J$15) -> 19 | K35: =SUMIFS([0]!Capriles,[0]!Centro,$B36,[0]!Turno,K$15) -> 19 | L35: =SUMIFS([0]!Capriles,[0]!Centro,$B36,[0]!Turno,L$15) -> 20 | M35: =SUMIFS([0]!Capriles,[0]!Centro,$B36,[0]!Turno,M$15) -> 20 | ... Y35: =SUMIFS([0]!Capriles,[0]!Centro,$B36,[0]!Turno,Y$15) -> 0
B36: 22 | C36: =E36/SUM(E34:E36) -> 0 | D36: Otro | E36: =SUM(F36:Y36) -> 0 | F36: =SUMIFS([0]!Otro,[0]!Centro,$B36,[0]!Turno,F$15) -> 0 | G36: =SUMIFS([0]!Otro,[0]!Centro,$B36,[0]!Turno,G$15) -> 0 | H36: =SUMIFS([0]!Otro,[0]!Centro,$B36,[0]!Turno,H$15) -> 0 | I36: =SUMIFS([0]!Otro,[0]!Centro,$B36,[0]!Turno,I$15) -> 0 | J36: =SUMIFS([0]!Otro,[0]!Centro,$B36,[0]!Turno,J$15) -> 0 | K36: =SUMIFS([0]!Otro,[0]!Centro,$B36,[0]!Turno,K$15) -> 0 | L36: =SUMIFS([0]!Otro,[0]!Centro,$B36,[0]!Turno,L$15) -> 0 | M36: =SUMIFS([0]!Otro,[0]!Centro,$B36,[0]!Turno,M$15) -> 0 | ... Y36: =SUMIFS([0]!Otro,[0]!Centro,$B36,[0]!Turno,Y$15) -> 0
C37: =E37/SUM(E37:E39) -> 0.05 | D37: Chavez | E37: =IF((E34+E35+E36)=0,0,(E34*$B38)/(E34+E35+E36)) -> 0.0019956643 | F37: =IF((F34+F35+F36)=0,0,(F34*$B38)/(F34+F35+F36)) -> 0.0044348096 | G37: =IF((G34+G35+G36)=0,0,(G34*$B38)/(G34+G35+G36)) -> 0.0044348096 | H37: =IF((H34+H35+H36)=0,0,(H34*$B38)/(H34+H35+H36)) -> 0.0034707205 | I37: =IF((I34+I35+I36)=0,0,(I34*$B38)/(I34+I35+I36)) -> 0 | J37: =IF((J34+J35+J36)=0,0,(J34*$B38)/(J34+J35+J36)) -> 0.0019956643 | K37: =IF((K34+K35+K36)=0,0,(K34*$B38)/(K34+K35+K36)) -> 0.0019956643 | L37: =IF((L34+L35+L36)=0,0,(L34*$B38)/(L34+L35+L36)) -> 0.0019006327 | ... Y37: =IF((Y34+Y35+Y36)=0,0,(Y34*$B38)/(Y34+Y35+Y36)) -> 0
B38: 0.039913286 | C38: =E38/SUM(E37:E39) -> 0.95 | D38: Capriles | E38: =IF((E34+E35+E36)=0,0,(E35*$B38)/(E34+E35+E36)) -> 0.037917622 | F38: =IF((F34+F35+F36)=0,0,(F35*$B38)/(F34+F35+F36)) -> 0.035478476 | G38: =IF((G34+G35+G36)=0,0,(G35*$B38)/(G34+G35+G36)) -> 0.035478476 | H38: =IF((H34+H35+H36)=0,0,(H35*$B38)/(H34+H35+H36)) -> 0.036442565 | I38: =IF((I34+I35+I36)=0,0,(I35*$B38)/(I34+I35+I36)) -> 0.039913286 | J38: =IF((J34+J35+J36)=0,0,(J35*$B38)/(J34+J35+J36)) -> 0.037917622 | K38: =IF((K34+K35+K36)=0,0,(K35*$B38)/(K34+K35+K36)) -> 0.037917622 | L38: =IF((L34+L35+L36)=0,0,(L35*$B38)/(L34+L35+L36)) -> 0.038012653 | ... Y38: =IF((Y34+Y35+Y36)=0,0,(Y35*$B38)/(Y34+Y35+Y36)) -> 0
C39: =E39/SUM(E37:E39) -> 0 | D39: Otro | E39: =IF((E34+E35+E36)=0,0,(E36*$B38)/(E34+E35+E36)) -> 0 | F39: =IF((F34+F35+F36)=0,0,(F36*$B38)/(F34+F35+F36)) -> 0 | G39: =IF((G34+G35+G36)=0,0,(G36*$B38)/(G34+G35+G36)) -> 0 | H39: =IF((H34+H35+H36)=0,0,(H36*$B38)/(H34+H35+H36)) -> 0 | I39: =IF((I34+I35+I36)=0,0,(I36*$B38)/(I34+I35+I36)) -> 0 | J39: =IF((J34+J35+J36)=0,0,(J36*$B38)/(J34+J35+J36)) -> 0 | K39: =IF((K34+K35+K36)=0,0,(K36*$B38)/(K34+K35+K36)) -> 0 | L39: =IF((L34+L35+L36)=0,0,(L36*$B38)/(L34+L35+L36)) -> 0 | ... Y39: =IF((Y34+Y35+Y36)=0,0,(Y36*$B38)/(Y34+Y35+Y36)) -> 0
B40: FREITES | C40: =E40/SUM(E40:E42) -> 0.68731563 | D40: Chavez | E40: =SUM(F40:Y40) -> 233 | F40: =SUMIFS([0]!Chavez,[0]!Centro,$B42,[0]!Turno,F$15) -> 26 | G40: =SUMIFS([0]!Chavez,[0]!Centro,$B42,[0]!Turno,G$15) -> 28 | H40: =SUMIFS([0]!Chavez,[0]!Centro,$B42,[0]!Turno,H$15) -> 26 | I40: =SUMIFS([0]!Chavez,[0]!Centro,$B42,[0]!Turno,I$15) -> 15 | J40: =SUMIFS([0]!Chavez,[0]!Centro,$B42,[0]!Turno,J$15) -> 39 | K40: =SUMIFS([0]!Chavez,[0]!Centro,$B42,[0]!Turno,K$15) -> 16 | L40: =SUMIFS([0]!Chavez,[0]!Centro,$B42,[0]!Turno,L$15) -> 25 | M40: =SUMIFS([0]!Chavez,[0]!Centro,$B42,[0]!Turno,M$15) -> 9 | ... Y40: =SUMIFS([0]!Chavez,[0]!Centro,$B42,[0]!Turno,Y$15) -> 0
C41: =E41/SUM(E40:E42) -> 0.28318584 | D41: Capriles | E41: =SUM(F41:Y41) -> 96 | F41: =SUMIFS([0]!Capriles,[0]!Centro,$B42,[0]!Turno,F$15) -> 15 | G41: =SUMIFS([0]!Capriles,[0]!Centro,$B42,[0]!Turno,G$15) -> 9 | H41: =SUMIFS([0]!Capriles,[0]!Centro,$B42,[0]!Turno,H$15) -> 3 | I41: =SUMIFS([0]!Capriles,[0]!Centro,$B42,[0]!Turno,I$15) -> 5 | J41: =SUMIFS([0]!Capriles,[0]!Centro,$B42,[0]!Turno,J$15) -> 16 | K41: =SUMIFS([0]!Capriles,[0]!Centro,$B42,[0]!Turno,K$15) -> 4 | L41: =SUMIFS([0]!Capriles,[0]!Centro,$B42,[0]!Turno,L$15) -> 8 | M41: =SUMIFS([0]!Capriles,[0]!Centro,$B42,[0]!Turno,M$15) -> 5 | ... Y41: =SUMIFS([0]!Capriles,[0]!Centro,$B42,[0]!Turno,Y$15) -> 0
B42: 23 | C42: =E42/SUM(E40:E42) -> 0.029498525 | D42: Otro | E42: =SUM(F42:Y42) -> 10 | F42: =SUMIFS([0]!Otro,[0]!Centro,$B42,[0]!Turno,F$15) -> 4 | G42: =SUMIFS([0]!Otro,[0]!Centro,$B42,[0]!Turno,G$15) -> 2 | H42: =SUMIFS([0]!Otro,[0]!Centro,$B42,[0]!Turno,H$15) -> 0 | I42: =SUMIFS([0]!Otro,[0]!Centro,$B42,[0]!Turno,I$15) -> 0 | J42: =SUMIFS([0]!Otro,[0]!Centro,$B42,[0]!Turno,J$15) -> 0 | K42: =SUMIFS([0]!Otro,[0]!Centro,$B42,[0]!Turno,K$15) -> 0 | L42: =SUMIFS([0]!Otro,[0]!Centro,$B42,[0]!Turno,L$15) -> 2 | M42: =SUMIFS([0]!Otro,[0]!Centro,$B42,[0]!Turno,M$15) -> 2 | ... Y42: =SUMIFS([0]!Otro,[0]!Centro,$B42,[0]!Turno,Y$15) -> 0
C43: =E43/SUM(E43:E45) -> 0.68731563 | D43: Chavez | E43: =IF((E40+E41+E42)=0,0,(E40*$B44)/(E40+E41+E42)) -> 0.045227605 | F43: =IF((F40+F41+F42)=0,0,(F40*$B44)/(F40+F41+F42)) -> 0.038019658 | G43: =IF((G40+G41+G42)=0,0,(G40*$B44)/(G40+G41+G42)) -> 0.047243362 | H43: =IF((H40+H41+H42)=0,0,(H40*$B44)/(H40+H41+H42)) -> 0.058996021 | I43: =IF((I40+I41+I42)=0,0,(I40*$B44)/(I40+I41+I42)) -> 0.04935244 | J43: =IF((J40+J41+J42)=0,0,(J40*$B44)/(J40+J41+J42)) -> 0.046660489 | K43: =IF((K40+K41+K42)=0,0,(K40*$B44)/(K40+K41+K42)) -> 0.052642603 | L43: =IF((L40+L41+L42)=0,0,(L40*$B44)/(L40+L41+L42)) -> 0.047002324 | ... Y43: =IF((Y40+Y41+Y42)=0,0,(Y40*$B44)/(Y40+Y41+Y42)) -> 0
B44: 0.065803254 | C44: =E44/SUM(E43:E45) -> 0.28318584 | D44: Capriles | E44: =IF((E40+E41+E42)=0,0,(E41*$B44)/(E40+E41+E42)) -> 0.01863455 | F44: =IF((F40+F41+F42)=0,0,(F41*$B44)/(F40+F41+F42)) -> 0.021934418 | G44: =IF((G40+G41+G42)=0,0,(G41*$B44)/(G40+G41+G42)) -> 0.015185366 | H44: =IF((H40+H41+H42)=0,0,(H41*$B44)/(H40+H41+H42)) -> 0.0068072331 | I44: =IF((I40+I41+I42)=0,0,(I41*$B44)/(I40+I41+I42)) -> 0.016450813 | J44: =IF((J40+J41+J42)=0,0,(J41*$B44)/(J40+J41+J42)) -> 0.019142765 | K44: =IF((K40+K41+K42)=0,0,(K41*$B44)/(K40+K41+K42)) -> 0.013160651 | L44: =IF((L40+L41+L42)=0,0,(L41*$B44)/(L40+L41+L42)) -> 0.015040744 | ... Y44: =IF((Y40+Y41+Y42)=0,0,(Y41*$B44)/(Y40+Y41+Y42)) -> 0
C45: =E45/SUM(E43:E45) -> 0.029498525 | D45: Otro | E45: =IF((E40+E41+E42)=0,0,(E42*$B44)/(E40+E41+E42)) -> 0.0019410989 | F45: =IF((F40+F41+F42)=0,0,(F42*$B44)/(F40+F41+F42)) -> 0.0058491781 | G45: =IF((G40+G41+G42)=0,0,(G42*$B44)/(G40+G41+G42)) -> 0.0033745258 | H45: =IF((H40+H41+H42)=0,0,(H42*$B44)/(H40+H41+H42)) -> 0 | I45: =IF((I40+I41+I42)=0,0,(I42*$B44)/(I40+I41+I42)) -> 0 | J45: =IF((J40+J41+J42)=0,0,(J42*$B44)/(J40+J41+J42)) -> 0 | K45: =IF((K40+K41+K42)=0,0,(K42*$B44)/(K40+K41+K42)) -> 0 | L45: =IF((L40+L41+L42)=0,0,(L42*$B44)/(L40+L41+L42)) -> 0.0037601859 | ... Y45: =IF((Y40+Y41+Y42)=0,0,(Y42*$B44)/(Y40+Y41+Y42)) -> 0
B46: GUANIPA | C46: =E46/SUM(E46:E48) -> 0.56842105 | D46: Chavez | E46: =SUM(F46:Y46) -> 54 | F46: =SUMIFS([0]!Chavez,[0]!Centro,$B48,[0]!Turno,F$15) -> 8 | G46: =SUMIFS([0]!Chavez,[0]!Centro,$B48,[0]!Turno,G$15) -> 0 | H46: =SUMIFS([0]!Chavez,[0]!Centro,$B48,[0]!Turno,H$15) -> 0 | I46: =SUMIFS([0]!Chavez,[0]!Centro,$B48,[0]!Turno,I$15) -> 15 | J46: =SUMIFS([0]!Chavez,[0]!Centro,$B48,[0]!Turno,J$15) -> 10 | K46: =SUMIFS([0]!Chavez,[0]!Centro,$B48,[0]!Turno,K$15) -> 0 | L46: =SUMIFS([0]!Chavez,[0]!Centro,$B48,[0]!Turno,L$15) -> 21 | M46: =SUMIFS([0]!Chavez,[0]!Centro,$B48,[0]!Turno,M$15) -> 0 | ... Y46: =SUMIFS([0]!Chavez,[0]!Centro,$B48,[0]!Turno,Y$15) -> 0
C47: =E47/SUM(E46:E48) -> 0.41052632 | D47: Capriles | E47: =SUM(F47:Y47) -> 39 | F47: =SUMIFS([0]!Capriles,[0]!Centro,$B48,[0]!Turno,F$15) -> 12 | G47: =SUMIFS([0]!Capriles,[0]!Centro,$B48,[0]!Turno,G$15) -> 0 | H47: =SUMIFS([0]!Capriles,[0]!Centro,$B48,[0]!Turno,H$15) -> 0 | I47: =SUMIFS([0]!Capriles,[0]!Centro,$B48,[0]!Turno,I$15) -> 5 | J47: =SUMIFS([0]!Capriles,[0]!Centro,$B48,[0]!Turno,J$15) -> 8 | K47: =SUMIFS([0]!Capriles,[0]!Centro,$B48,[0]!Turno,K$15) -> 0 | L47: =SUMIFS([0]!Capriles,[0]!Centro,$B48,[0]!Turno,L$15) -> 14 | M47: =SUMIFS([0]!Capriles,[0]!Centro,$B48,[0]!Turno,M$15) -> 0 | ... Y47: =SUMIFS([0]!Capriles,[0]!Centro,$B48,[0]!Turno,Y$15) -> 0
B48: 24 | C48: =E48/SUM(E46:E48) -> 0.021052632 | D48: Otro | E48: =SUM(F48:Y48) -> 2 | F48: =SUMIFS([0]!Otro,[0]!Centro,$B48,[0]!Turno,F$15) -> 0 | G48: =SUMIFS([0]!Otro,[0]!Centro,$B48,[0]!Turno,G$15) -> 0 | H48: =SUMIFS([0]!Otro,[0]!Centro,$B48,[0]!Turno,H$15) -> 0 | I48: =SUMIFS([0]!Otro,[0]!Centro,$B48,[0]!Turno,I$15) -> 0 | J48: =SUMIFS([0]!Otro,[0]!Centro,$B48,[0]!Turno,J$15) -> 2 | K48: =SUMIFS([0]!Otro,[0]!Centro,$B48,[0]!Turno,K$15) -> 0 | L48: =SUMIFS([0]!Otro,[0]!Centro,$B48,[0]!Turno,L$15) -> 0 | M48: =SUMIFS([0]!Otro,[0]!Centro,$B48,[0]!Turno,M$15) -> 0 | ... Y48: =SUMIFS([0]!Otro,[0]!Centro,$B48,[0]!Turno,Y$15) -> 0
C49: =E49/SUM(E49:E51) -> 0.56842105 | D49: Chavez | E49: =IF((E46+E47+E48)=0,0,(E46*$B50)/(E46+E47+E48)) -> 0.036490182 | F49: =IF((F46+F47+F48)=0,0,(F46*$B50)/(F46+F47+F48)) -> 0.025678276 | G49: =IF((G46+G47+G48)=0,0,(G46*$B50)/(G46+G47+G48)) -> 0 | H49: =IF((H46+H47+H48)=0,0,(H46*$B50)/(H46+H47+H48)) -> 0 | I49: =IF((I46+I47+I48)=0,0,(I46*$B50)/(I46+I47+I48)) -> 0.048146768 | J49: =IF((J46+J47+J48)=0,0,(J46*$B50)/(J46+J47+J48)) -> 0.032097845 | K49: =IF((K46+K47+K48)=0,0,(K46*$B50)/(K46+K47+K48)) -> 0 | L49: =IF((L46+L47+L48)=0,0,(L46*$B50)/(L46+L47+L48)) -> 0.038517414 | ... Y49: =IF((Y46+Y47+Y48)=0,0,(Y46*$B50)/(Y46+Y47+Y48)) -> 0
B50: 0.06419569 | C50: =E50/SUM(E49:E51) -> 0.41052632 | D50: Capriles | E50: =IF((E46+E47+E48)=0,0,(E47*$B50)/(E46+E47+E48)) -> 0.02635402 | F50: =IF((F46+F47+F48)=0,0,(F47*$B50)/(F46+F47+F48)) -> 0.038517414 | G50: =IF((G46+G47+G48)=0,0,(G47*$B50)/(G46+G47+G48)) -> 0 | H50: =IF((H46+H47+H48)=0,0,(H47*$B50)/(H46+H47+H48)) -> 0 | I50: =IF((I46+I47+I48)=0,0,(I47*$B50)/(I46+I47+I48)) -> 0.016048923 | J50: =IF((J46+J47+J48)=0,0,(J47*$B50)/(J46+J47+J48)) -> 0.025678276 | K50: =IF((K46+K47+K48)=0,0,(K47*$B50)/(K46+K47+K48)) -> 0 | L50: =IF((L46+L47+L48)=0,0,(L47*$B50)/(L46+L47+L48)) -> 0.025678276 | ... Y50: =IF((Y46+Y47+Y48)=0,0,(Y47*$B50)/(Y46+Y47+Y48)) -> 0
C51: =E51/SUM(E49:E51) -> 0.021052632 | D51: Otro | E51: =IF((E46+E47+E48)=0,0,(E48*$B50)/(E46+E47+E48)) -> 0.0013514882 | F51: =IF((F46+F47+F48)=0,0,(F48*$B50)/(F46+F47+F48)) -> 0 | G51: =IF((G46+G47+G48)=0,0,(G48*$B50)/(G46+G47+G48)) -> 0 | H51: =IF((H46+H47+H48)=0,0,(H48*$B50)/(H46+H47+H48)) -> 0 | I51: =IF((I46+I47+I48)=0,0,(I48*$B50)/(I46+I47+I48)) -> 0 | J51: =IF((J46+J47+J48)=0,0,(J48*$B50)/(J46+J47+J48)) -> 0.006419569 | K51: =IF((K46+K47+K48)=0,0,(K48*$B50)/(K46+K47+K48)) -> 0 | L51: =IF((L46+L47+L48)=0,0,(L48*$B50)/(L46+L47+L48)) -> 0 | ... Y51: =IF((Y46+Y47+Y48)=0,0,(Y48*$B50)/(Y46+Y47+Y48)) -> 0
B52: MIRANDA | C52: =E52/SUM(E52:E54) -> 0.7029703 | D52: Chavez | E52: =SUM(F52:Y52) -> 142 | F52: =SUMIFS([0]!Chavez,[0]!Centro,$B54,[0]!Turno,F$15) -> 36 | G52: =SUMIFS([0]!Chavez,[0]!Centro,$B54,[0]!Turno,G$15) -> 17 | H52: =SUMIFS([0]!Chavez,[0]!Centro,$B54,[0]!Turno,H$15) -> 16 | I52: =SUMIFS([0]!Chavez,[0]!Centro,$B54,[0]!Turno,I$15) -> 26 | J52: =SUMIFS([0]!Chavez,[0]!Centro,$B54,[0]!Turno,J$15) -> 16 | K52: =SUMIFS([0]!Chavez,[0]!Centro,$B54,[0]!Turno,K$15) -> 14 | L52: =SUMIFS([0]!Chavez,[0]!Centro,$B54,[0]!Turno,L$15) -> 0 | M52: =SUMIFS([0]!Chavez,[0]!Centro,$B54,[0]!Turno,M$15) -> 17 | ... Y52: =SUMIFS([0]!Chavez,[0]!Centro,$B54,[0]!Turno,Y$15) -> 0
C53: =E53/SUM(E52:E54) -> 0.28712871 | D53: Capriles | E53: =SUM(F53:Y53) -> 58 | F53: =SUMIFS([0]!Capriles,[0]!Centro,$B54,[0]!Turno,F$15) -> 12 | G53: =SUMIFS([0]!Capriles,[0]!Centro,$B54,[0]!Turno,G$15) -> 19 | H53: =SUMIFS([0]!Capriles,[0]!Centro,$B54,[0]!Turno,H$15) -> 3 | I53: =SUMIFS([0]!Capriles,[0]!Centro,$B54,[0]!Turno,I$15) -> 13 | J53: =SUMIFS([0]!Capriles,[0]!Centro,$B54,[0]!Turno,J$15) -> 4 | K53: =SUMIFS([0]!Capriles,[0]!Centro,$B54,[0]!Turno,K$15) -> 4 | L53: =SUMIFS([0]!Capriles,[0]!Centro,$B54,[0]!Turno,L$15) -> 0 | M53: =SUMIFS([0]!Capriles,[0]!Centro,$B54,[0]!Turno,M$15) -> 3 | ... Y53: =SUMIFS([0]!Capriles,[0]!Centro,$B54,[0]!Turno,Y$15) -> 0
B54: 25 | C54: =E54/SUM(E52:E54) -> 0.0099009901 | D54: Otro | E54: =SUM(F54:Y54) -> 2 | F54: =SUMIFS([0]!Otro,[0]!Centro,$B54,[0]!Turno,F$15) -> 0 | G54: =SUMIFS([0]!Otro,[0]!Centro,$B54,[0]!Turno,G$15) -> 0 | H54: =SUMIFS([0]!Otro,[0]!Centro,$B54,[0]!Turno,H$15) -> 0 | I54: =SUMIFS([0]!Otro,[0]!Centro,$B54,[0]!Turno,I$15) -> 0 | J54: =SUMIFS([0]!Otro,[0]!Centro,$B54,[0]!Turno,J$15) -> 0 | K54: =SUMIFS([0]!Otro,[0]!Centro,$B54,[0]!Turno,K$15) -> 2 | L54: =SUMIFS([0]!Otro,[0]!Centro,$B54,[0]!Turno,L$15) -> 0 | M54: =SUMIFS([0]!Otro,[0]!Centro,$B54,[0]!Turno,M$15) -> 0 | ... Y54: =SUMIFS([0]!Otro,[0]!Centro,$B54,[0]!Turno,Y$15) -> 0
C55: =E55/SUM(E55:E57) -> 0.7029703 | D55: Chavez | E55: =IF((E52+E53+E54)=0,0,(E52*$B56)/(E52+E53+E54)) -> 0.028002836 | F55: =IF((F52+F53+F54)=0,0,(F52*$B56)/(F52+F53+F54)) -> 0.029876265 | G55: =IF((G52+G53+G54)=0,0,(G52*$B56)/(G52+G53+G54)) -> 0.018810982 | H55: =IF((H52+H53+H54)=0,0,(H52*$B56)/(H52+H53+H54)) -> 0.03354528 | I55: =IF((I52+I53+I54)=0,0,(I52*$B56)/(I52+I53+I54)) -> 0.02655668 | J55: =IF((J52+J53+J54)=0,0,(J52*$B56)/(J52+J53+J54)) -> 0.031868016 | K55: =IF((K52+K53+K54)=0,0,(K52*$B56)/(K52+K53+K54)) -> 0.027884514 | L55: =IF((L52+L53+L54)=0,0,(L52*$B56)/(L52+L53+L54)) -> 0 | ... Y55: =IF((Y52+Y53+Y54)=0,0,(Y52*$B56)/(Y52+Y53+Y54)) -> 0
B56: 0.03983502 | C56: =E56/SUM(E55:E57) -> 0.28712871 | D56: Capriles | E56: =IF((E52+E53+E54)=0,0,(E53*$B56)/(E52+E53+E54)) -> 0.011437778 | F56: =IF((F52+F53+F54)=0,0,(F53*$B56)/(F52+F53+F54)) -> 0.0099587549 | G56: =IF((G52+G53+G54)=0,0,(G53*$B56)/(G52+G53+G54)) -> 0.021024038 | H56: =IF((H52+H53+H54)=0,0,(H53*$B56)/(H52+H53+H54)) -> 0.00628974 | I56: =IF((I52+I53+I54)=0,0,(I53*$B56)/(I52+I53+I54)) -> 0.01327834 | J56: =IF((J52+J53+J54)=0,0,(J53*$B56)/(J52+J53+J54)) -> 0.007967004 | K56: =IF((K52+K53+K54)=0,0,(K53*$B56)/(K52+K53+K54)) -> 0.007967004 | L56: =IF((L52+L53+L54)=0,0,(L53*$B56)/(L52+L53+L54)) -> 0 | ... Y56: =IF((Y52+Y53+Y54)=0,0,(Y53*$B56)/(Y52+Y53+Y54)) -> 0
C57: =E57/SUM(E55:E57) -> 0.0099009901 | D57: Otro | E57: =IF((E52+E53+E54)=0,0,(E54*$B56)/(E52+E53+E54)) -> 0.00039440614 | F57: =IF((F52+F53+F54)=0,0,(F54*$B56)/(F52+F53+F54)) -> 0 | G57: =IF((G52+G53+G54)=0,0,(G54*$B56)/(G52+G53+G54)) -> 0 | H57: =IF((H52+H53+H54)=0,0,(H54*$B56)/(H52+H53+H54)) -> 0 | I57: =IF((I52+I53+I54)=0,0,(I54*$B56)/(I52+I53+I54)) -> 0 | J57: =IF((J52+J53+J54)=0,0,(J54*$B56)/(J52+J53+J54)) -> 0 | K57: =IF((K52+K53+K54)=0,0,(K54*$B56)/(K52+K53+K54)) -> 0.003983502 | L57: =IF((L52+L53+L54)=0,0,(L54*$B56)/(L52+L53+L54)) -> 0 | ... Y57: =IF((Y52+Y53+Y54)=0,0,(Y54*$B56)/(Y52+Y53+Y54)) -> 0
B58: SIMON RODRIGUEZ | C58: =E58/SUM(E58:E60) -> 0.72488038 | D58: Chavez | E58: =SUM(F58:Y58) -> 303 | F58: =SUMIFS([0]!Chavez,[0]!Centro,$B60,[0]!Turno,F$15) -> 15 | G58: =SUMIFS([0]!Chavez,[0]!Centro,$B60,[0]!Turno,G$15) -> 20 | H58: =SUMIFS([0]!Chavez,[0]!Centro,$B60,[0]!Turno,H$15) -> 31 | I58: =SUMIFS([0]!Chavez,[0]!Centro,$B60,[0]!Turno,I$15) -> 37 | J58: =SUMIFS([0]!Chavez,[0]!Centro,$B60,[0]!Turno,J$15) -> 34 | K58: =SUMIFS([0]!Chavez,[0]!Centro,$B60,[0]!Turno,K$15) -> 55 | L58: =SUMIFS([0]!Chavez,[0]!Centro,$B60,[0]!Turno,L$15) -> 43 | M58: =SUMIFS([0]!Chavez,[0]!Centro,$B60,[0]!Turno,M$15) -> 34 | ... Y58: =SUMIFS([0]!Chavez,[0]!Centro,$B60,[0]!Turno,Y$15) -> 0
C59: =E59/SUM(E58:E60) -> 0.27511962 | D59: Capriles | E59: =SUM(F59:Y59) -> 115 | F59: =SUMIFS([0]!Capriles,[0]!Centro,$B60,[0]!Turno,F$15) -> 5 | G59: =SUMIFS([0]!Capriles,[0]!Centro,$B60,[0]!Turno,G$15) -> 0 | H59: =SUMIFS([0]!Capriles,[0]!Centro,$B60,[0]!Turno,H$15) -> 8 | I59: =SUMIFS([0]!Capriles,[0]!Centro,$B60,[0]!Turno,I$15) -> 28 | J59: =SUMIFS([0]!Capriles,[0]!Centro,$B60,[0]!Turno,J$15) -> 19 | K59: =SUMIFS([0]!Capriles,[0]!Centro,$B60,[0]!Turno,K$15) -> 9 | L59: =SUMIFS([0]!Capriles,[0]!Centro,$B60,[0]!Turno,L$15) -> 20 | M59: =SUMIFS([0]!Capriles,[0]!Centro,$B60,[0]!Turno,M$15) -> 13 | ... Y59: =SUMIFS([0]!Capriles,[0]!Centro,$B60,[0]!Turno,Y$15) -> 0
B60: 26 | C60: =E60/SUM(E58:E60) -> 0 | D60: Otro | E60: =SUM(F60:Y60) -> 0 | F60: =SUMIFS([0]!Otro,[0]!Centro,$B60,[0]!Turno,F$15) -> 0 | G60: =SUMIFS([0]!Otro,[0]!Centro,$B60,[0]!Turno,G$15) -> 0 | H60: =SUMIFS([0]!Otro,[0]!Centro,$B60,[0]!Turno,H$15) -> 0 | I60: =SUMIFS([0]!Otro,[0]!Centro,$B60,[0]!Turno,I$15) -> 0 | J60: =SUMIFS([0]!Otro,[0]!Centro,$B60,[0]!Turno,J$15) -> 0 | K60: =SUMIFS([0]!Otro,[0]!Centro,$B60,[0]!Turno,K$15) -> 0 | L60: =SUMIFS([0]!Otro,[0]!Centro,$B60,[0]!Turno,L$15) -> 0 | M60: =SUMIFS([0]!Otro,[0]!Centro,$B60,[0]!Turno,M$15) -> 0 | ... Y60: =SUMIFS([0]!Otro,[0]!Centro,$B60,[0]!Turno,Y$15) -> 0
C61: =E61/SUM(E61:E63) -> 0.72488038 | D61: Chavez | E61: =IF((E58+E59+E60)=0,0,(E58*$B62)/(E58+E59+E60)) -> 0.10263657 | F61: =IF((F58+F59+F60)=0,0,(F58*$B62)/(F58+F59+F60)) -> 0.10619328 | G61: =IF((G58+G59+G60)=0,0,(G58*$B62)/(G58+G59+G60)) -> 0.14159104 | H61: =IF((H58+H59+H60)=0,0,(H58*$B62)/(H58+H59+H60)) -> 0.11254672 | I61: =IF((I58+I59+I60)=0,0,(I58*$B62)/(I58+I59+I60)) -> 0.080597977 | J61: =IF((J58+J59+J60)=0,0,(J58*$B62)/(J58+J59+J60)) -> 0.090831988 | K61: =IF((K58+K59+K60)=0,0,(K58*$B62)/(K58+K59+K60)) -> 0.1216798 | L61: =IF((L58+L59+L60)=0,0,(L58*$B62)/(L58+L59+L60)) -> 0.096641504 | ... Y61: =IF((Y58+Y59+Y60)=0,0,(Y58*$B62)/(Y58+Y59+Y60)) -> 0
B62: 0.14159104 | C62: =E62/SUM(E61:E63) -> 0.27511962 | D62: Capriles | E62: =IF((E58+E59+E60)=0,0,(E59*$B62)/(E58+E59+E60)) -> 0.038954473 | F62: =IF((F58+F59+F60)=0,0,(F59*$B62)/(F58+F59+F60)) -> 0.03539776 | G62: =IF((G58+G59+G60)=0,0,(G59*$B62)/(G58+G59+G60)) -> 0 | H62: =IF((H58+H59+H60)=0,0,(H59*$B62)/(H58+H59+H60)) -> 0.029044316 | I62: =IF((I58+I59+I60)=0,0,(I59*$B62)/(I58+I59+I60)) -> 0.060993064 | J62: =IF((J58+J59+J60)=0,0,(J59*$B62)/(J58+J59+J60)) -> 0.050759052 | K62: =IF((K58+K59+K60)=0,0,(K59*$B62)/(K58+K59+K60)) -> 0.01991124 | L62: =IF((L58+L59+L60)=0,0,(L59*$B62)/(L58+L59+L60)) -> 0.044949537 | ... Y62: =IF((Y58+Y59+Y60)=0,0,(Y59*$B62)/(Y58+Y59+Y60)) -> 0
C63: =E63/SUM(E61:E63) -> 0 | D63: Otro | E63: =IF((E58+E59+E60)=0,0,(E60*$B62)/(E58+E59+E60)) -> 0 | F63: =IF((F58+F59+F60)=0,0,(F60*$B62)/(F58+F59+F60)) -> 0 | G63: =IF((G58+G59+G60)=0,0,(G60*$B62)/(G58+G59+G60)) -> 0 | H63: =IF((H58+H59+H60)=0,0,(H60*$B62)/(H58+H59+H60)) -> 0 | I63: =IF((I58+I59+I60)=0,0,(I60*$B62)/(I58+I59+I60)) -> 0 | J63: =IF((J58+J59+J60)=0,0,(J60*$B62)/(J58+J59+J60)) -> 0 | K63: =IF((K58+K59+K60)=0,0,(K60*$B62)/(K58+K59+K60)) -> 0 | L63: =IF((L58+L59+L60)=0,0,(L60*$B62)/(L58+L59+L60)) -> 0 | ... Y63: =IF((Y58+Y59+Y60)=0,0,(Y60*$B62)/(Y58+Y59+Y60)) -> 0
B64: SOTILLO | C64: =E64/SUM(E64:E66) -> 0.78663239 | D64: Chavez | E64: =SUM(F64:Y64) -> 306 | F64: =SUMIFS([0]!Chavez,[0]!Centro,$B66,[0]!Turno,F$15) -> 45 | G64: =SUMIFS([0]!Chavez,[0]!Centro,$B66,[0]!Turno,G$15) -> 37 | H64: =SUMIFS([0]!Chavez,[0]!Centro,$B66,[0]!Turno,H$15) -> 37 | I64: =SUMIFS([0]!Chavez,[0]!Centro,$B66,[0]!Turno,I$15) -> 22 | J64: =SUMIFS([0]!Chavez,[0]!Centro,$B66,[0]!Turno,J$15) -> 45 | K64: =SUMIFS([0]!Chavez,[0]!Centro,$B66,[0]!Turno,K$15) -> 24 | L64: =SUMIFS([0]!Chavez,[0]!Centro,$B66,[0]!Turno,L$15) -> 33 | M64: =SUMIFS([0]!Chavez,[0]!Centro,$B66,[0]!Turno,M$15) -> 31 | ... Y64: =SUMIFS([0]!Chavez,[0]!Centro,$B66,[0]!Turno,Y$15) -> 0
C65: =E65/SUM(E64:E66) -> 0.20565553 | D65: Capriles | E65: =SUM(F65:Y65) -> 80 | F65: =SUMIFS([0]!Capriles,[0]!Centro,$B66,[0]!Turno,F$15) -> 9 | G65: =SUMIFS([0]!Capriles,[0]!Centro,$B66,[0]!Turno,G$15) -> 9 | H65: =SUMIFS([0]!Capriles,[0]!Centro,$B66,[0]!Turno,H$15) -> 6 | I65: =SUMIFS([0]!Capriles,[0]!Centro,$B66,[0]!Turno,I$15) -> 17 | J65: =SUMIFS([0]!Capriles,[0]!Centro,$B66,[0]!Turno,J$15) -> 13 | K65: =SUMIFS([0]!Capriles,[0]!Centro,$B66,[0]!Turno,K$15) -> 6 | L65: =SUMIFS([0]!Capriles,[0]!Centro,$B66,[0]!Turno,L$15) -> 12 | M65: =SUMIFS([0]!Capriles,[0]!Centro,$B66,[0]!Turno,M$15) -> 4 | ... Y65: =SUMIFS([0]!Capriles,[0]!Centro,$B66,[0]!Turno,Y$15) -> 0
B66: 27 | C66: =E66/SUM(E64:E66) -> 0.0077120823 | D66: Otro | E66: =SUM(F66:Y66) -> 3 | F66: =SUMIFS([0]!Otro,[0]!Centro,$B66,[0]!Turno,F$15) -> 0 | G66: =SUMIFS([0]!Otro,[0]!Centro,$B66,[0]!Turno,G$15) -> 0 | H66: =SUMIFS([0]!Otro,[0]!Centro,$B66,[0]!Turno,H$15) -> 0 | I66: =SUMIFS([0]!Otro,[0]!Centro,$B66,[0]!Turno,I$15) -> 0 | J66: =SUMIFS([0]!Otro,[0]!Centro,$B66,[0]!Turno,J$15) -> 0 | K66: =SUMIFS([0]!Otro,[0]!Centro,$B66,[0]!Turno,K$15) -> 0 | L66: =SUMIFS([0]!Otro,[0]!Centro,$B66,[0]!Turno,L$15) -> 0 | M66: =SUMIFS([0]!Otro,[0]!Centro,$B66,[0]!Turno,M$15) -> 3 | ... Y66: =SUMIFS([0]!Otro,[0]!Centro,$B66,[0]!Turno,Y$15) -> 0
C67: =E67/SUM(E67:E69) -> 0.78663239 | D67: Chavez | E67: =IF((E64+E65+E66)=0,0,(E64*$B68)/(E64+E65+E66)) -> 0.1653067 | F67: =IF((F64+F65+F66)=0,0,(F64*$B68)/(F64+F65+F66)) -> 0.17512066 | G67: =IF((G64+G65+G66)=0,0,(G64*$B68)/(G64+G65+G66)) -> 0.16902951 | H67: =IF((H64+H65+H66)=0,0,(H64*$B68)/(H64+H65+H66)) -> 0.18082226 | I67: =IF((I64+I65+I66)=0,0,(I64*$B68)/(I64+I65+I66)) -> 0.11854322 | J67: =IF((J64+J65+J66)=0,0,(J64*$B68)/(J64+J65+J66)) -> 0.16304337 | K67: =IF((K64+K65+K66)=0,0,(K64*$B68)/(K64+K65+K66)) -> 0.16811583 | L67: =IF((L64+L65+L66)=0,0,(L64*$B68)/(L64+L65+L66)) -> 0.15410618 | ... Y67: =IF((Y64+Y65+Y66)=0,0,(Y64*$B68)/(Y64+Y65+Y66)) -> 0
B68: 0.21014479 | C68: =E68/SUM(E67:E69) -> 0.20565553 | D68: Capriles | E68: =IF((E64+E65+E66)=0,0,(E65*$B68)/(E64+E65+E66)) -> 0.043217438 | F68: =IF((F64+F65+F66)=0,0,(F65*$B68)/(F64+F65+F66)) -> 0.035024132 | G68: =IF((G64+G65+G66)=0,0,(G65*$B68)/(G64+G65+G66)) -> 0.041115285 | H68: =IF((H64+H65+H66)=0,0,(H65*$B68)/(H64+H65+H66)) -> 0.029322529 | I68: =IF((I64+I65+I66)=0,0,(I65*$B68)/(I64+I65+I66)) -> 0.091601576 | J68: =IF((J64+J65+J66)=0,0,(J65*$B68)/(J64+J65+J66)) -> 0.047101419 | K68: =IF((K64+K65+K66)=0,0,(K65*$B68)/(K64+K65+K66)) -> 0.042028959 | L68: =IF((L64+L65+L66)=0,0,(L65*$B68)/(L64+L65+L66)) -> 0.056038611 | ... Y68: =IF((Y64+Y65+Y66)=0,0,(Y65*$B68)/(Y64+Y65+Y66)) -> 0
C69: =E69/SUM(E67:E69) -> 0.0077120823 | D69: Otro | E69: =IF((E64+E65+E66)=0,0,(E66*$B68)/(E64+E65+E66)) -> 0.0016206539 | F69: =IF((F64+F65+F66)=0,0,(F66*$B68)/(F64+F65+F66)) -> 0 | G69: =IF((G64+G65+G66)=0,0,(G66*$B68)/(G64+G65+G66)) -> 0 | H69: =IF((H64+H65+H66)=0,0,(H66*$B68)/(H64+H65+H66)) -> 0 | I69: =IF((I64+I65+I66)=0,0,(I66*$B68)/(I64+I65+I66)) -> 0 | J69: =IF((J64+J65+J66)=0,0,(J66*$B68)/(J64+J65+J66)) -> 0 | K69: =IF((K64+K65+K66)=0,0,(K66*$B68)/(K64+K65+K66)) -> 0 | L69: =IF((L64+L65+L66)=0,0,(L66*$B68)/(L64+L65+L66)) -> 0 | ... Y69: =IF((Y64+Y65+Y66)=0,0,(Y66*$B68)/(Y64+Y65+Y66)) -> 0
B70: CM | C70: Resultado | D70: Candidato | E70: Votos | F70: 1 | G70: 2 | H70: 3 | I70: 4 | J70: 5 | K70: 6 | L70: 7 | M70: 8 | N70: 9 | O70: 10 | P70: 11 | Q70: 12 | R70: 13 | S70: 14 | T70: 15 | U70: 16 | V70: 17 | W70: 18 | X70: 19 | Y70: 20
B71: APURE | C71: =E71/($E$71+$E$72+$E$73) -> 0.60108108 | D71: Chavez | E71: =SUM(F71:Y71) -> 556 | F71: =SUM(F77,F83,F89,F95) -> 47 | G71: =SUM(G77,G83,G89,G95) -> 59 | H71: =SUM(H77,H83,H89,H95) -> 99 | I71: =SUM(I77,I83,I89,I95) -> 76 | J71: =SUM(J77,J83,J89,J95) -> 82 | K71: =SUM(K77,K83,K89,K95) -> 46 | L71: =SUM(L77,L83,L89,L95) -> 57 | M71: =SUM(M77,M83,M89,M95) -> 64 | ... Y71: =SUM(Y77,Y83,Y89,Y95) -> 0
C72: =E72/($E$71+$E$72+$E$73) -> 0.39027027 | D72: Capriles | E72: =SUM(F72:Y72) -> 361 | F72: =SUM(F78,F84,F90,F96) -> 26 | G72: =SUM(G78,G84,G90,G96) -> 32 | H72: =SUM(H78,H84,H90,H96) -> 57 | I72: =SUM(I78,I84,I90,I96) -> 46 | J72: =SUM(J78,J84,J90,J96) -> 69 | K72: =SUM(K78,K84,K90,K96) -> 29 | L72: =SUM(L78,L84,L90,L96) -> 48 | M72: =SUM(M78,M84,M90,M96) -> 39 | ... Y72: =SUM(Y78,Y84,Y90,Y96) -> 0
C73: =E73/($E$71+$E$72+$E$73) -> 0.0086486486 | D73: Otro | E73: =SUM(F73:Y73) -> 8 | F73: =SUM(F79,F85,F91,F97) -> 2 | G73: =SUM(G79,G85,G91,G97) -> 1 | H73: =SUM(H79,H85,H91,H97) -> 1 | I73: =SUM(I79,I85,I91,I97) -> 1 | J73: =SUM(J79,J85,J91,J97) -> 3 | K73: =SUM(K79,K85,K91,K97) -> 0 | L73: =SUM(L79,L85,L91,L97) -> 0 | M73: =SUM(M79,M85,M91,M97) -> 0 | ... Y73: =SUM(Y79,Y85,Y91,Y97) -> 0
C74: =E74/($E$74+$E$75+$E$76) -> 0.59928035 | D74: Chavez | E74: =SUM(E80,E86,E92,E98) -> 0.59928035 | F74: =SUM(F80,F86,F92,F98) -> 0.62246852 | G74: =SUM(G80,G86,G92,G98) -> 0.53585642 | H74: =SUM(H80,H86,H92,H98) -> 0.67821391 | I74: =SUM(I80,I86,I92,I98) -> 0.48689101 | J74: =SUM(J80,J86,J92,J98) -> 0.51228568 | K74: =SUM(K80,K86,K92,K98) -> 0.62486802 | L74: =SUM(L80,L86,L92,L98) -> 0.44910521 | ... Y74: =SUM(Y80,Y86,Y92,Y98) -> 0
C75: =E75/($E$74+$E$75+$E$76) -> 0.39108213 | D75: Capriles | E75: =SUM(E81,E87,E93,E99) -> 0.39108213 | F75: =SUM(F81,F87,F93,F99) -> 0.3341173 | G75: =SUM(G81,G87,G93,G99) -> 0.27289609 | H75: =SUM(H81,H87,H93,H99) -> 0.3137805 | I75: =SUM(I81,I87,I93,I99) -> 0.34774444 | J75: =SUM(J81,J87,J93,J99) -> 0.47500848 | K75: =SUM(K81,K87,K93,K99) -> 0.37513198 | L75: =SUM(L81,L87,L93,L99) -> 0.39267036 | ... Y75: =SUM(Y81,Y87,Y93,Y99) -> 0
C76: =E76/($E$74+$E$75+$E$76) -> 0.0096375257 | D76: Otro | E76: =SUM(E82,E88,E94,E100) -> 0.0096375257 | F76: =SUM(F82,F88,F94,F100) -> 0.043414178 | G76: =SUM(G82,G88,G94,G100) -> 0.033023054 | H76: =SUM(H82,H88,H94,H100) -> 0.0080055889 | I76: =SUM(I82,I88,I94,I100) -> 0.0071401198 | J76: =SUM(J82,J88,J94,J100) -> 0.012705838 | K76: =SUM(K82,K88,K94,K100) -> 0 | L76: =SUM(L82,L88,L94,L100) -> 0 | ... Y76: =SUM(Y82,Y88,Y94,Y100) -> 0
B77: ACHAGUAS | C77: =E77/SUM(E77:E79) -> 0.62921348 | D77: Chavez | E77: =SUM(F77:Y77) -> 112 | F77: =SUMIFS([0]!Chavez,[0]!Centro,$B79,[0]!Turno,F$70) -> 6 | G77: =SUMIFS([0]!Chavez,[0]!Centro,$B79,[0]!Turno,G$70) -> 0 | H77: =SUMIFS([0]!Chavez,[0]!Centro,$B79,[0]!Turno,H$70) -> 20 | I77: =SUMIFS([0]!Chavez,[0]!Centro,$B79,[0]!Turno,I$70) -> 0 | J77: =SUMIFS([0]!Chavez,[0]!Centro,$B79,[0]!Turno,J$70) -> 33 | K77: =SUMIFS([0]!Chavez,[0]!Centro,$B79,[0]!Turno,K$70) -> 11 | L77: =SUMIFS([0]!Chavez,[0]!Centro,$B79,[0]!Turno,L$70) -> 0 | M77: =SUMIFS([0]!Chavez,[0]!Centro,$B79,[0]!Turno,M$70) -> 31 | ... Y77: =SUMIFS([0]!Chavez,[0]!Centro,$B79,[0]!Turno,Y$70) -> 0
C78: =E78/SUM(E77:E79) -> 0.35955056 | D78: Capriles | E78: =SUM(F78:Y78) -> 64 | F78: =SUMIFS([0]!Capriles,[0]!Centro,$B79,[0]!Turno,F$70) -> 4 | G78: =SUMIFS([0]!Capriles,[0]!Centro,$B79,[0]!Turno,G$70) -> 0 | H78: =SUMIFS([0]!Capriles,[0]!Centro,$B79,[0]!Turno,H$70) -> 8 | I78: =SUMIFS([0]!Capriles,[0]!Centro,$B79,[0]!Turno,I$70) -> 0 | J78: =SUMIFS([0]!Capriles,[0]!Centro,$B79,[0]!Turno,J$70) -> 20 | K78: =SUMIFS([0]!Capriles,[0]!Centro,$B79,[0]!Turno,K$70) -> 1 | L78: =SUMIFS([0]!Capriles,[0]!Centro,$B79,[0]!Turno,L$70) -> 0 | M78: =SUMIFS([0]!Capriles,[0]!Centro,$B79,[0]!Turno,M$70) -> 21 | ... Y78: =SUMIFS([0]!Capriles,[0]!Centro,$B79,[0]!Turno,Y$70) -> 0
B79: 28 | C79: =E79/SUM(E77:E79) -> 0.011235955 | D79: Otro | E79: =SUM(F79:Y79) -> 2 | F79: =SUMIFS([0]!Otro,[0]!Centro,$B79,[0]!Turno,F$70) -> 0 | G79: =SUMIFS([0]!Otro,[0]!Centro,$B79,[0]!Turno,G$70) -> 0 | H79: =SUMIFS([0]!Otro,[0]!Centro,$B79,[0]!Turno,H$70) -> 0 | I79: =SUMIFS([0]!Otro,[0]!Centro,$B79,[0]!Turno,I$70) -> 0 | J79: =SUMIFS([0]!Otro,[0]!Centro,$B79,[0]!Turno,J$70) -> 2 | K79: =SUMIFS([0]!Otro,[0]!Centro,$B79,[0]!Turno,K$70) -> 0 | L79: =SUMIFS([0]!Otro,[0]!Centro,$B79,[0]!Turno,L$70) -> 0 | M79: =SUMIFS([0]!Otro,[0]!Centro,$B79,[0]!Turno,M$70) -> 0 | ... Y79: =SUMIFS([0]!Otro,[0]!Centro,$B79,[0]!Turno,Y$70) -> 0
C80: =E80/SUM(E80:E82) -> 0.62921348 | D80: Chavez | E80: =IF((E77+E78+E79)=0,0,(E77*$B81)/(E77+E78+E79)) -> 0.099556946 | F80: =IF((F77+F78+F79)=0,0,(F77*$B81)/(F77+F78+F79)) -> 0.094934659 | G80: =IF((G77+G78+G79)=0,0,(G77*$B81)/(G77+G78+G79)) -> 0 | H80: =IF((H77+H78+H79)=0,0,(H77*$B81)/(H77+H78+H79)) -> 0.11301745 | I80: =IF((I77+I78+I79)=0,0,(I77*$B81)/(I77+I78+I79)) -> 0 | J80: =IF((J77+J78+J79)=0,0,(J77*$B81)/(J77+J78+J79)) -> 0.094934659 | K80: =IF((K77+K78+K79)=0,0,(K77*$B81)/(K77+K78+K79)) -> 0.14503906 | L80: =IF((L77+L78+L79)=0,0,(L77*$B81)/(L77+L78+L79)) -> 0 | ... Y80: =IF((Y77+Y78+Y79)=0,0,(Y77*$B81)/(Y77+Y78+Y79)) -> 0
B81: 0.15822443 | C81: =E81/SUM(E80:E82) -> 0.35955056 | D81: Capriles | E81: =IF((E77+E78+E79)=0,0,(E78*$B81)/(E77+E78+E79)) -> 0.056889684 | F81: =IF((F77+F78+F79)=0,0,(F78*$B81)/(F77+F78+F79)) -> 0.063289773 | G81: =IF((G77+G78+G79)=0,0,(G78*$B81)/(G77+G78+G79)) -> 0 | H81: =IF((H77+H78+H79)=0,0,(H78*$B81)/(H77+H78+H79)) -> 0.045206981 | I81: =IF((I77+I78+I79)=0,0,(I78*$B81)/(I77+I78+I79)) -> 0 | J81: =IF((J77+J78+J79)=0,0,(J78*$B81)/(J77+J78+J79)) -> 0.057536157 | K81: =IF((K77+K78+K79)=0,0,(K78*$B81)/(K77+K78+K79)) -> 0.013185369 | L81: =IF((L77+L78+L79)=0,0,(L78*$B81)/(L77+L78+L79)) -> 0 | ... Y81: =IF((Y77+Y78+Y79)=0,0,(Y78*$B81)/(Y77+Y78+Y79)) -> 0
C82: =E82/SUM(E80:E82) -> 0.011235955 | D82: Otro | E82: =IF((E77+E78+E79)=0,0,(E79*$B81)/(E77+E78+E79)) -> 0.0017778026 | F82: =IF((F77+F78+F79)=0,0,(F79*$B81)/(F77+F78+F79)) -> 0 | G82: =IF((G77+G78+G79)=0,0,(G79*$B81)/(G77+G78+G79)) -> 0 | H82: =IF((H77+H78+H79)=0,0,(H79*$B81)/(H77+H78+H79)) -> 0 | I82: =IF((I77+I78+I79)=0,0,(I79*$B81)/(I77+I78+I79)) -> 0 | J82: =IF((J77+J78+J79)=0,0,(J79*$B81)/(J77+J78+J79)) -> 0.0057536157 | K82: =IF((K77+K78+K79)=0,0,(K79*$B81)/(K77+K78+K79)) -> 0 | L82: =IF((L77+L78+L79)=0,0,(L79*$B81)/(L77+L78+L79)) -> 0 | ... Y82: =IF((Y77+Y78+Y79)=0,0,(Y79*$B81)/(Y77+Y78+Y79)) -> 0
B83: BIRUACA | C83: =E83/SUM(E83:E85) -> 0.59656652 | D83: Chavez | E83: =SUM(F83:Y83) -> 139 | F83: =SUMIFS([0]!Chavez,[0]!Centro,$B85,[0]!Turno,F$70) -> 15 | G83: =SUMIFS([0]!Chavez,[0]!Centro,$B85,[0]!Turno,G$70) -> 29 | H83: =SUMIFS([0]!Chavez,[0]!Centro,$B85,[0]!Turno,H$70) -> 27 | I83: =SUMIFS([0]!Chavez,[0]!Centro,$B85,[0]!Turno,I$70) -> 37 | J83: =SUMIFS([0]!Chavez,[0]!Centro,$B85,[0]!Turno,J$70) -> 11 | K83: =SUMIFS([0]!Chavez,[0]!Centro,$B85,[0]!Turno,K$70) -> 9 | L83: =SUMIFS([0]!Chavez,[0]!Centro,$B85,[0]!Turno,L$70) -> 11 | M83: =SUMIFS([0]!Chavez,[0]!Centro,$B85,[0]!Turno,M$70) -> 0 | ... Y83: =SUMIFS([0]!Chavez,[0]!Centro,$B85,[0]!Turno,Y$70) -> 0
C84: =E84/SUM(E83:E85) -> 0.40343348 | D84: Capriles | E84: =SUM(F84:Y84) -> 94 | F84: =SUMIFS([0]!Capriles,[0]!Centro,$B85,[0]!Turno,F$70) -> 4 | G84: =SUMIFS([0]!Capriles,[0]!Centro,$B85,[0]!Turno,G$70) -> 16 | H84: =SUMIFS([0]!Capriles,[0]!Centro,$B85,[0]!Turno,H$70) -> 29 | I84: =SUMIFS([0]!Capriles,[0]!Centro,$B85,[0]!Turno,I$70) -> 16 | J84: =SUMIFS([0]!Capriles,[0]!Centro,$B85,[0]!Turno,J$70) -> 10 | K84: =SUMIFS([0]!Capriles,[0]!Centro,$B85,[0]!Turno,K$70) -> 10 | L84: =SUMIFS([0]!Capriles,[0]!Centro,$B85,[0]!Turno,L$70) -> 9 | M84: =SUMIFS([0]!Capriles,[0]!Centro,$B85,[0]!Turno,M$70) -> 0 | ... Y84: =SUMIFS([0]!Capriles,[0]!Centro,$B85,[0]!Turno,Y$70) -> 0
B85: 29 | C85: =E85/SUM(E83:E85) -> 0 | D85: Otro | E85: =SUM(F85:Y85) -> 0 | F85: =SUMIFS([0]!Otro,[0]!Centro,$B85,[0]!Turno,F$70) -> 0 | G85: =SUMIFS([0]!Otro,[0]!Centro,$B85,[0]!Turno,G$70) -> 0 | H85: =SUMIFS([0]!Otro,[0]!Centro,$B85,[0]!Turno,H$70) -> 0 | I85: =SUMIFS([0]!Otro,[0]!Centro,$B85,[0]!Turno,I$70) -> 0 | J85: =SUMIFS([0]!Otro,[0]!Centro,$B85,[0]!Turno,J$70) -> 0 | K85: =SUMIFS([0]!Otro,[0]!Centro,$B85,[0]!Turno,K$70) -> 0 | L85: =SUMIFS([0]!Otro,[0]!Centro,$B85,[0]!Turno,L$70) -> 0 | M85: =SUMIFS([0]!Otro,[0]!Centro,$B85,[0]!Turno,M$70) -> 0 | ... Y85: =SUMIFS([0]!Otro,[0]!Centro,$B85,[0]!Turno,Y$70) -> 0
C86: =E86/SUM(E86:E88) -> 0.59656652 | D86: Chavez | E86: =IF((E83+E84+E85)=0,0,(E83*$B87)/(E83+E84+E85)) -> 0.085577084 | F86: =IF((F83+F84+F85)=0,0,(F83*$B87)/(F83+F84+F85)) -> 0.11324949 | G86: =IF((G83+G84+G85)=0,0,(G83*$B87)/(G83+G84+G85)) -> 0.092445141 | H86: =IF((H83+H84+H85)=0,0,(H83*$B87)/(H83+H84+H85)) -> 0.069163083 | I86: =IF((I83+I84+I85)=0,0,(I83*$B87)/(I83+I84+I85)) -> 0.10014389 | J86: =IF((J83+J84+J85)=0,0,(J83*$B87)/(J83+J84+J85)) -> 0.075140139 | K86: =IF((K83+K84+K85)=0,0,(K83*$B87)/(K83+K84+K85)) -> 0.067949695 | L86: =IF((L83+L84+L85)=0,0,(L83*$B87)/(L83+L84+L85)) -> 0.078897146 | ... Y86: =IF((Y83+Y84+Y85)=0,0,(Y83*$B87)/(Y83+Y84+Y85)) -> 0
B87: 0.14344936 | C87: =E87/SUM(E86:E88) -> 0.40343348 | D87: Capriles | E87: =IF((E83+E84+E85)=0,0,(E84*$B87)/(E83+E84+E85)) -> 0.057872273 | F87: =IF((F83+F84+F85)=0,0,(F84*$B87)/(F83+F84+F85)) -> 0.030199865 | G87: =IF((G83+G84+G85)=0,0,(G84*$B87)/(G83+G84+G85)) -> 0.051004216 | H87: =IF((H83+H84+H85)=0,0,(H84*$B87)/(H83+H84+H85)) -> 0.074286274 | I87: =IF((I83+I84+I85)=0,0,(I84*$B87)/(I83+I84+I85)) -> 0.043305466 | J87: =IF((J83+J84+J85)=0,0,(J84*$B87)/(J83+J84+J85)) -> 0.068309217 | K87: =IF((K83+K84+K85)=0,0,(K84*$B87)/(K83+K84+K85)) -> 0.075499661 | L87: =IF((L83+L84+L85)=0,0,(L84*$B87)/(L83+L84+L85)) -> 0.06455221 | ... Y87: =IF((Y83+Y84+Y85)=0,0,(Y84*$B87)/(Y83+Y84+Y85)) -> 0
C88: =E88/SUM(E86:E88) -> 0 | D88: Otro | E88: =IF((E83+E84+E85)=0,0,(E85*$B87)/(E83+E84+E85)) -> 0 | F88: =IF((F83+F84+F85)=0,0,(F85*$B87)/(F83+F84+F85)) -> 0 | G88: =IF((G83+G84+G85)=0,0,(G85*$B87)/(G83+G84+G85)) -> 0 | H88: =IF((H83+H84+H85)=0,0,(H85*$B87)/(H83+H84+H85)) -> 0 | I88: =IF((I83+I84+I85)=0,0,(I85*$B87)/(I83+I84+I85)) -> 0 | J88: =IF((J83+J84+J85)=0,0,(J85*$B87)/(J83+J84+J85)) -> 0 | K88: =IF((K83+K84+K85)=0,0,(K85*$B87)/(K83+K84+K85)) -> 0 | L88: =IF((L83+L84+L85)=0,0,(L85*$B87)/(L83+L84+L85)) -> 0 | ... Y88: =IF((Y83+Y84+Y85)=0,0,(Y85*$B87)/(Y83+Y84+Y85)) -> 0
B89: PAEZ | C89: =E89/SUM(E89:E91) -> 0.5990566 | D89: Chavez | E89: =SUM(F89:Y89) -> 127 | F89: =SUMIFS([0]!Chavez,[0]!Centro,$B91,[0]!Turno,F$70) -> 13 | G89: =SUMIFS([0]!Chavez,[0]!Centro,$B91,[0]!Turno,G$70) -> 5 | H89: =SUMIFS([0]!Chavez,[0]!Centro,$B91,[0]!Turno,H$70) -> 24 | I89: =SUMIFS([0]!Chavez,[0]!Centro,$B91,[0]!Turno,I$70) -> 21 | J89: =SUMIFS([0]!Chavez,[0]!Centro,$B91,[0]!Turno,J$70) -> 18 | K89: =SUMIFS([0]!Chavez,[0]!Centro,$B91,[0]!Turno,K$70) -> 7 | L89: =SUMIFS([0]!Chavez,[0]!Centro,$B91,[0]!Turno,L$70) -> 24 | M89: =SUMIFS([0]!Chavez,[0]!Centro,$B91,[0]!Turno,M$70) -> 15 | ... Y89: =SUMIFS([0]!Chavez,[0]!Centro,$B91,[0]!Turno,Y$70) -> 0
C90: =E90/SUM(E89:E91) -> 0.38207547 | D90: Capriles | E90: =SUM(F90:Y90) -> 81 | F90: =SUMIFS([0]!Capriles,[0]!Centro,$B91,[0]!Turno,F$70) -> 13 | G90: =SUMIFS([0]!Capriles,[0]!Centro,$B91,[0]!Turno,G$70) -> 2 | H90: =SUMIFS([0]!Capriles,[0]!Centro,$B91,[0]!Turno,H$70) -> 8 | I90: =SUMIFS([0]!Capriles,[0]!Centro,$B91,[0]!Turno,I$70) -> 15 | J90: =SUMIFS([0]!Capriles,[0]!Centro,$B91,[0]!Turno,J$70) -> 19 | K90: =SUMIFS([0]!Capriles,[0]!Centro,$B91,[0]!Turno,K$70) -> 5 | L90: =SUMIFS([0]!Capriles,[0]!Centro,$B91,[0]!Turno,L$70) -> 15 | M90: =SUMIFS([0]!Capriles,[0]!Centro,$B91,[0]!Turno,M$70) -> 4 | ... Y90: =SUMIFS([0]!Capriles,[0]!Centro,$B91,[0]!Turno,Y$70) -> 0
B91: 30 | C91: =E91/SUM(E89:E91) -> 0.018867925 | D91: Otro | E91: =SUM(F91:Y91) -> 4 | F91: =SUMIFS([0]!Otro,[0]!Centro,$B91,[0]!Turno,F$70) -> 0 | G91: =SUMIFS([0]!Otro,[0]!Centro,$B91,[0]!Turno,G$70) -> 1 | H91: =SUMIFS([0]!Otro,[0]!Centro,$B91,[0]!Turno,H$70) -> 1 | I91: =SUMIFS([0]!Otro,[0]!Centro,$B91,[0]!Turno,I$70) -> 1 | J91: =SUMIFS([0]!Otro,[0]!Centro,$B91,[0]!Turno,J$70) -> 1 | K91: =SUMIFS([0]!Otro,[0]!Centro,$B91,[0]!Turno,K$70) -> 0 | L91: =SUMIFS([0]!Otro,[0]!Centro,$B91,[0]!Turno,L$70) -> 0 | M91: =SUMIFS([0]!Otro,[0]!Centro,$B91,[0]!Turno,M$70) -> 0 | ... Y91: =SUMIFS([0]!Otro,[0]!Centro,$B91,[0]!Turno,Y$70) -> 0
C92: =E92/SUM(E92:E94) -> 0.5990566 | D92: Chavez | E92: =IF((E89+E90+E91)=0,0,(E89*$B93)/(E89+E90+E91)) -> 0.15826143 | F92: =IF((F89+F90+F91)=0,0,(F89*$B93)/(F89+F90+F91)) -> 0.13209222 | G92: =IF((G89+G90+G91)=0,0,(G89*$B93)/(G89+G90+G91)) -> 0.16511527 | H92: =IF((H89+H90+H91)=0,0,(H89*$B93)/(H89+H90+H91)) -> 0.19213413 | I92: =IF((I89+I90+I91)=0,0,(I89*$B93)/(I89+I90+I91)) -> 0.14994252 | J92: =IF((J89+J90+J91)=0,0,(J89*$B93)/(J89+J90+J91)) -> 0.12513999 | K92: =IF((K89+K90+K91)=0,0,(K89*$B93)/(K89+K90+K91)) -> 0.15410759 | L92: =IF((L89+L90+L91)=0,0,(L89*$B93)/(L89+L90+L91)) -> 0.16257504 | ... Y92: =IF((Y89+Y90+Y91)=0,0,(Y89*$B93)/(Y89+Y90+Y91)) -> 0
B93: 0.26418443 | C93: =E93/SUM(E92:E94) -> 0.38207547 | D93: Capriles | E93: =IF((E89+E90+E91)=0,0,(E90*$B93)/(E89+E90+E91)) -> 0.10093839 | F93: =IF((F89+F90+F91)=0,0,(F90*$B93)/(F89+F90+F91)) -> 0.13209222 | G93: =IF((G89+G90+G91)=0,0,(G90*$B93)/(G89+G90+G91)) -> 0.066046108 | H93: =IF((H89+H90+H91)=0,0,(H90*$B93)/(H89+H90+H91)) -> 0.064044711 | I93: =IF((I89+I90+I91)=0,0,(I90*$B93)/(I89+I90+I91)) -> 0.1071018 | J93: =IF((J89+J90+J91)=0,0,(J90*$B93)/(J89+J90+J91)) -> 0.13209222 | K93: =IF((K89+K90+K91)=0,0,(K90*$B93)/(K89+K90+K91)) -> 0.11007685 | L93: =IF((L89+L90+L91)=0,0,(L90*$B93)/(L89+L90+L91)) -> 0.1016094 | ... Y93: =IF((Y89+Y90+Y91)=0,0,(Y90*$B93)/(Y89+Y90+Y91)) -> 0
C94: =E94/SUM(E92:E94) -> 0.018867925 | D94: Otro | E94: =IF((E89+E90+E91)=0,0,(E91*$B93)/(E89+E90+E91)) -> 0.0049846119 | F94: =IF((F89+F90+F91)=0,0,(F91*$B93)/(F89+F90+F91)) -> 0 | G94: =IF((G89+G90+G91)=0,0,(G91*$B93)/(G89+G90+G91)) -> 0.033023054 | H94: =IF((H89+H90+H91)=0,0,(H91*$B93)/(H89+H90+H91)) -> 0.0080055889 | I94: =IF((I89+I90+I91)=0,0,(I91*$B93)/(I89+I90+I91)) -> 0.0071401198 | J94: =IF((J89+J90+J91)=0,0,(J91*$B93)/(J89+J90+J91)) -> 0.0069522219 | K94: =IF((K89+K90+K91)=0,0,(K91*$B93)/(K89+K90+K91)) -> 0 | L94: =IF((L89+L90+L91)=0,0,(L91*$B93)/(L89+L90+L91)) -> 0 | ... Y94: =IF((Y89+Y90+Y91)=0,0,(Y91*$B93)/(Y89+Y90+Y91)) -> 0
B95: SAN FERNANDO | C95: =E95/SUM(E95:E97) -> 0.58940397 | D95: Chavez | E95: =SUM(F95:Y95) -> 178 | F95: =SUMIFS([0]!Chavez,[0]!Centro,$B97,[0]!Turno,F$70) -> 13 | G95: =SUMIFS([0]!Chavez,[0]!Centro,$B97,[0]!Turno,G$70) -> 25 | H95: =SUMIFS([0]!Chavez,[0]!Centro,$B97,[0]!Turno,H$70) -> 28 | I95: =SUMIFS([0]!Chavez,[0]!Centro,$B97,[0]!Turno,I$70) -> 18 | J95: =SUMIFS([0]!Chavez,[0]!Centro,$B97,[0]!Turno,J$70) -> 20 | K95: =SUMIFS([0]!Chavez,[0]!Centro,$B97,[0]!Turno,K$70) -> 19 | L95: =SUMIFS([0]!Chavez,[0]!Centro,$B97,[0]!Turno,L$70) -> 22 | M95: =SUMIFS([0]!Chavez,[0]!Centro,$B97,[0]!Turno,M$70) -> 18 | ... Y95: =SUMIFS([0]!Chavez,[0]!Centro,$B97,[0]!Turno,Y$70) -> 0
C96: =E96/SUM(E95:E97) -> 0.40397351 | D96: Capriles | E96: =SUM(F96:Y96) -> 122 | F96: =SUMIFS([0]!Capriles,[0]!Centro,$B97,[0]!Turno,F$70) -> 5 | G96: =SUMIFS([0]!Capriles,[0]!Centro,$B97,[0]!Turno,G$70) -> 14 | H96: =SUMIFS([0]!Capriles,[0]!Centro,$B97,[0]!Turno,H$70) -> 12 | I96: =SUMIFS([0]!Capriles,[0]!Centro,$B97,[0]!Turno,I$70) -> 15 | J96: =SUMIFS([0]!Capriles,[0]!Centro,$B97,[0]!Turno,J$70) -> 20 | K96: =SUMIFS([0]!Capriles,[0]!Centro,$B97,[0]!Turno,K$70) -> 13 | L96: =SUMIFS([0]!Capriles,[0]!Centro,$B97,[0]!Turno,L$70) -> 24 | M96: =SUMIFS([0]!Capriles,[0]!Centro,$B97,[0]!Turno,M$70) -> 14 | ... Y96: =SUMIFS([0]!Capriles,[0]!Centro,$B97,[0]!Turno,Y$70) -> 0
B97: 31 | C97: =E97/SUM(E95:E97) -> 0.0066225166 | D97: Otro | E97: =SUM(F97:Y97) -> 2 | F97: =SUMIFS([0]!Otro,[0]!Centro,$B97,[0]!Turno,F$70) -> 2 | G97: =SUMIFS([0]!Otro,[0]!Centro,$B97,[0]!Turno,G$70) -> 0 | H97: =SUMIFS([0]!Otro,[0]!Centro,$B97,[0]!Turno,H$70) -> 0 | I97: =SUMIFS([0]!Otro,[0]!Centro,$B97,[0]!Turno,I$70) -> 0 | J97: =SUMIFS([0]!Otro,[0]!Centro,$B97,[0]!Turno,J$70) -> 0 | K97: =SUMIFS([0]!Otro,[0]!Centro,$B97,[0]!Turno,K$70) -> 0 | L97: =SUMIFS([0]!Otro,[0]!Centro,$B97,[0]!Turno,L$70) -> 0 | M97: =SUMIFS([0]!Otro,[0]!Centro,$B97,[0]!Turno,M$70) -> 0 | ... Y97: =SUMIFS([0]!Otro,[0]!Centro,$B97,[0]!Turno,Y$70) -> 0
C98: =E98/SUM(E98:E100) -> 0.58940397 | D98: Chavez | E98: =IF((E95+E96+E97)=0,0,(E95*$B99)/(E95+E96+E97)) -> 0.25588489 | F98: =IF((F95+F96+F97)=0,0,(F95*$B99)/(F95+F96+F97)) -> 0.28219216 | G98: =IF((G95+G96+G97)=0,0,(G95*$B99)/(G95+G96+G97)) -> 0.27829601 | H98: =IF((H95+H96+H97)=0,0,(H95*$B99)/(H95+H96+H97)) -> 0.30389924 | I98: =IF((I95+I96+I97)=0,0,(I95*$B99)/(I95+I96+I97)) -> 0.23680461 | J98: =IF((J95+J96+J97)=0,0,(J95*$B99)/(J95+J96+J97)) -> 0.21707089 | K98: =IF((K95+K96+K97)=0,0,(K95*$B99)/(K95+K96+K97)) -> 0.25777168 | L98: =IF((L95+L96+L97)=0,0,(L95*$B99)/(L95+L96+L97)) -> 0.20763302 | ... Y98: =IF((Y95+Y96+Y97)=0,0,(Y95*$B99)/(Y95+Y96+Y97)) -> 0
B99: 0.43414178 | C99: =E99/SUM(E98:E100) -> 0.40397351 | D99: Capriles | E99: =IF((E95+E96+E97)=0,0,(E96*$B99)/(E95+E96+E97)) -> 0.17538178 | F99: =IF((F95+F96+F97)=0,0,(F96*$B99)/(F95+F96+F97)) -> 0.10853544 | G99: =IF((G95+G96+G97)=0,0,(G96*$B99)/(G95+G96+G97)) -> 0.15584577 | H99: =IF((H95+H96+H97)=0,0,(H96*$B99)/(H95+H96+H97)) -> 0.13024253 | I99: =IF((I95+I96+I97)=0,0,(I96*$B99)/(I95+I96+I97)) -> 0.19733717 | J99: =IF((J95+J96+J97)=0,0,(J96*$B99)/(J95+J96+J97)) -> 0.21707089 | K99: =IF((K95+K96+K97)=0,0,(K96*$B99)/(K95+K96+K97)) -> 0.1763701 | L99: =IF((L95+L96+L97)=0,0,(L96*$B99)/(L95+L96+L97)) -> 0.22650875 | ... Y99: =IF((Y95+Y96+Y97)=0,0,(Y96*$B99)/(Y95+Y96+Y97)) -> 0
C100: =E100/SUM(E98:E100) -> 0.0066225166 | D100: Otro | E100: =IF((E95+E96+E97)=0,0,(E97*$B99)/(E95+E96+E97)) -> 0.0028751111 | F100: =IF((F95+F96+F97)=0,0,(F97*$B99)/(F95+F96+F97)) -> 0.043414178 | G100: =IF((G95+G96+G97)=0,0,(G97*$B99)/(G95+G96+G97)) -> 0 | H100: =IF((H95+H96+H97)=0,0,(H97*$B99)/(H95+H96+H97)) -> 0 | I100: =IF((I95+I96+I97)=0,0,(I97*$B99)/(I95+I96+I97)) -> 0 | J100: =IF((J95+J96+J97)=0,0,(J97*$B99)/(J95+J96+J97)) -> 0 | K100: =IF((K95+K96+K97)=0,0,(K97*$B99)/(K95+K96+K97)) -> 0 | L100: =IF((L95+L96+L97)=0,0,(L97*$B99)/(L95+L96+L97)) -> 0 | ... Y100: =IF((Y95+Y96+Y97)=0,0,(Y97*$B99)/(Y95+Y96+Y97)) -> 0
B101: CM | C101: Resultado | D101: Candidato | E101: Votos | F101: 1 | G101: 2 | H101: 3 | I101: 4 | J101: 5 | K101: 6 | L101: 7 | M101: 8 | N101: 9 | O101: 10 | P101: 11 | Q101: 12 | R101: 13 | S101: 14 | T101: 15 | U101: 16 | V101: 17 | W101: 18 | X101: 19 | Y101: 20
...

Sheet VZA
E1: Total | F1: 1 | G1: 2 | H1: 3 | I1: 4 | J1: 5 | K1: 6 | L1: 7 | M1: 8 | N1: 9 | O1: 10 | P1: 11 | Q1: 12 | R1: 13 | S1: 14 | T1: 15 | U1: 16 | V1: 17 | W1: 18 | X1: 19 | Y1: 20 | AU1: Total | AV1: 1 | AW1: 2 | AX1: 3 | AY1: 4 | AZ1: 5 | BA1: 6 | BB1: 7 | BC1: 8 | BD1: 9 | BE1: 10 | BF1: 11 | BG1: 12 | BH1: 13 | BI1: 14 | BJ1: 15 | BK1: 16 | BL1: 17 | BM1: 18 | BN1: 19 | BO1: 20 | BS1: VENEZUELA | CD1: AMAZONAS | CO1: ANZOATEGUI | CZ1: APURE | DK1: ARAGUA | DV1: BARINAS | EG1: BOLIVAR | ER1: CARABOBO | FC1: COJEDES | FN1: DELTA AMACURO | FY1: DISTRITO CAPITAL | GJ1: FALCON | GU1: GUARICO | HF1: LARA | HQ1: MERIDA | IB1: MIRANDA | IM1: MONAGAS | IX1: NUEVA ESPARTA | JI1: PORTUGUESA | JT1: SUCRE | KE1: TACHIRA | KP1: TRUJILLO | LA1: VARGAS | LL1: YARACUY | LW1: ZULIA
B2: =E2/SUM($E$2:$E$4) -> 0.54043196 | C2: Chavez | D2: VENEZUELA | E2: =SUM(F2:Y2) -> 102.21475 | F2: =SUM(F5,F8,F11,F14,F17,F20,F23,F26,F29,F32,F35,F38,F41,F44,F47,F50,F53,F56,F59,F62,F65,F68,F71,F74) -> 10.229621 | G2: =SUM(G5,G8,G11,G14,G17,G20,G23,G26,G29,G32,G35,G38,G41,G44,G47,G50,G53,G56,G59,G62,G65,G68,G71,G74) -> 11.129465 | H2: =SUM(H5,H8,H11,H14,H17,H20,H23,H26,H29,H32,H35,H38,H41,H44,H47,H50,H53,H56,H59,H62,H65,H68,H71,H74) -> 11.209488 | I2: =SUM(I5,I8,I11,I14,I17,I20,I23,I26,I29,I32,I35,I38,I41,I44,I47,I50,I53,I56,I59,I62,I65,I68,I71,I74) -> 10.356013 | J2: =SUM(J5,J8,J11,J14,J17,J20,J23,J26,J29,J32,J35,J38,J41,J44,J47,J50,J53,J56,J59,J62,J65,J68,J71,J74) -> 11.278757 | K2: =SUM(K5,K8,K11,K14,K17,K20,K23,K26,K29,K32,K35,K38,K41,K44,K47,K50,K53,K56,K59,K62,K65,K68,K71,K74) -> 11.06056 | L2: =SUM(L5,L8,L11,L14,L17,L20,L23,L26,L29,L32,L35,L38,L41,L44,L47,L50,L53,L56,L59,L62,L65,L68,L71,L74) -> 9.9384661 | M2: =SUM(M5,M8,M11,M14,M17,M20,M23,M26,M29,M32,M35,M38,M41,M44,M47,M50,M53,M56,M59,M62,M65,M68,M71,M74) -> 10.676346 | ... Y2: =SUM(Y5,Y8,Y11,Y14,Y17,Y20,Y23,Y26,Y29,Y32,Y35,Y38,Y41,Y44,Y47,Y50,Y53,Y56,Y59,Y62,Y65,Y68,Y71,Y74) -> 0 | AR2: =AU2/SUM($AU2:$AU4) -> 0.50937308 | AS2: Chavez | AU2: =SUM(AU5,AU8,AU11,AU14,AU17,AU20,AU23,AU26,AU29,AU32,AU35,AU38,AU41,AU44,AU47,AU50,AU53,AU56,AU59,AU62,AU65,AU68,AU71,AU74) -> 50.937308 | AV2: =SUM(AV5,AV8,AV11,AV14,AV17,AV20,AV23,AV26,AV29,AV32,AV35,AV38,AV41,AV44,AV47,AV50,AV53,AV56,AV59,AV62,AV65,AV68,AV71,AV74) -> 51.877275 | AW2: =SUM(AW5,AW8,AW11,AW14,AW17,AW20,AW23,AW26,AW29,AW32,AW35,AW38,AW41,AW44,AW47,AW50,AW53,AW56,AW59,AW62,AW65,AW68,AW71,AW74) -> 54.878429 | AX2: =SUM(AX5,AX8,AX11,AX14,AX17,AX20,AX23,AX26,AX29,AX32,AX35,AX38,AX41,AX44,AX47,AX50,AX53,AX56,AX59,AX62,AX65,AX68,AX71,AX74) -> 52.683802 | AY2: =SUM(AY5,AY8,AY11,AY14,AY17,AY20,AY23,AY26,AY29,AY32,AY35,AY38,AY41,AY44,AY47,AY50,AY53,AY56,AY59,AY62,AY65,AY68,AY71,AY74) -> 46.810238 | AZ2: =SUM(AZ5,AZ8,AZ11,AZ14,AZ17,AZ20,AZ23,AZ26,AZ29,AZ32,AZ35,AZ38,AZ41,AZ44,AZ47,AZ50,AZ53,AZ56,AZ59,AZ62,AZ65,AZ68,AZ71,AZ74) -> 51.277845 | BA2: =SUM(BA5,BA8,BA11,BA14,BA17,BA20,BA23,BA26,BA29,BA32,BA35,BA38,BA41,BA44,BA47,BA50,BA53,BA56,BA59,BA62,BA65,BA68,BA71,BA74) -> 48.511776 | BB2: =SUM(BB5,BB8,BB11,BB14,BB17,BB20,BB23,BB26,BB29,BB32,BB35,BB38,BB41,BB44,BB47,BB50,BB53,BB56,BB59,BB62,BB65,BB68,BB71,BB74) -> 48.83089 | ... BO2: =SUM(BO5,BO8,BO11,BO14,BO17,BO20,BO23,BO26,BO29,BO32,BO35,BO38,BO41,BO44,BO47,BO50,BO53,BO56,BO59,BO62,BO65,BO68,BO71,BO74) -> 0 | BS2: Hugo Chávez | BV2: Henrique Capriles | BY2: Otros Candidatos | CD2: Hugo Chávez | CG2: Henrique Capriles | CJ2: Otros Candidatos | CO2: Hugo Chávez | CR2: Henrique Capriles | CU2: Otros Candidatos | CZ2: Hugo Chávez | DC2: Henrique Capriles | DF2: Otros Candidatos | DK2: Hugo Chávez | DN2: Henrique Capriles | DQ2: Otros Candidatos | DV2: Hugo Chávez | DY2: Henrique Capriles | EB2: Otros Candidatos | EG2: Hugo Chávez | EJ2: Henrique Capriles | EM2: Otros Candidatos | ER2: Hugo Chávez | EU2: Henrique Capriles | EX2: Otros Candidatos | FC2: Hugo Chávez | FF2: Henrique Capriles | FI2: Otros Candidatos | FN2: Hugo Chávez | FQ2: Henrique Capriles | FT2: Otros Candidatos | FY2: Hugo Chávez | GB2: Henrique Capriles | GE2: Otros Candidatos | GJ2: Hugo Chávez | GM2: Henrique Capriles | GP2: Otros Candidatos | GU2: Hugo Chávez | GX2: Henrique Capriles | HA2: Otros Candidatos | HF2: Hugo Chávez | HI2: Henrique Capriles | HL2: Otros Candidatos | HQ2: Hugo Chávez | HT2: Henrique Capriles | HW2: Otros Candidatos | IB2: Hugo Chávez | IE2: Henrique Capriles | IH2: Otros Candidatos | IM2: Hugo Chávez | IP2: Henrique Capriles | IS2: Otros Candidatos | IX2: Hugo Chávez | JA2: Henrique Capriles | JD2: Otros Candidatos | JI2: Hugo Chávez | JL2: Henrique Capriles | JO2: Otros Candidatos | JT2: Hugo Chávez | JW2: Henrique Capriles | JZ2: Otros Candidatos | KE2: Hugo Chávez | KH2: Henrique Capriles | KK2: Otros Candidatos | KP2: Hugo Chávez | KS2: Henrique Capriles | KV2: Otros Candidatos | LA2: Hugo Chávez | LD2: Henrique Capriles | LG2: Otros Candidatos | LL2: Hugo Chávez | LO2: Henrique Capriles | LR2: Otros Candidatos | LW2: Hugo Chávez | LZ2: Henrique Capriles | MC2: Otros Candidatos
B3: =E3/SUM($E$2:$E$4) -> 0.4466627 | C3: Capriles | E3: =SUM(F3:Y3) -> 84.479672 | F3: =SUM(F6,F9,F12,F15,F18,F21,F24,F27,F30,F33,F36,F39,F42,F45,F48,F51,F54,F57,F60,F63,F66,F69,F72,F75) -> 8.6870386 | G3: =SUM(G6,G9,G12,G15,G18,G21,G24,G27,G30,G33,G36,G39,G42,G45,G48,G51,G54,G57,G60,G63,G66,G69,G72,G75) -> 8.2955015 | H3: =SUM(H6,H9,H12,H15,H18,H21,H24,H27,H30,H33,H36,H39,H42,H45,H48,H51,H54,H57,H60,H63,H66,H69,H72,H75) -> 8.4424502 | I3: =SUM(I6,I9,I12,I15,I18,I21,I24,I27,I30,I33,I36,I39,I42,I45,I48,I51,I54,I57,I60,I63,I66,I69,I72,I75) -> 9.9910437 | J3: =SUM(J6,J9,J12,J15,J18,J21,J24,J27,J30,J33,J36,J39,J42,J45,J48,J51,J54,J57,J60,J63,J66,J69,J72,J75) -> 9.5419483 | K3: =SUM(K6,K9,K12,K15,K18,K21,K24,K27,K30,K33,K36,K39,K42,K45,K48,K51,K54,K57,K60,K63,K66,K69,K72,K75) -> 8.7920606 | L3: =SUM(L6,L9,L12,L15,L18,L21,L24,L27,L30,L33,L36,L39,L42,L45,L48,L51,L54,L57,L60,L63,L66,L69,L72,L75) -> 9.8916577 | M3: =SUM(M6,M9,M12,M15,M18,M21,M24,M27,M30,M33,M36,M39,M42,M45,M48,M51,M54,M57,M60,M63,M66,M69,M72,M75) -> 9.2207942 | ... Y3: =SUM(Y6,Y9,Y12,Y15,Y18,Y21,Y24,Y27,Y30,Y33,Y36,Y39,Y42,Y45,Y48,Y51,Y54,Y57,Y60,Y63,Y66,Y69,Y72,Y75) -> 0 | AR3: =AU3/SUM($AU2:$AU4) -> 0.47508224 | AS3: Capriles | AT3: VENEZUELA | AU3: =SUM(AU6,AU9,AU12,AU15,AU18,AU21,AU24,AU27,AU30,AU33,AU36,AU39,AU42,AU45,AU48,AU51,AU54,AU57,AU60,AU63,AU66,AU69,AU72,AU75) -> 47.508224 | AV3: =SUM(AV6,AV9,AV12,AV15,AV18,AV21,AV24,AV27,AV30,AV33,AV36,AV39,AV42,AV45,AV48,AV51,AV54,AV57,AV60,AV63,AV66,AV69,AV72,AV75) -> 46.133798 | AW3: =SUM(AW6,AW9,AW12,AW15,AW18,AW21,AW24,AW27,AW30,AW33,AW36,AW39,AW42,AW45,AW48,AW51,AW54,AW57,AW60,AW63,AW66,AW69,AW72,AW75) -> 43.216322 | AX3: =SUM(AX6,AX9,AX12,AX15,AX18,AX21,AX24,AX27,AX30,AX33,AX36,AX39,AX42,AX45,AX48,AX51,AX54,AX57,AX60,AX63,AX66,AX69,AX72,AX75) -> 44.990202 | AY3: =SUM(AY6,AY9,AY12,AY15,AY18,AY21,AY24,AY27,AY30,AY33,AY36,AY39,AY42,AY45,AY48,AY51,AY54,AY57,AY60,AY63,AY66,AY69,AY72,AY75) -> 49.166763 | AZ3: =SUM(AZ6,AZ9,AZ12,AZ15,AZ18,AZ21,AZ24,AZ27,AZ30,AZ33,AZ36,AZ39,AZ42,AZ45,AZ48,AZ51,AZ54,AZ57,AZ60,AZ63,AZ66,AZ69,AZ72,AZ75) -> 46.940579 | BA3: =SUM(BA6,BA9,BA12,BA15,BA18,BA21,BA24,BA27,BA30,BA33,BA36,BA39,BA42,BA45,BA48,BA51,BA54,BA57,BA60,BA63,BA66,BA69,BA72,BA75) -> 50.04803 | BB3: =SUM(BB6,BB9,BB12,BB15,BB18,BB21,BB24,BB27,BB30,BB33,BB36,BB39,BB42,BB45,BB48,BB51,BB54,BB57,BB60,BB63,BB66,BB69,BB72,BB75) -> 48.58094 | ... BO3: =SUM(BO6,BO9,BO12,BO15,BO18,BO21,BO24,BO27,BO30,BO33,BO36,BO39,BO42,BO45,BO48,BO51,BO54,BO57,BO60,BO63,BO66,BO69,BO72,BO75) -> 0
B4: =E4/SUM($E$2:$E$4) -> 0.012905334 | C4: Otro | E4: =SUM(F4:Y4) -> 2.4408539 | F4: =SUM(F7,F10,F13,F16,F19,F22,F25,F28,F31,F34,F37,F40,F43,F46,F49,F52,F55,F58,F61,F64,F67,F70,F73,F76) -> 0.27483682 | G4: =SUM(G7,G10,G13,G16,G19,G22,G25,G28,G31,G34,G37,G40,G43,G46,G49,G52,G55,G58,G61,G64,G67,G70,G73,G76) -> 0.24563549 | H4: =SUM(H7,H10,H13,H16,H19,H22,H25,H28,H31,H34,H37,H40,H43,H46,H49,H52,H55,H58,H61,H64,H67,H70,H73,H76) -> 0.18834323 | I4: =SUM(I7,I10,I13,I16,I19,I22,I25,I28,I31,I34,I37,I40,I43,I46,I49,I52,I55,I58,I61,I64,I67,I70,I73,I76) -> 0.28704234 | J4: =SUM(J7,J10,J13,J16,J19,J22,J25,J28,J31,J34,J37,J40,J43,J46,J49,J52,J55,J58,J61,J64,J67,J70,J73,J76) -> 0.31539415 | K4: =SUM(K7,K10,K13,K16,K19,K22,K25,K28,K31,K34,K37,K40,K43,K46,K49,K52,K55,K58,K61,K64,K67,K70,K73,K76) -> 0.18727819 | L4: =SUM(L7,L10,L13,L16,L19,L22,L25,L28,L31,L34,L37,L40,L43,L46,L49,L52,L55,L58,L61,L64,L67,L70,L73,L76) -> 0.15047218 | M4: =SUM(M7,M10,M13,M16,M19,M22,M25,M28,M31,M34,M37,M40,M43,M46,M49,M52,M55,M58,M61,M64,M67,M70,M73,M76) -> 0.3540959 | ... Y4: =SUM(Y7,Y10,Y13,Y16,Y19,Y22,Y25,Y28,Y31,Y34,Y37,Y40,Y43,Y46,Y49,Y52,Y55,Y58,Y61,Y64,Y67,Y70,Y73,Y76) -> 0 | AR4: =AU4/SUM($AU2:$AU4) -> 0.015544682 | AS4: Otro | AU4: =SUM(AU7,AU10,AU13,AU16,AU19,AU22,AU25,AU28,AU31,AU34,AU37,AU40,AU43,AU46,AU49,AU52,AU55,AU58,AU61,AU64,AU67,AU70,AU73,AU76) -> 1.5544682 | AV4: =SUM(AV7,AV10,AV13,AV16,AV19,AV22,AV25,AV28,AV31,AV34,AV37,AV40,AV43,AV46,AV49,AV52,AV55,AV58,AV61,AV64,AV67,AV70,AV73,AV76) -> 1.3866408 | AW4: =SUM(AW7,AW10,AW13,AW16,AW19,AW22,AW25,AW28,AW31,AW34,AW37,AW40,AW43,AW46,AW49,AW52,AW55,AW58,AW61,AW64,AW67,AW70,AW73,AW76) -> 1.3029626 | AX4: =SUM(AX7,AX10,AX13,AX16,AX19,AX22,AX25,AX28,AX31,AX34,AX37,AX40,AX43,AX46,AX49,AX52,AX55,AX58,AX61,AX64,AX67,AX70,AX73,AX76) -> 1.2116019 | AY4: =SUM(AY7,AY10,AY13,AY16,AY19,AY22,AY25,AY28,AY31,AY34,AY37,AY40,AY43,AY46,AY49,AY52,AY55,AY58,AY61,AY64,AY67,AY70,AY73,AY76) -> 1.3557404 | AZ4: =SUM(AZ7,AZ10,AZ13,AZ16,AZ19,AZ22,AZ25,AZ28,AZ31,AZ34,AZ37,AZ40,AZ43,AZ46,AZ49,AZ52,AZ55,AZ58,AZ61,AZ64,AZ67,AZ70,AZ73,AZ76) -> 1.7815761 | BA4: =SUM(BA7,BA10,BA13,BA16,BA19,BA22,BA25,BA28,BA31,BA34,BA37,BA40,BA43,BA46,BA49,BA52,BA55,BA58,BA61,BA64,BA67,BA70,BA73,BA76) -> 1.4401939 | BB4: =SUM(BB7,BB10,BB13,BB16,BB19,BB22,BB25,BB28,BB31,BB34,BB37,BB40,BB43,BB46,BB49,BB52,BB55,BB58,BB61,BB64,BB67,BB70,BB73,BB76) -> 1.1739562 | ... BO4: =SUM(BO7,BO10,BO13,BO16,BO19,BO22,BO25,BO28,BO31,BO34,BO37,BO40,BO43,BO46,BO49,BO52,BO55,BO58,BO61,BO64,BO67,BO70,BO73,BO76) -> 0 | BP4: 1 | BQ4: 7:30 | BR4: 8:00 | BS4: =AV2 -> 51.877275 | BT4: =BS4 -> 51.877275 | BU4: =IF((BS4+BV4+BY4)<>0,BT4/(BT4+BW4+BZ4),NA()) -> 0.52191618 | BV4: =AV3 -> 46.133798 | BW4: =BV4 -> 46.133798 | BX4: =IF((BS4+BV4+BY4)<>0,BW4/(BT4+BW4+BZ4),NA()) -> 0.46413339 | BY4: =AV4 -> 1.3866408 | BZ4: =BY4 -> 1.3866408 | CA4: =IF((BS4+BV4+BY4)<>0,BZ4/(BT4+BW4+BZ4),NA()) -> 0.01395043 | CC4: 7:00 | CD4: =$F$5 -> 0.38709677 | CE4: =CD4 -> 0.38709677 | CF4: =IF((CD4+CG4+CJ4)<>0,CE4/(CE4+CH4+CK4),NA()) -> 0.38709677 | CG4: =$F$6 -> 0.61290323 | CH4: =CG4 -> 0.61290323 | CI4: =IF((CD4+CG4+CJ4)<>0,CH4/(CE4+CH4+CK4),NA()) -> 0.61290323 | CJ4: =$F$7 -> 0 | CK4: =CJ4 -> 0 | CL4: =IF((CD4+CG4+CJ4)<>0,CK4/(CE4+CH4+CK4),NA()) -> 0 | CN4: 7:00 | CO4: =$F$8 -> 0.61948413 | CP4: =CO4 -> 0.61948413 | CQ4: =IF((CO4+CR4+CU4)<>0,CP4/(CP4+CS4+CV4),NA()) -> 0.61948413 | CR4: =$F$9 -> 0.37110951 | CS4: =CR4 -> 0.37110951 | CT4: =IF((CO4+CR4+CU4)<>0,CS4/(CP4+CS4+CV4),NA()) -> 0.37110951 | CU4: =$F$10 -> 0.009406357 | CV4: =CU4 -> 0.009406357 | CW4: =IF((CO4+CR4+CU4)<>0,CV4/(CP4+CS4+CV4),NA()) -> 0.009406357 | CY4: 7:00 | CZ4: =$F$11 -> 0.62246852 | DA4: =CZ4 -> 0.62246852 | DB4: =IF((CZ4+DC4+DF4)<>0,DA4/(DA4+DD4+DG4),NA()) -> 0.62246852 | DC4: =$F$12 -> 0.3341173 | DD4: =DC4 -> 0.3341173 | DE4: =IF((CZ4+DC4+DF4)<>0,DD4/(DA4+DD4+DG4),NA()) -> 0.3341173 | DF4: =$F$13 -> 0.043414178 | DG4: =DF4 -> 0.043414178 | DH4: =IF((CZ4+DC4+DF4)<>0,DG4/(DA4+DD4+DG4),NA()) -> 0.043414178 | DJ4: 7:00 | DK4: =$F$14 -> 0.44222325 | DL4: =DK4 -> 0.44222325 | DM4: =IF((DK4+DN4+DQ4)<>0,DL4/(DL4+DO4+DR4),NA()) -> 0.51552035 | DN4: =$F$15 -> 0.41060128 | DO4: =DN4 -> 0.41060128 | DP4: =IF((DK4+DN4+DQ4)<>0,DO4/(DL4+DO4+DR4),NA()) -> 0.47865714 | DQ4: =$F$16 -> 0.0049946657 | DR4: =DQ4 -> 0.0049946657 | DS4: =IF((DK4+DN4+DQ4)<>0,DR4/(DL4+DO4+DR4),NA()) -> 0.0058225156 | DU4: 7:00 | DV4: =$F$17 -> 0.37987841 | DW4: =DV4 -> 0.37987841 | DX4: =IF((DV4+DY4+EB4)<>0,DW4/(DW4+DZ4+EC4),NA()) -> 0.41914825 | DY4: =$F$18 -> 0.52181773 | DZ4: =DY4 -> 0.52181773 | EA4: =IF((DV4+DY4+EB4)<>0,DZ4/(DW4+DZ4+EC4),NA()) -> 0.57576051 | EB4: =$F$19 -> 0.0046142366 | EC4: =EB4 -> 0.0046142366 | ED4: =IF((DV4+DY4+EB4)<>0,EC4/(DW4+DZ4+EC4),NA()) -> 0.0050912322 | EF4: 7:00 | EG4: =$F$20 -> 0.65011673 | EH4: =EG4 -> 0.65011673 | EI4: =IF((EG4+EJ4+EM4)<>0,EH4/(EH4+EK4+EN4),NA()) -> 0.65011673 | EJ4: =$F$21 -> 0.34988327 | EK4: =EJ4 -> 0.34988327 | EL4: =IF((EG4+EJ4+EM4)<>0,EK4/(EH4+EK4+EN4),NA()) -> 0.34988327 | EM4: =$F$22 -> 0 | EN4: =EM4 -> 0 | EO4: =IF((EG4+EJ4+EM4)<>0,EN4/(EH4+EK4+EN4),NA()) -> 0 | EQ4: 7:00 | ER4: =$F$23 -> 0.18344 | ES4: =ER4 -> 0.18344 | ET4: =IF((ER4+EU4+EX4)<>0,ES4/(ES4+EV4+EY4),NA()) -> 0.65433184 | EU4: =$F$24 -> 0.092403544 | EV4: =EU4 -> 0.092403544 | EW4: =IF((ER4+EU4+EX4)<>0,EV4/(ES4+EV4+EY4),NA()) -> 0.32960412 | EX4: =$F$25 -> 0.0045035052 | EY4: =EX4 -> 0.0045035052 | EZ4: =IF((ER4+EU4+EX4)<>0,EY4/(ES4+EV4+EY4),NA()) -> 0.016064036 | FB4: 7:00 | FC4: =$F$26 -> 0.11113275 | FD4: =FC4 -> 0.11113275 | FE4: =IF((FC4+FF4+FI4)<>0,FD4/(FD4+FG4+FJ4),NA()) -> 0.21052632 | FF4: =$F$27 -> 0.41674782 | FG4: =FF4 -> 0.41674782 | FH4: =IF((FC4+FF4+FI4)<>0,FG4/(FD4+FG4+FJ4),NA()) -> 0.78947368 | FI4: =$F$28 -> 0 | FJ4: =FI4 -> 0 | FK4: =IF((FC4+FF4+FI4)<>0,FJ4/(FD4+FG4+FJ4),NA()) -> 0 | FM4: 7:00 | FN4: =$F$29 -> 0 | FO4: =FN4 -> 0 | FP4: =IF((FN4+FQ4+FT4)<>0,FO4/(FO4+FR4+FU4),NA()) -> #N/A | FQ4: =$F$30 -> 0 | FR4: =FQ4 -> 0 | FS4: =IF((FN4+FQ4+FT4)<>0,FR4/(FO4+FR4+FU4),NA()) -> #N/A | FT4: =$F$31 -> 0 | FU4: =FT4 -> 0 | FV4: =IF((FN4+FQ4+FT4)<>0,FU4/(FO4+FR4+FU4),NA()) -> #N/A | FX4: 7:00 | FY4: =$F$32 -> 0.27799603 | FZ4: =FY4 -> 0.27799603 | GA4: =IF((FY4+GB4+GE4)<>0,FZ4/(FZ4+GC4+GF4),NA()) -> 0.4035117 | GB4: =$F$33 -> 0.38705623 | GC4: =GB4 -> 0.38705623 | GD4: =IF((FY4+GB4+GE4)<>0,GC4/(FZ4+GC4+GF4),NA()) -> 0.56181277 | GE4: =$F$34 -> 0.02388942 | GF4: =GE4 -> 0.02388942 | GG4: =IF((FY4+GB4+GE4)<>0,GF4/(FZ4+GC4+GF4),NA()) -> 0.034675534 | GI4: 7:00 | GJ4: =$F$35 -> 0.88318574 | GK4: =GJ4 -> 0.88318574 | GL4: =IF((GJ4+GM4+GP4)<>0,GK4/(GK4+GN4+GQ4),NA()) -> 0.88318574 | GM4: =$F$36 -> 0.11681426 | GN4: =GM4 -> 0.11681426 | GO4: =IF((GJ4+GM4+GP4)<>0,GN4/(GK4+GN4+GQ4),NA()) -> 0.11681426 | GP4: =$F$37 -> 0 | GQ4: =GP4 -> 0 | GR4: =IF((GJ4+GM4+GP4)<>0,GQ4/(GK4+GN4+GQ4),NA()) -> 0 | GT4: 7:00 | GU4: =$F$38 -> 0.46112175 | GV4: =GU4 -> 0.46112175 | GW4: =IF((GU4+GX4+HA4)<>0,GV4/(GV4+GY4+HB4),NA()) -> 0.61195183 | GX4: =$F$39 -> 0.27971647 | GY4: =GX4 -> 0.27971647 | GZ4: =IF((GU4+GX4+HA4)<>0,GY4/(GV4+GY4+HB4),NA()) -> 0.37121001 | HA4: =$F$40 -> 0.012687996 | HB4: =HA4 -> 0.012687996 | HC4: =IF((GU4+GX4+HA4)<>0,HB4/(GV4+GY4+HB4),NA()) -> 0.016838161 | HE4: 7:00 | HF4: =$F$41 -> 0.47995167 | HG4: =HF4 -> 0.47995167 | HH4: =IF((HF4+HI4+HL4)<>0,HG4/(HG4+HJ4+HM4),NA()) -> 0.47995167 | HI4: =$F$42 -> 0.51943647 | HJ4: =HI4 -> 0.51943647 | HK4: =IF((HF4+HI4+HL4)<>0,HJ4/(HG4+HJ4+HM4),NA()) -> 0.51943647 | HL4: =$F$43 -> 0.0006118585 | HM4: =HL4 -> 0.0006118585 | HN4: =IF((HF4+HI4+HL4)<>0,HM4/(HG4+HJ4+HM4),NA()) -> 0.0006118585 | HP4: 7:00 | HQ4: =$F$44 -> 0.61440785 | HR4: =HQ4 -> 0.61440785 | HS4: =IF((HQ4+HT4+HW4)<>0,HR4/(HR4+HU4+HX4),NA()) -> 0.61440785 | HT4: =$F$45 -> 0.37147287 | HU4: =HT4 -> 0.37147287 | HV4: =IF((HQ4+HT4+HW4)<>0,HU4/(HR4+HU4+HX4),NA()) -> 0.37147287 | HW4: =$F$46 -> 0.014119278 | HX4: =HW4 -> 0.014119278 | HY4: =IF((HQ4+HT4+HW4)<>0,HX4/(HR4+HU4+HX4),NA()) -> 0.014119278 | IA4: 7:00 | IB4: =$F$47 -> 0.31387899 | IC4: =IB4 -> 0.31387899 | ID4: =IF((IB4+IE4+IH4)<>0,IC4/(IC4+IF4+II4),NA()) -> 0.37598951 | IE4: =$F$48 -> 0.49505513 | IF4: =IE4 -> 0.49505513 | IG4: =IF((IB4+IE4+IH4)<>0,IF4/(IC4+IF4+II4),NA()) -> 0.59301686 | IH4: =$F$49 -> 0.025873724 | II4: =IH4 -> 0.025873724 | IJ4: =IF((IB4+IE4+IH4)<>0,II4/(IC4+IF4+II4),NA()) -> 0.030993628 | IL4: 7:00 | IM4: =$F$50 -> 0.4115442 | IN4: =IM4 -> 0.4115442 | IO4: =IF((IM4+IP4+IS4)<>0,IN4/(IN4+IQ4+IT4),NA()) -> 0.4115442 | IP4: =$F$51 -> 0.58334281 | IQ4: =IP4 -> 0.58334281 | IR4: =IF((IM4+IP4+IS4)<>0,IQ4/(IN4+IQ4+IT4),NA()) -> 0.58334281 | IS4: =$F$52 -> 0.0051129924 | IT4: =IS4 -> 0.0051129924 | IU4: =IF((IM4+IP4+IS4)<>0,IT4/(IN4+IQ4+IT4),NA()) -> 0.0051129924 | IW4: 7:00 | IX4: =$F$53 -> 0.3717816 | IY4: =IX4 -> 0.3717816 | IZ4: =IF((IX4+JA4+JD4)<>0,IY4/(IY4+JB4+JE4),NA()) -> 0.47250724 | JA4: =$F$54 -> 0.33451758 | JB4: =JA4 -> 0.33451758 | JC4: =IF((IX4+JA4+JD4)<>0,JB4/(IY4+JB4+JE4),NA()) -> 0.42514739 | JD4: =$F$55 -> 0.080528137 | JE4: =JD4 -> 0.080528137 | JF4: =IF((IX4+JA4+JD4)<>0,JE4/(IY4+JB4+JE4),NA()) -> 0.10234538 | JH4: 7:00 | JI4: =$F$56 -> 0.30008952 | JJ4: =JI4 -> 0.30008952 | JK4: =IF((JI4+JL4+JO4)<>0,JJ4/(JJ4+JM4+JP4),NA()) -> 0.57579439 | JL4: =$F$57 -> 0.21774336 | JM4: =JL4 -> 0.21774336 | JN4: =IF((JI4+JL4+JO4)<>0,JM4/(JJ4+JM4+JP4),NA()) -> 0.41779335 | JO4: =$F$58 -> 0.0033419073 | JP4: =JO4 -> 0.0033419073 | JQ4: =IF((JI4+JL4+JO4)<>0,JP4/(JJ4+JM4+JP4),NA()) -> 0.0064122583 | JS4: 7:00 | JT4: =$F$59 -> 0.42283927 | JU4: =JT4 -> 0.42283927 | JV4: =IF((JT4+JW4+JZ4)<>0,JU4/(JU4+JX4+KA4),NA()) -> 0.50428591 | JW4: =$F$60 -> 0.40702442 | JX4: =JW4 -> 0.40702442 | JY4: =IF((JT4+JW4+JZ4)<>0,JX4/(JU4+JX4+KA4),NA()) -> 0.48542482 | JZ4: =$F$61 -> 0.0086274643 | KA4: =JZ4 -> 0.0086274643 | KB4: =IF((JT4+JW4+JZ4)<>0,KA4/(JU4+JX4+KA4),NA()) -> 0.010289273 | KD4: 7:00 | KE4: =$F$62 -> 0.34921836 | KF4: =KE4 -> 0.34921836 | KG4: =IF((KE4+KH4+KK4)<>0,KF4/(KF4+KI4+KL4),NA()) -> 0.37588199 | KH4: =$F$63 -> 0.56833643 | KI4: =KH4 -> 0.56833643 | KJ4: =IF((KE4+KH4+KK4)<>0,KI4/(KF4+KI4+KL4),NA()) -> 0.61173023 | KK4: =$F$64 -> 0.011509037 | KL4: =KK4 -> 0.011509037 | KM4: =IF((KE4+KH4+KK4)<>0,KL4/(KF4+KI4+KL4),NA()) -> 0.012387778 | KO4: 7:00 | KP4: =$F$65 -> 0.61733055 | KQ4: =KP4 -> 0.61733055 | KR4: =IF((KP4+KS4+KV4)<>0,KQ4/(KQ4+KT4+KW4),NA()) -> 0.70885838 | KS4: =$F$66 -> 0.24273341 | KT4: =KS4 -> 0.24273341 | KU4: =IF((KP4+KS4+KV4)<>0,KT4/(KQ4+KT4+KW4),NA()) -> 0.27872201 | KV4: =$F$67 -> 0.010815991 | KW4: =KV4 -> 0.010815991 | KX4: =IF((KP4+KS4+KV4)<>0,KW4/(KQ4+KT4+KW4),NA()) -> 0.012419612 | KZ4: 7:00 | LA4: =$F$68 -> 0.34806021 | LB4: =LA4 -> 0.34806021 | LC4: =IF((LA4+LD4+LG4)<>0,LB4/(LB4+LE4+LH4),NA()) -> 0.68965517 | LD4: =$F$69 -> 0.15662709 | LE4: =LD4 -> 0.15662709 | LF4: =IF((LA4+LD4+LG4)<>0,LE4/(LB4+LE4+LH4),NA()) -> 0.31034483 | LG4: =$F$70 -> 0 | LH4: =LG4 -> 0 | LI4: =IF((LA4+LD4+LG4)<>0,LH4/(LB4+LE4+LH4),NA()) -> 0 | LK4: 7:00 | LL4: =$F$71 -> 0.54784385 | LM4: =LL4 -> 0.54784385 | LN4: =IF((LL4+LO4+LR4)<>0,LM4/(LM4+LP4+LS4),NA()) -> 0.54784385 | LO4: =$F$72 -> 0.44272206 | LP4: =LO4 -> 0.44272206 | LQ4: =IF((LL4+LO4+LR4)<>0,LP4/(LM4+LP4+LS4),NA()) -> 0.44272206 | LR4: =$F$73 -> 0.0094340948 | LS4: =LR4 -> 0.0094340948 | LT4: =IF((LL4+LO4+LR4)<>0,LS4/(LM4+LP4+LS4),NA()) -> 0.0094340948 | LV4: 7:00 | LW4: =$F$74 -> 0.43453075 | LX4: =LW4 -> 0.43453075 | LY4: =IF((LW4+LZ4+MC4)<>0,LX4/(LX4+MA4+MD4),NA()) -> 0.48783172 | LZ4: =$F$75 -> 0.4548563 | MA4: =LZ4 -> 0.4548563 | MB4: =IF((LW4+LZ4+MC4)<>0,MA4/(LX4+MA4+MD4),NA()) -> 0.51065047 | MC4: =$F$76 -> 0.001351976 | MD4: =MC4 -> 0.001351976 | ME4: =IF((LW4+LZ4+MC4)<>0,MD4/(LX4+MA4+MD4),NA()) -> 0.0015178138
B5: =E5/SUM($E$5:$E$7) -> 0.58762887 | C5: Chavez | E5: =CORE!E6 -> 0.58762887 | F5: =CORE!F6 -> 0.38709677 | G5: =CORE!G6 -> 0.66666667 | H5: =CORE!H6 -> 0 | I5: =CORE!I6 -> 0.47058824 | J5: =CORE!J6 -> 0.51428571 | K5: =CORE!K6 -> 1 | L5: =CORE!L6 -> 0 | ... Y5: =CORE!Y6 -> 0 | AQ5: 0.51210801 | AR5: =AU5/SUM($AU5:$AU7) -> 0.58762887 | AS5: Chavez | AU5: =IF((E5+E6+E7)=0,1,E5/(E5+E6+E7)*$AQ5) -> 0.30092945 | AV5: =IF((F5+F6+F7)=0,0,F5/(F5+F6+F7)*$AQ5) -> 0.19823536 | AW5: =IF((G5+G6+G7)=0,0,G5/(G5+G6+G7)*$AQ5) -> 0.34140534 | AX5: =IF((H5+H6+H7)=0,0,H5/(H5+H6+H7)*$AQ5) -> 0 | AY5: =IF((I5+I6+I7)=0,0,I5/(I5+I6+I7)*$AQ5) -> 0.24099201 | AZ5: =IF((J5+J6+J7)=0,0,J5/(J5+J6+J7)*$AQ5) -> 0.26336983 | BA5: =IF((K5+K6+K7)=0,0,K5/(K5+K6+K7)*$AQ5) -> 0.51210801 | BB5: =IF((L5+L6+L7)=0,0,L5/(L5+L6+L7)*$AQ5) -> 0 | BC5: =IF((M5+M6+M7)=0,0,M5/(M5+M6+M7)*$AQ5) -> 0.38408101 | ... BO5: =IF((Y5+Y6+Y7)=0,0,Y5/(Y5+Y6+Y7)*$AQ5) -> 0 | BP5: 2 | BQ5: 8:00 | BR5: 8:30 | BS5: =AW2 -> 54.878429 | BT5: =BT4+BS5 -> 106.7557 | BU5: =IF((BS5+BV5+BY5)<>0,BT5/(BT5+BW5+BZ5),NA()) -> 0.53701287 | BV5: =AW3 -> 43.216322 | BW5: =BW4+BV5 -> 89.35012 | BX5: =IF((BS5+BV5+BY5)<>0,BW5/(BT5+BW5+BZ5),NA()) -> 0.44945762 | BY5: =AW4 -> 1.3029626 | BZ5: =BZ4+BY5 -> 2.6896034 | CA5: =IF((BS5+BV5+BY5)<>0,BZ5/(BT5+BW5+BZ5),NA()) -> 0.013529504 | CC5: 7:30 | CD5: =$G$5 -> 0.66666667 | CE5: =CE4+CD5 -> 1.0537634 | CF5: =IF((CD5+CG5+CJ5)<>0,CE5/(CE5+CH5+CK5),NA()) -> 0.52688172 | CG5: =$G$6 -> 0.33333333 | CH5: =CH4+CG5 -> 0.94623656 | CI5: =IF((CD5+CG5+CJ5)<>0,CH5/(CE5+CH5+CK5),NA()) -> 0.47311828 | CJ5: =$G$7 -> 0 | CK5: =CK4+CJ5 -> 0 | CL5: =IF((CD5+CG5+CJ5)<>0,CK5/(CE5+CH5+CK5),NA()) -> 0 | CN5: 7:30 | CO5: =$G$8 -> 0.59614116 | CP5: =CP4+CO5 -> 1.2156253 | CQ5: =IF((CO5+CR5+CU5)<>0,CP5/(CP5+CS5+CV5),NA()) -> 0.66496469 | CR5: =$G$9 -> 0.22858934 | CS5: =CS4+CR5 -> 0.59969885 | CT5: =IF((CO5+CR5+CU5)<>0,CS5/(CP5+CS5+CV5),NA()) -> 0.32804398 | CU5: =$G$10 -> 0.0033745258 | CV5: =CV4+CU5 -> 0.012780883 | CW5: =IF((CO5+CR5+CU5)<>0,CV5/(CP5+CS5+CV5),NA()) -> 0.0069913285 | CY5: 7:30 | CZ5: =$G$11 -> 0.53585642 | DA5: =DA4+CZ5 -> 1.1583249 | DB5: =IF((CZ5+DC5+DF5)<>0,DA5/(DA5+DD5+DG5),NA()) -> 0.62891753 | DC5: =$G$12 -> 0.27289609 | DD5: =DD4+DC5 -> 0.60701339 | DE5: =IF((CZ5+DC5+DF5)<>0,DD5/(DA5+DD5+DG5),NA()) -> 0.32958054 | DF5: =$G$13 -> 0.033023054 | DG5: =DG4+DF5 -> 0.076437232 | DH5: =IF((CZ5+DC5+DF5)<>0,DG5/(DA5+DD5+DG5),NA()) -> 0.041501925 | DJ5: 7:30 | DK5: =$G$14 -> 0.56941577 | DL5: =DL4+DK5 -> 1.011639 | DM5: =IF((DK5+DN5+DQ5)<>0,DL5/(DL5+DO5+DR5),NA()) -> 0.5445304 | DN5: =$G$15 -> 0.4026892 | DO5: =DO4+DN5 -> 0.81329048 | DP5: =IF((DK5+DN5+DQ5)<>0,DO5/(DL5+DO5+DR5),NA()) -> 0.43776622 | DQ5: =$G$16 -> 0.027895023 | DR5: =DR4+DQ5 -> 0.032889689 | DS5: =IF((DK5+DN5+DQ5)<>0,DR5/(DL5+DO5+DR5),NA()) -> 0.017703385 | DU5: 7:30 | DV5: =$G$17 -> 0.34406488 | DW5: =DW4+DV5 -> 0.72394329 | DX5: =IF((DV5+DY5+EB5)<>0,DW5/(DW5+DZ5+EC5),NA()) -> 0.39939038 | DY5: =$G$18 -> 0.56224551 | DZ5: =DZ4+DY5 -> 1.0840632 | EA5: =IF((DV5+DY5+EB5)<>0,DZ5/(DW5+DZ5+EC5),NA()) -> 0.59806401 | EB5: =$G$19 -> 0 | EC5: =EC4+EB5 -> 0.0046142366 | ED5: =IF((DV5+DY5+EB5)<>0,EC5/(DW5+DZ5+EC5),NA()) -> 0.0025456161 | EF5: 7:30 | EG5: =$G$20 -> 0.48896585 | EH5: =EH4+EG5 -> 1.1390826 | EI5: =IF((EG5+EJ5+EM5)<>0,EH5/(EH5+EK5+EN5),NA()) -> 0.56954129 | EJ5: =$G$21 -> 0.49812942 | EK5: =EK4+EJ5 -> 0.84801269 | EL5: =IF((EG5+EJ5+EM5)<>0,EK5/(EH5+EK5+EN5),NA()) -> 0.42400634 | EM5: =$G$22 -> 0.012904734 | EN5: =EN4+EM5 -> 0.012904734 | EO5: =IF((EG5+EJ5+EM5)<>0,EN5/(EH5+EK5+EN5),NA()) -> 0.0064523672 | EQ5: 7:30 | ER5: =$G$23 -> 0.43435946 | ES5: =ES4+ER5 -> 0.61779946 | ET5: =IF((ER5+EU5+EX5)<>0,ES5/(ES5+EV5+EY5),NA()) -> 0.58768435 | EU5: =$G$24 -> 0.30796706 | EV5: =EV4+EU5 -> 0.4003706 | EW5: =IF((ER5+EU5+EX5)<>0,EV5/(ES5+EV5+EY5),NA()) -> 0.38085423 | EX5: =$G$25 -> 0.028570116 | EY5: =EY4+EX5 -> 0.033073621 | EZ5: =IF((ER5+EU5+EX5)<>0,EY5/(ES5+EV5+EY5),NA()) -> 0.031461422 | FB5: 7:30 | FC5: =$G$26 -> 0.51906524 | FD5: =FD4+FC5 -> 0.63019799 | FE5: =IF((FC5+FF5+FI5)<>0,FD5/(FD5+FG5+FJ5),NA()) -> 0.41246548 | FF5: =$G$27 -> 0.45454073 | FG5: =FG4+FF5 -> 0.87128855 | FH5: =IF((FC5+FF5+FI5)<>0,FG5/(FD5+FG5+FJ5),NA()) -> 0.57025959 | FI5: =$G$28 -> 0.026394028 | FJ5: =FJ4+FI5 -> 0.026394028 | FK5: =IF((FC5+FF5+FI5)<>0,FJ5/(FD5+FG5+FJ5),NA()) -> 0.017274929 | FM5: 7:30 | FN5: =$G$29 -> 0 | FO5: =FO4+FN5 -> 0 | FP5: =IF((FN5+FQ5+FT5)<>0,FO5/(FO5+FR5+FU5),NA()) -> #N/A | FQ5: =$G$30 -> 0 | FR5: =FR4+FQ5 -> 0 | FS5: =IF((FN5+FQ5+FT5)<>0,FR5/(FO5+FR5+FU5),NA()) -> #N/A | FT5: =$G$31 -> 0 | FU5: =FU4+FT5 -> 0 | FV5: =IF((FN5+FQ5+FT5)<>0,FU5/(FO5+FR5+FU5),NA()) -> #N/A | FX5: 7:30 | FY5: =$G$32 -> 0.34662794 | FZ5: =FZ4+FY5 -> 0.62462397 | GA5: =IF((FY5+GB5+GE5)<>0,FZ5/(FZ5+GC5+GF5),NA()) -> 0.45806477 | GB5: =$G$33 -> 0.30710299 | GC5: =GC4+GB5 -> 0.69415922 | GD5: =IF((FY5+GB5+GE5)<>0,GC5/(FZ5+GC5+GF5),NA()) -> 0.50905809 | GE5: =$G$34 -> 0.020942334 | GF5: =GF4+GE5 -> 0.044831755 | GG5: =IF((FY5+GB5+GE5)<>0,GF5/(FZ5+GC5+GF5),NA()) -> 0.032877136 | GI5: 7:30 | GJ5: =$G$35 -> 0.35286956 | GK5: =GK4+GJ5 -> 1.2360553 | GL5: =IF((GJ5+GM5+GP5)<>0,GK5/(GK5+GN5+GQ5),NA()) -> 0.83743401 | GM5: =$G$36 -> 0.12313366 | GN5: =GN4+GM5 -> 0.23994792 | GO5: =IF((GJ5+GM5+GP5)<>0,GN5/(GK5+GN5+GQ5),NA()) -> 0.16256599 | GP5: =$G$37 -> 0 | GQ5: =GQ4+GP5 -> 0 | GR5: =IF((GJ5+GM5+GP5)<>0,GQ5/(GK5+GN5+GQ5),NA()) -> 0 | GT5: 7:30 | GU5: =$G$38 -> 0.14747707 | GV5: =GV4+GU5 -> 0.60859882 | GW5: =IF((GU5+GX5+HA5)<>0,GV5/(GV5+GY5+HB5),NA()) -> 0.67546792 | GX5: =$G$39 -> 0 | GY5: =GY4+GX5 -> 0.27971647 | GZ5: =IF((GU5+GX5+HA5)<>0,GY5/(GV5+GY5+HB5),NA()) -> 0.31045 | HA5: =$G$40 -> 0 | HB5: =HB4+HA5 -> 0.012687996 | HC5: =IF((GU5+GX5+HA5)<>0,HB5/(GV5+GY5+HB5),NA()) -> 0.014082075 | HE5: 7:30 | HF5: =$G$41 -> 0.52775906 | HG5: =HG4+HF5 -> 1.0077107 | HH5: =IF((HF5+HI5+HL5)<>0,HG5/(HG5+HJ5+HM5),NA()) -> 0.50385536 | HI5: =$G$42 -> 0.47224094 | HJ5: =HJ4+HI5 -> 0.99167742 | HK5: =IF((HF5+HI5+HL5)<>0,HJ5/(HG5+HJ5+HM5),NA()) -> 0.49583871 | HL5: =$G$43 -> 0 | HM5: =HM4+HL5 -> 0.0006118585 | HN5: =IF((HF5+HI5+HL5)<>0,HM5/(HG5+HJ5+HM5),NA()) -> 0.00030592925 | HP5: 7:30 | HQ5: =$G$44 -> 0.54748456 | HR5: =HR4+HQ5 -> 1.1618924 | HS5: =IF((HQ5+HT5+HW5)<>0,HR5/(HR5+HU5+HX5),NA()) -> 0.58094621 | HT5: =$G$45 -> 0.44180715 | HU5: =HU4+HT5 -> 0.81328003 | HV5: =IF((HQ5+HT5+HW5)<>0,HU5/(HR5+HU5+HX5),NA()) -> 0.40664001 | HW5: =$G$46 -> 0.010708283 | HX5: =HX4+HW5 -> 0.02482756 | HY5: =IF((HQ5+HT5+HW5)<>0,HX5/(HR5+HU5+HX5),NA()) -> 0.01241378 | IA5: 7:30 | IB5: =$G$47 -> 0.23928008 | IC5: =IC4+IB5 -> 0.55315907 | ID5: =IF((IB5+IE5+IH5)<>0,IC5/(IC5+IF5+II5),NA()) -> 0.34641329 | IE5: =$G$48 -> 0.52174818 | IF5: =IF4+IE5 -> 1.0168033 | IG5: =IF((IB5+IE5+IH5)<>0,IF5/(IC5+IF5+II5),NA()) -> 0.63676832 | IH5: =$G$49 -> 0.00098218877 | II5: =II4+IH5 -> 0.026855913 | IJ5: =IF((IB5+IE5+IH5)<>0,II5/(IC5+IF5+II5),NA()) -> 0.01681839 | IL5: 7:30 | IM5: =$G$50 -> 0.27716266 | IN5: =IN4+IM5 -> 0.68870686 | IO5: =IF((IM5+IP5+IS5)<>0,IN5/(IN5+IQ5+IT5),NA()) -> 0.34435343 | IP5: =$G$51 -> 0.72028085 | IQ5: =IQ4+IP5 -> 1.3036237 | IR5: =IF((IM5+IP5+IS5)<>0,IQ5/(IN5+IQ5+IT5),NA()) -> 0.65181183 | IS5: =$G$52 -> 0.0025564962 | IT5: =IT4+IS5 -> 0.0076694886 | IU5: =IF((IM5+IP5+IS5)<>0,IT5/(IN5+IQ5+IT5),NA()) -> 0.0038347443 | IW5: 7:30 | IX5: =$G$53 -> 0.6727196 | IY5: =IY4+IX5 -> 1.0445012 | IZ5: =IF((IX5+JA5+JD5)<>0,IY5/(IY5+JB5+JE5),NA()) -> 0.58455632 | JA5: =$G$54 -> 0.28701633 | JB5: =JB4+JA5 -> 0.62153391 | JC5: =IF((IX5+JA5+JD5)<>0,JB5/(IY5+JB5+JE5),NA()) -> 0.34784218 | JD5: =$G$55 -> 0.040264068 | JE5: =JE4+JD5 -> 0.12079221 | JF5: =IF((IX5+JA5+JD5)<>0,JE5/(IY5+JB5+JE5),NA()) -> 0.067601499 | JH5: 7:30 | JI5: =$G$56 -> 0.87737386 | JJ5: =JJ4+JI5 -> 1.1774634 | JK5: =IF((JI5+JL5+JO5)<>0,JJ5/(JJ5+JM5+JP5),NA()) -> 0.77404871 | JL5: =$G$57 -> 0.11598215 | JM5: =JM4+JL5 -> 0.33372551 | JN5: =IF((JI5+JL5+JO5)<>0,JM5/(JJ5+JM5+JP5),NA()) -> 0.2193867 | JO5: =$G$58 -> 0.0066439922 | JP5: =JP4+JO5 -> 0.0099858996 | JQ5: =IF((JI5+JL5+JO5)<>0,JP5/(JJ5+JM5+JP5),NA()) -> 0.0065645971 | JS5: 7:30 | JT5: =$G$59 -> 0.54518466 | JU5: =JU4+JT5 -> 0.96802393 | JV5: =IF((JT5+JW5+JZ5)<>0,JU5/(JU5+JX5+KA5),NA()) -> 0.55328842 | JW5: =$G$60 -> 0.35886886 | JX5: =JX4+JW5 -> 0.76589327 | JY5: =IF((JT5+JW5+JZ5)<>0,JX5/(JU5+JX5+KA5),NA()) -> 0.43775764 | JZ5: =$G$61 -> 0.0070381946 | KA5: =KA4+JZ5 -> 0.015665659 | KB5: =IF((JT5+JW5+JZ5)<>0,KA5/(JU5+JX5+KA5),NA()) -> 0.0089539394 | KD5: 7:30 | KE5: =$G$62 -> 0.22742758 | KF5: =KF4+KE5 -> 0.57664594 | KG5: =IF((KE5+KH5+KK5)<>0,KF5/(KF5+KI5+KL5),NA()) -> 0.31789106 | KH5: =$G$63 -> 0.64516658 | KI5: =KI4+KH5 -> 1.213503 | KJ5: =IF((KE5+KH5+KK5)<>0,KI5/(KF5+KI5+KL5),NA()) -> 0.66897506 | KK5: =$G$64 -> 0.012315473 | KL5: =KL4+KK5 -> 0.023824509 | KM5: =IF((KE5+KH5+KK5)<>0,KL5/(KF5+KI5+KL5),NA()) -> 0.01313388 | KO5: 7:30 | KP5: =$G$65 -> 0.66751284 | KQ5: =KQ4+KP5 -> 1.2848434 | KR5: =IF((KP5+KS5+KV5)<>0,KQ5/(KQ5+KT5+KW5),NA()) -> 0.68675886 | KS5: =$G$66 -> 0.33248716 | KT5: =KT4+KS5 -> 0.57522057 | KU5: =IF((KP5+KS5+KV5)<>0,KT5/(KQ5+KT5+KW5),NA()) -> 0.30745991 | KV5: =$G$67 -> 0 | KW5: =KW4+KV5 -> 0.010815991 | KX5: =IF((KP5+KS5+KV5)<>0,KW5/(KQ5+KT5+KW5),NA()) -> 0.0057812321 | KZ5: 7:30 | LA5: =$G$68 -> 0.44780004 | LB5: =LB4+LA5 -> 0.79586025 | LC5: =IF((LA5+LD5+LG5)<>0,LB5/(LB5+LE5+LH5),NA()) -> 0.64042608 | LD5: =$G$69 -> 0.29021696 | LE5: =LE4+LD5 -> 0.44684406 | LF5: =IF((LA5+LD5+LG5)<>0,LE5/(LB5+LE5+LH5),NA()) -> 0.35957392 | LG5: =$G$70 -> 0 | LH5: =LH4+LG5 -> 0 | LI5: =IF((LA5+LD5+LG5)<>0,LH5/(LB5+LE5+LH5),NA()) -> 0 | LK5: 7:30 | LL5: =$G$71 -> 0.49452775 | LM5: =LM4+LL5 -> 1.0423716 | LN5: =IF((LL5+LO5+LR5)<>0,LM5/(LM5+LP5+LS5),NA()) -> 0.59434668 | LO5: =$G$72 -> 0.25928302 | LP5: =LP4+LO5 -> 0.70200507 | LQ5: =IF((LL5+LO5+LR5)<>0,LP5/(LM5+LP5+LS5),NA()) -> 0.40027413 | LR5: =$G$73 -> 0 | LS5: =LS4+LR5 -> 0.0094340948 | LT5: =IF((LL5+LO5+LR5)<>0,LS5/(LM5+LP5+LS5),NA()) -> 0.0053791977 | LV5: 7:30 | LW5: =$G$74 -> 0.60372224 | LX5: =LX4+LW5 -> 1.038253 | LY5: =IF((LW5+LZ5+MC5)<>0,LX5/(LX5+MA5+MD5),NA()) -> 0.5563281 | LZ5: =$G$75 -> 0.35977594 | MA5: =MA4+LZ5 -> 0.81463224 | MB5: =IF((LW5+LZ5+MC5)<>0,MA5/(LX5+MA5+MD5),NA()) -> 0.43650518 | MC5: =$G$76 -> 0.012022982 | MD5: =MD4+MC5 -> 0.013374958 | ME5: =IF((LW5+LZ5+MC5)<>0,MD5/(LX5+MA5+MD5),NA()) -> 0.0071667168
B6: =E6/SUM($E$5:$E$7) -> 0.40206186 | C6: Capriles | D6: AMAZONAS | E6: =CORE!E7 -> 0.40206186 | F6: =CORE!F7 -> 0.61290323 | G6: =CORE!G7 -> 0.33333333 | H6: =CORE!H7 -> 0 | I6: =CORE!I7 -> 0.52941176 | J6: =CORE!J7 -> 0.45714286 | K6: =CORE!K7 -> 0 | L6: =CORE!L7 -> 1 | ... Y6: =CORE!Y7 -> 0 | AQ6: 0.51210801 | AR6: =AU6/SUM($AU5:$AU7) -> 0.40206186 | AS6: Capriles | AT6: AMAZONAS | AU6: =IF((E5+E6+E7)=0,1,E6/(E5+E6+E7)*$AQ6) -> 0.2058991 | AV6: =IF((F5+F6+F7)=0,0,F6/(F5+F6+F7)*$AQ6) -> 0.31387265 | AW6: =IF((G5+G6+G7)=0,0,G6/(G5+G6+G7)*$AQ6) -> 0.17070267 | AX6: =IF((H5+H6+H7)=0,0,H6/(H5+H6+H7)*$AQ6) -> 0 | AY6: =IF((I5+I6+I7)=0,0,I6/(I5+I6+I7)*$AQ6) -> 0.27111601 | AZ6: =IF((J5+J6+J7)=0,0,J6/(J5+J6+J7)*$AQ6) -> 0.23410652 | BA6: =IF((K5+K6+K7)=0,0,K6/(K5+K6+K7)*$AQ6) -> 0 | BB6: =IF((L5+L6+L7)=0,0,L6/(L5+L6+L7)*$AQ6) -> 0.51210801 | BC6: =IF((M5+M6+M7)=0,0,M6/(M5+M6+M7)*$AQ6) -> 0.128027 | ... BO6: =IF((Y5+Y6+Y7)=0,0,Y6/(Y5+Y6+Y7)*$AQ6) -> 0 | BP6: 3 | BQ6: 8:30 | BR6: 9:00 | BS6: =AX2 -> 52.683802 | BT6: =BT5+BS6 -> 159.43951 | BU6: =IF((BS6+BV6+BY6)<>0,BT6/(BT6+BW6+BZ6),NA()) -> 0.53560519 | BV6: =AX3 -> 44.990202 | BW6: =BW5+BV6 -> 134.34032 | BX6: =IF((BS6+BV6+BY6)<>0,BW6/(BT6+BW6+BZ6),NA()) -> 0.45128949 | BY6: =AX4 -> 1.2116019 | BZ6: =BZ5+BY6 -> 3.9012054 | CA6: =IF((BS6+BV6+BY6)<>0,BZ6/(BT6+BW6+BZ6),NA()) -> 0.013105321 | CC6: 8:00 | CD6: =$H$5 -> 0 | CE6: =CE5+CD6 -> 1.0537634 | CF6: =IF((CD6+CG6+CJ6)<>0,CE6/(CE6+CH6+CK6),NA()) -> #N/A | CG6: =$H$6 -> 0 | CH6: =CH5+CG6 -> 0.94623656 | CI6: =IF((CD6+CG6+CJ6)<>0,CH6/(CE6+CH6+CK6),NA()) -> #N/A | CJ6: =$H$7 -> 0 | CK6: =CK5+CJ6 -> 0 | CL6: =IF((CD6+CG6+CJ6)<>0,CK6/(CE6+CH6+CK6),NA()) -> #N/A | CN6: 8:00 | CO6: =$H$8 -> 0.63532183 | CP6: =CP5+CO6 -> 1.8509471 | CQ6: =IF((CO6+CR6+CU6)<>0,CP6/(CP6+CS6+CV6),NA()) -> 0.66968446 | CR6: =$H$9 -> 0.28609911 | CS6: =CS5+CR6 -> 0.88579795 | CT6: =IF((CO6+CR6+CU6)<>0,CS6/(CP6+CS6+CV6),NA()) -> 0.32048734 | CU6: =$H$10 -> 0.014383375 | CV6: =CV5+CU6 -> 0.027164258 | CW6: =IF((CO6+CR6+CU6)<>0,CV6/(CP6+CS6+CV6),NA()) -> 0.0098282016 | CY6: 8:00 | CZ6: =$H$11 -> 0.67821391 | DA6: =DA5+CZ6 -> 1.8365389 | DB6: =IF((CZ6+DC6+DF6)<>0,DA6/(DA6+DD6+DG6),NA()) -> 0.64626457 | DC6: =$H$12 -> 0.3137805 | DD6: =DD5+DC6 -> 0.92079389 | DE6: =IF((CZ6+DC6+DF6)<>0,DD6/(DA6+DD6+DG6),NA()) -> 0.32402062 | DF6: =$H$13 -> 0.0080055889 | DG6: =DG5+DF6 -> 0.084442821 | DH6: =IF((CZ6+DC6+DF6)<>0,DG6/(DA6+DD6+DG6),NA()) -> 0.02971481 | DJ6: 8:00 | DK6: =$H$14 -> 0.38201456 | DL6: =DL5+DK6 -> 1.3936536 | DM6: =IF((DK6+DN6+DQ6)<>0,DL6/(DL6+DO6+DR6),NA()) -> 0.5040274 | DN6: =$H$15 -> 0.48895565 | DO6: =DO5+DN6 -> 1.3022461 | DP6: =IF((DK6+DN6+DQ6)<>0,DO6/(DL6+DO6+DR6),NA()) -> 0.47096907 | DQ6: =$H$16 -> 0.036245947 | DR6: =DR5+DQ6 -> 0.069135636 | DS6: =IF((DK6+DN6+DQ6)<>0,DR6/(DL6+DO6+DR6),NA()) -> 0.025003527 | DU6: 8:00 | DV6: =$H$17 -> 0.32060385 | DW6: =DW5+DV6 -> 1.0445471 | DX6: =IF((DV6+DY6+EB6)<>0,DW6/(DW6+DZ6+EC6),NA()) -> 0.38417565 | DY6: =$H$18 -> 0.57288849 | DZ6: =DZ5+DY6 -> 1.6569517 | EA6: =IF((DV6+DY6+EB6)<>0,DZ6/(DW6+DZ6+EC6),NA()) -> 0.60941291 | EB6: =$H$19 -> 0.012818043 | EC6: =EC5+EB6 -> 0.01743228 | ED6: =IF((DV6+DY6+EB6)<>0,EC6/(DW6+DZ6+EC6),NA()) -> 0.0064114459 | EF6: 8:00 | EG6: =$H$20 -> 0.51824461 | EH6: =EH5+EG6 -> 1.6573272 | EI6: =IF((EG6+EJ6+EM6)<>0,EH6/(EH6+EK6+EN6),NA()) -> 0.56943285 | EJ6: =$H$21 -> 0.39224286 | EK6: =EK5+EJ6 -> 1.2402555 | EL6: =IF((EG6+EJ6+EM6)<>0,EK6/(EH6+EK6+EN6),NA()) -> 0.42613327 | EM6: =$H$22 -> 0 | EN6: =EN5+EM6 -> 0.012904734 | EO6: =IF((EG6+EJ6+EM6)<>0,EN6/(EH6+EK6+EN6),NA()) -> 0.0044338739 | EQ6: 8:00 | ER6: =$H$23 -> 0.50598706 | ES6: =ES5+ER6 -> 1.1237865 | ET6: =IF((ER6+EU6+EX6)<>0,ES6/(ES6+EV6+EY6),NA()) -> 0.55494611 | EU6: =$H$24 -> 0.45331401 | EV6: =EV5+EU6 -> 0.85368461 | EW6: =IF((ER6+EU6+EX6)<>0,EV6/(ES6+EV6+EY6),NA()) -> 0.42156491 | EX6: =$H$25 -> 0.014492434 | EY6: =EY5+EX6 -> 0.047566055 | EZ6: =IF((ER6+EU6+EX6)<>0,EY6/(ES6+EV6+EY6),NA()) -> 0.023488979 | FB6: 8:00 | FC6: =$H$26 -> 0.49651493 | FD6: =FD5+FC6 -> 1.1267129 | FE6: =IF((FC6+FF6+FI6)<>0,FD6/(FD6+FG6+FJ6),NA()) -> 0.44571446 | FF6: =$H$27 -> 0.50348507 | FG6: =FG5+FF6 -> 1.3747736 | FH6: =IF((FC6+FF6+FI6)<>0,FG6/(FD6+FG6+FJ6),NA()) -> 0.54384437 | FI6: =$H$28 -> 0 | FJ6: =FJ5+FI6 -> 0.026394028 | FK6: =IF((FC6+FF6+FI6)<>0,FJ6/(FD6+FG6+FJ6),NA()) -> 0.010441169 | FM6: 8:00 | FN6: =$H$29 -> 0 | FO6: =FO5+FN6 -> 0 | FP6: =IF((FN6+FQ6+FT6)<>0,FO6/(FO6+FR6+FU6),NA()) -> #N/A | FQ6: =$H$30 -> 0 | FR6: =FR5+FQ6 -> 0 | FS6: =IF((FN6+FQ6+FT6)<>0,FR6/(FO6+FR6+FU6),NA()) -> #N/A | FT6: =$H$31 -> 0 | FU6: =FU5+FT6 -> 0 | FV6: =IF((FN6+FQ6+FT6)<>0,FU6/(FO6+FR6+FU6),NA()) -> #N/A | FX6: 8:00 | FY6: =$H$32 -> 0.38077292 | FZ6: =FZ5+FY6 -> 1.0053969 | GA6: =IF((FY6+GB6+GE6)<>0,FZ6/(FZ6+GC6+GF6),NA()) -> 0.45498644 | GB6: =$H$33 -> 0.44643854 | GC6: =GC5+GB6 -> 1.1405978 | GD6: =IF((FY6+GB6+GE6)<>0,GC6/(FZ6+GC6+GF6),NA()) -> 0.5161708 | GE6: =$H$34 -> 0.018902948 | GF6: =GF5+GE6 -> 0.063734703 | GG6: =IF((FY6+GB6+GE6)<>0,GF6/(FZ6+GC6+GF6),NA()) -> 0.028842764 | GI6: 8:00 | GJ6: =$H$35 -> 0.71171434 | GK6: =GK5+GJ6 -> 1.9477696 | GL6: =IF((GJ6+GM6+GP6)<>0,GK6/(GK6+GN6+GQ6),NA()) -> 0.81591871 | GM6: =$H$36 -> 0.19949284 | GN6: =GN5+GM6 -> 0.43944076 | GO6: =IF((GJ6+GM6+GP6)<>0,GN6/(GK6+GN6+GQ6),NA()) -> 0.18408129 | GP6: =$H$37 -> 0 | GQ6: =GQ5+GP6 -> 0 | GR6: =IF((GJ6+GM6+GP6)<>0,GQ6/(GK6+GN6+GQ6),NA()) -> 0 | GT6: 8:00 | GU6: =$H$38 -> 0.31398261 | GV6: =GV5+GU6 -> 0.92258143 | GW6: =IF((GU6+GX6+HA6)<>0,GV6/(GV6+GY6+HB6),NA()) -> 0.71244332 | GX6: =$H$39 -> 0.079968247 | GY6: =GY5+GX6 -> 0.35968472 | GZ6: =IF((GU6+GX6+HA6)<>0,GY6/(GV6+GY6+HB6),NA()) -> 0.27775865 | HA6: =$H$40 -> 0 | HB6: =HB5+HA6 -> 0.012687996 | HC6: =IF((GU6+GX6+HA6)<>0,HB6/(GV6+GY6+HB6),NA()) -> 0.0097980272 | HE6: 8:00 | HF6: =$H$41 -> 0.46382767 | HG6: =HG5+HF6 -> 1.4715384 | HH6: =IF((HF6+HI6+HL6)<>0,HG6/(HG6+HJ6+HM6),NA()) -> 0.49968858 | HI6: =$H$42 -> 0.47577418 | HJ6: =HJ5+HI6 -> 1.4674516 | HK6: =IF((HF6+HI6+HL6)<>0,HJ6/(HG6+HJ6+HM6),NA()) -> 0.49830083 | HL6: =$H$43 -> 0.0053091766 | HM6: =HM5+HL6 -> 0.0059210351 | HN6: =IF((HF6+HI6+HL6)<>0,HM6/(HG6+HJ6+HM6),NA()) -> 0.002010599 | HP6: 8:00 | HQ6: =$H$44 -> 0.59916045 | HR6: =HR5+HQ6 -> 1.7610529 | HS6: =IF((HQ6+HT6+HW6)<>0,HR6/(HR6+HU6+HX6),NA()) -> 0.58701762 | HT6: =$H$45 -> 0.3956258 | HU6: =HU5+HT6 -> 1.2089058 | HV6: =IF((HQ6+HT6+HW6)<>0,HU6/(HR6+HU6+HX6),NA()) -> 0.40296861 | HW6: =$H$46 -> 0.0052137475 | HX6: =HX5+HW6 -> 0.030041308 | HY6: =IF((HQ6+HT6+HW6)<>0,HX6/(HR6+HU6+HX6),NA()) -> 0.010013769 | IA6: 8:00 | IB6: =$H$47 -> 0.26846496 | IC6: =IC5+IB6 -> 0.82162403 | ID6: =IF((IB6+IE6+IH6)<>0,IC6/(IC6+IF6+II6),NA()) -> 0.35349687 | IE6: =$H$48 -> 0.44759438 | IF6: =IF5+IE6 -> 1.4643977 | IG6: =IF((IB6+IE6+IH6)<>0,IF6/(IC6+IF6+II6),NA()) -> 0.63004486 | IH6: =$H$49 -> 0.011397649 | II6: =II5+IH6 -> 0.038253562 | IJ6: =IF((IB6+IE6+IH6)<>0,II6/(IC6+IF6+II6),NA()) -> 0.016458275 | IL6: 8:00 | IM6: =$H$50 -> 0.37806198 | IN6: =IN5+IM6 -> 1.0667688 | IO6: =IF((IM6+IP6+IS6)<>0,IN6/(IN6+IQ6+IT6),NA()) -> 0.35558961 | IP6: =$H$51 -> 0.62193802 | IQ6: =IQ5+IP6 -> 1.9255617 | IR6: =IF((IM6+IP6+IS6)<>0,IQ6/(IN6+IQ6+IT6),NA()) -> 0.64185389 | IS6: =$H$52 -> 0 | IT6: =IT5+IS6 -> 0.0076694886 | IU6: =IF((IM6+IP6+IS6)<>0,IT6/(IN6+IQ6+IT6),NA()) -> 0.0025564962 | IW6: 8:00 | IX6: =$H$53 -> 0.58783664 | IY6: =IY5+IX6 -> 1.6323378 | IZ6: =IF((IX6+JA6+JD6)<>0,IY6/(IY6+JB6+JE6),NA()) -> 0.63424899 | JA6: =$H$54 -> 0.19899067 | JB6: =JB5+JA6 -> 0.82052458 | JC6: =IF((IX6+JA6+JD6)<>0,JB6/(IY6+JB6+JE6),NA()) -> 0.3188169 | JD6: =$H$55 -> 0 | JE6: =JE5+JD6 -> 0.12079221 | JF6: =IF((IX6+JA6+JD6)<>0,JE6/(IY6+JB6+JE6),NA()) -> 0.046934116 | JH6: 8:00 | JI6: =$H$56 -> 0.71121259 | JJ6: =JJ5+JI6 -> 1.888676 | JK6: =IF((JI6+JL6+JO6)<>0,JJ6/(JJ6+JM6+JP6),NA()) -> 0.77127637 | JL6: =$H$57 -> 0.21637942 | JM6: =JM5+JL6 -> 0.55010493 | JN6: =IF((JI6+JL6+JO6)<>0,JM6/(JJ6+JM6+JP6),NA()) -> 0.2246457 | JO6: =$H$58 -> 0 | JP6: =JP5+JO6 -> 0.0099858996 | JQ6: =IF((JI6+JL6+JO6)<>0,JP6/(JJ6+JM6+JP6),NA()) -> 0.00407793 | JS6: 8:00 | JT6: =$H$59 -> 0.64605303 | JU6: =JU5+JT6 -> 1.614077 | JV6: =IF((JT6+JW6+JZ6)<>0,JU6/(JU6+JX6+KA6),NA()) -> 0.60664201 | JW6: =$H$60 -> 0.24275106 | JX6: =JX5+JW6 -> 1.0086443 | JY6: =IF((JT6+JW6+JZ6)<>0,JX6/(JU6+JX6+KA6),NA()) -> 0.37909346 | JZ6: =$H$61 -> 0.022287616 | KA6: =KA5+JZ6 -> 0.037953275 | KB6: =IF((JT6+JW6+JZ6)<>0,KA6/(JU6+JX6+KA6),NA()) -> 0.014264531 | KD6: 8:00 | KE6: =$H$62 -> 0.32334655 | KF6: =KF5+KE6 -> 0.8999925 | KG6: =IF((KE6+KH6+KK6)<>0,KF6/(KF6+KI6+KL6),NA()) -> 0.32857 | KH6: =$H$63 -> 0.56764609 | KI6: =KI5+KH6 -> 1.7811491 | KJ6: =IF((KE6+KH6+KK6)<>0,KI6/(KF6+KI6+KL6),NA()) -> 0.65026338 | KK6: =$H$64 -> 0.034153392 | KL6: =KL5+KK6 -> 0.057977901 | KM6: =IF((KE6+KH6+KK6)<>0,KL6/(KF6+KI6+KL6),NA()) -> 0.02116662 | KO6: 8:00 | KP6: =$H$65 -> 0.69737421 | KQ6: =KQ5+KP6 -> 1.9822176 | KR6: =IF((KP6+KS6+KV6)<>0,KQ6/(KQ6+KT6+KW6),NA()) -> 0.69045646 | KS6: =$H$66 -> 0.30262579 | KT6: =KT5+KS6 -> 0.87784636 | KU6: =IF((KP6+KS6+KV6)<>0,KT6/(KQ6+KT6+KW6),NA()) -> 0.30577606 | KV6: =$H$67 -> 0 | KW6: =KW5+KV6 -> 0.010815991 | KX6: =IF((KP6+KS6+KV6)<>0,KW6/(KQ6+KT6+KW6),NA()) -> 0.0037674829 | KZ6: 8:00 | LA6: =$H$68 -> 0.54240144 | LB6: =LB5+LA6 -> 1.3382617 | LC6: =IF((LA6+LD6+LG6)<>0,LB6/(LB6+LE6+LH6),NA()) -> 0.59671785 | LD6: =$H$69 -> 0.45759856 | LE6: =LE5+LD6 -> 0.90444261 | LF6: =IF((LA6+LD6+LG6)<>0,LE6/(LB6+LE6+LH6),NA()) -> 0.40328215 | LG6: =$H$70 -> 0 | LH6: =LH5+LG6 -> 0 | LI6: =IF((LA6+LD6+LG6)<>0,LH6/(LB6+LE6+LH6),NA()) -> 0 | LK6: 8:00 | LL6: =$H$71 -> 0.52503906 | LM6: =LM5+LL6 -> 1.5674107 | LN6: =IF((LL6+LO6+LR6)<>0,LM6/(LM6+LP6+LS6),NA()) -> 0.60127821 | LO6: =$H$72 -> 0.3279479 | LP6: =LP5+LO6 -> 1.029953 | LQ6: =IF((LL6+LO6+LR6)<>0,LP6/(LM6+LP6+LS6),NA()) -> 0.39510276 | LR6: =$H$73 -> 0 | LS6: =LS5+LR6 -> 0.0094340948 | LT6: =IF((LL6+LO6+LR6)<>0,LS6/(LM6+LP6+LS6),NA()) -> 0.003619036 | LV6: 8:00 | LW6: =$H$74 -> 0.5233391 | LX6: =LX5+LW6 -> 1.5615921 | LY6: =IF((LW6+LZ6+MC6)<>0,LX6/(LX6+MA6+MD6),NA()) -> 0.54876549 | LZ6: =$H$75 -> 0.450913 | MA6: =MA5+LZ6 -> 1.2655452 | MB6: =IF((LW6+LZ6+MC6)<>0,MA6/(LX6+MA6+MD6),NA()) -> 0.44473045 | MC6: =$H$76 -> 0.0051333121 | MD6: =MD5+MC6 -> 0.01850827 | ME6: =IF((LW6+LZ6+MC6)<>0,MD6/(LX6+MA6+MD6),NA()) -> 0.0065040673
B7: =E7/SUM($E$5:$E$7) -> 0.010309278 | C7: Otro | E7: =CORE!E8 -> 0.010309278 | F7: =CORE!F8 -> 0 | G7: =CORE!G8 -> 0 | H7: =CORE!H8 -> 0 | I7: =CORE!I8 -> 0 | J7: =CORE!J8 -> 0.028571429 | K7: =CORE!K8 -> 0 | L7: =CORE!L8 -> 0 | ... Y7: =CORE!Y8 -> 0 | AQ7: 0.51210801 | AR7: =AU7/SUM($AU5:$AU7) -> 0.010309278 | AS7: Otro | AU7: =IF((E5+E6+E7)=0,1,E7/(E5+E6+E7)*$AQ7) -> 0.005279464 | AV7: =IF((F5+F6+F7)=0,0,F7/(F5+F6+F7)*$AQ7) -> 0 | AW7: =IF((G5+G6+G7)=0,0,G7/(G5+G6+G7)*$AQ7) -> 0 | AX7: =IF((H5+H6+H7)=0,0,H7/(H5+H6+H7)*$AQ7) -> 0 | AY7: =IF((I5+I6+I7)=0,0,I7/(I5+I6+I7)*$AQ7) -> 0 | AZ7: =IF((J5+J6+J7)=0,0,J7/(J5+J6+J7)*$AQ7) -> 0.014631657 | BA7: =IF((K5+K6+K7)=0,0,K7/(K5+K6+K7)*$AQ7) -> 0 | BB7: =IF((L5+L6+L7)=0,0,L7/(L5+L6+L7)*$AQ7) -> 0 | BC7: =IF((M5+M6+M7)=0,0,M7/(M5+M6+M7)*$AQ7) -> 0 | ... BO7: =IF((Y5+Y6+Y7)=0,0,Y7/(Y5+Y6+Y7)*$AQ7) -> 0 | BP7: 4 | BQ7: 9:00 | BR7: 9:30 | BS7: =AY2 -> 46.810238 | BT7: =BT6+BS7 -> 206.24974 | BU7: =IF((BS7+BV7+BY7)<>0,BT7/(BT7+BW7+BZ7),NA()) -> 0.52213304 | BV7: =AY3 -> 49.166763 | BW7: =BW6+BV7 -> 183.50708 | BX7: =IF((BS7+BV7+BY7)<>0,BW7/(BT7+BW7+BZ7),NA()) -> 0.4645587 | BY7: =AY4 -> 1.3557404 | BZ7: =BZ6+BY7 -> 5.2569458 | CA7: =IF((BS7+BV7+BY7)<>0,BZ7/(BT7+BW7+BZ7),NA()) -> 0.013308259 | CC7: 8:30 | CD7: =$I$5 -> 0.47058824 | CE7: =CE6+CD7 -> 1.5243517 | CF7: =IF((CD7+CG7+CJ7)<>0,CE7/(CE7+CH7+CK7),NA()) -> 0.50811723 | CG7: =$I$6 -> 0.52941176 | CH7: =CH6+CG7 -> 1.4756483 | CI7: =IF((CD7+CG7+CJ7)<>0,CH7/(CE7+CH7+CK7),NA()) -> 0.49188277 | CJ7: =$I$7 -> 0 | CK7: =CK6+CJ7 -> 0 | CL7: =IF((CD7+CG7+CJ7)<>0,CK7/(CE7+CH7+CK7),NA()) -> 0 | CN7: 8:30 | CO7: =$I$8 -> 0.61104209 | CP7: =CP6+CO7 -> 2.4619892 | CQ7: =IF((CO7+CR7+CU7)<>0,CP7/(CP7+CS7+CV7),NA()) -> 0.65410428 | CR7: =$I$9 -> 0.38895791 | CS7: =CS6+CR7 -> 1.2747559 | CT7: =IF((CO7+CR7+CU7)<>0,CS7/(CP7+CS7+CV7),NA()) -> 0.33867868 | CU7: =$I$10 -> 0 | CV7: =CV6+CU7 -> 0.027164258 | CW7: =IF((CO7+CR7+CU7)<>0,CV7/(CP7+CS7+CV7),NA()) -> 0.0072170331 | CY7: 8:30 | CZ7: =$I$11 -> 0.48689101 | DA7: =DA6+CZ7 -> 2.3234299 | DB7: =IF((CZ7+DC7+DF7)<>0,DA7/(DA7+DD7+DG7),NA()) -> 0.63075814 | DC7: =$I$12 -> 0.34774444 | DD7: =DD6+DC7 -> 1.2685383 | DE7: =IF((CZ7+DC7+DF7)<>0,DD7/(DA7+DD7+DG7),NA()) -> 0.34437918 | DF7: =$I$13 -> 0.0071401198 | DG7: =DG6+DF7 -> 0.091582941 | DH7: =IF((CZ7+DC7+DF7)<>0,DG7/(DA7+DD7+DG7),NA()) -> 0.024862677 | DJ7: 8:30 | DK7: =$I$14 -> 0.55126925 | DL7: =DL6+DK7 -> 1.9449228 | DM7: =IF((DK7+DN7+DQ7)<>0,DL7/(DL7+DO7+DR7),NA()) -> 0.51657492 | DN7: =$I$15 -> 0.43771171 | DO7: =DO6+DN7 -> 1.7399578 | DP7: =IF((DK7+DN7+DQ7)<>0,DO7/(DL7+DO7+DR7),NA()) -> 0.46213586 | DQ7: =$I$16 -> 0.01101904 | DR7: =DR6+DQ7 -> 0.080154676 | DS7: =IF((DK7+DN7+DQ7)<>0,DR7/(DL7+DO7+DR7),NA()) -> 0.021289223 | DU7: 8:30 | DV7: =$I$17 -> 0.39577462 | DW7: =DW6+DV7 -> 1.4403218 | DX7: =IF((DV7+DY7+EB7)<>0,DW7/(DW7+DZ7+EC7),NA()) -> 0.39730367 | DY7: =$I$18 -> 0.51053577 | DZ7: =DZ6+DY7 -> 2.1674875 | EA7: =IF((DV7+DY7+EB7)<>0,DZ7/(DW7+DZ7+EC7),NA()) -> 0.59788775 | EB7: =$I$19 -> 0 | EC7: =EC6+EB7 -> 0.01743228 | ED7: =IF((DV7+DY7+EB7)<>0,EC7/(DW7+DZ7+EC7),NA()) -> 0.0048085844 | EF7: 8:30 | EG7: =$I$20 -> 0.54596946 | EH7: =EH6+EG7 -> 2.2032967 | EI7: =IF((EG7+EJ7+EM7)<>0,EH7/(EH7+EK7+EN7),NA()) -> 0.56343273 | EJ7: =$I$21 -> 0.45403054 | EK7: =EK6+EJ7 -> 1.6942861 | EL7: =IF((EG7+EJ7+EM7)<>0,EK7/(EH7+EK7+EN7),NA()) -> 0.43326723 | EM7: =$I$22 -> 0 | EN7: =EN6+EM7 -> 0.012904734 | EO7: =IF((EG7+EJ7+EM7)<>0,EN7/(EH7+EK7+EN7),NA()) -> 0.0033000322 | EQ7: 8:30 | ER7: =$I$23 -> 0.3223579 | ES7: =ES6+ER7 -> 1.4461444 | ET7: =IF((ER7+EU7+EX7)<>0,ES7/(ES7+EV7+EY7),NA()) -> 0.52147732 | EU7: =$I$24 -> 0.41607986 | EV7: =EV6+EU7 -> 1.2697645 | EW7: =IF((ER7+EU7+EX7)<>0,EV7/(ES7+EV7+EY7),NA()) -> 0.457875 | EX7: =$I$25 -> 0.0096934323 | EY7: =EY6+EX7 -> 0.057259488 | EZ7: =IF((ER7+EU7+EX7)<>0,EY7/(ES7+EV7+EY7),NA()) -> 0.020647678 | FB7: 8:30 | FC7: =$I$26 -> 0.34017564 | FD7: =FD6+FC7 -> 1.4668886 | FE7: =IF((FC7+FF7+FI7)<>0,FD7/(FD7+FG7+FJ7),NA()) -> 0.41579882 | FF7: =$I$27 -> 0.65982436 | FG7: =FG6+FF7 -> 2.034598 | FH7: =IF((FC7+FF7+FI7)<>0,FG7/(FD7+FG7+FJ7),NA()) -> 0.57671963 | FI7: =$I$28 -> 0 | FJ7: =FJ6+FI7 -> 0.026394028 | FK7: =IF((FC7+FF7+FI7)<>0,FJ7/(FD7+FG7+FJ7),NA()) -> 0.0074815538 | FM7: 8:30 | FN7: =$I$29 -> 0.3 | FO7: =FO6+FN7 -> 0.3 | FP7: =IF((FN7+FQ7+FT7)<>0,FO7/(FO7+FR7+FU7),NA()) -> 0.3 | FQ7: =$I$30 -> 0.6 | FR7: =FR6+FQ7 -> 0.6 | FS7: =IF((FN7+FQ7+FT7)<>0,FR7/(FO7+FR7+FU7),NA()) -> 0.6 | FT7: =$I$31 -> 0.1 | FU7: =FU6+FT7 -> 0.1 | FV7: =IF((FN7+FQ7+FT7)<>0,FU7/(FO7+FR7+FU7),NA()) -> 0.1 | FX7: 8:30 | FY7: =$I$32 -> 0.37108223 | FZ7: =FZ6+FY7 -> 1.3764791 | GA7: =IF((FY7+GB7+GE7)<>0,FZ7/(FZ7+GC7+GF7),NA()) -> 0.44029075 | GB7: =$I$33 -> 0.49937799 | GC7: =GC6+GB7 -> 1.6399758 | GD7: =IF((FY7+GB7+GE7)<>0,GC7/(FZ7+GC7+GF7),NA()) -> 0.52457473 | GE7: =$I$34 -> 0.046106213 | GF7: =GF6+GE7 -> 0.10984092 | GG7: =IF((FY7+GB7+GE7)<>0,GF7/(FZ7+GC7+GF7),NA()) -> 0.035134524 | GI7: 8:30 | GJ7: =$I$35 -> 0.77712164 | GK7: =GK6+GJ7 -> 2.7248913 | GL7: =IF((GJ7+GM7+GP7)<>0,GK7/(GK7+GN7+GQ7),NA()) -> 0.80446472 | GM7: =$I$36 -> 0.19863216 | GN7: =GN6+GM7 -> 0.63807292 | GO7: =IF((GJ7+GM7+GP7)<>0,GN7/(GK7+GN7+GQ7),NA()) -> 0.18837711 | GP7: =$I$37 -> 0.024246203 | GQ7: =GQ6+GP7 -> 0.024246203 | GR7: =IF((GJ7+GM7+GP7)<>0,GQ7/(GK7+GN7+GQ7),NA()) -> 0.0071581627 | GT7: 8:30 | GU7: =$I$38 -> 0.354596 | GV7: =GV6+GU7 -> 1.2771774 | GW7: =IF((GU7+GX7+HA7)<>0,GV7/(GV7+GY7+HB7),NA()) -> 0.66608313 | GX7: =$I$39 -> 0.26789435 | GY7: =GY6+GX7 -> 0.62757907 | GZ7: =IF((GU7+GX7+HA7)<>0,GY7/(GV7+GY7+HB7),NA()) -> 0.32729973 | HA7: =$I$40 -> 0 | HB7: =HB6+HA7 -> 0.012687996 | HC7: =IF((GU7+GX7+HA7)<>0,HB7/(GV7+GY7+HB7),NA()) -> 0.0066171386 | HE7: 8:30 | HF7: =$I$41 -> 0.5520199 | HG7: =HG6+HF7 -> 2.0235583 | HH7: =IF((HF7+HI7+HL7)<>0,HG7/(HG7+HJ7+HM7),NA()) -> 0.53554083 | HI7: =$I$42 -> 0.28160134 | HJ7: =HJ6+HI7 -> 1.7490529 | HK7: =IF((HF7+HI7+HL7)<>0,HJ7/(HG7+HJ7+HM7),NA()) -> 0.46289215 | HL7: =$I$43 -> 0 | HM7: =HM6+HL7 -> 0.0059210351 | HN7: =IF((HF7+HI7+HL7)<>0,HM7/(HG7+HJ7+HM7),NA()) -> 0.0015670199 | HP7: 8:30 | HQ7: =$I$44 -> 0.41491514 | HR7: =HR6+HQ7 -> 2.175968 | HS7: =IF((HQ7+HT7+HW7)<>0,HR7/(HR7+HU7+HX7),NA()) -> 0.543992 | HT7: =$I$45 -> 0.58508486 | HU7: =HU6+HT7 -> 1.7939907 | HV7: =IF((HQ7+HT7+HW7)<>0,HU7/(HR7+HU7+HX7),NA()) -> 0.44849767 | HW7: =$I$46 -> 0 | HX7: =HX6+HW7 -> 0.030041308 | HY7: =IF((HQ7+HT7+HW7)<>0,HX7/(HR7+HU7+HX7),NA()) -> 0.007510327 | IA7: 8:30 | IB7: =$I$47 -> 0.23910686 | IC7: =IC6+IB7 -> 1.0607309 | ID7: =IF((IB7+IE7+IH7)<>0,IC7/(IC7+IF7+II7),NA()) -> 0.34044129 | IE7: =$I$48 -> 0.52852184 | IF7: =IF6+IE7 -> 1.9929195 | IG7: =IF((IB7+IE7+IH7)<>0,IF7/(IC7+IF7+II7),NA()) -> 0.63962698 | IH7: =$I$49 -> 0.023848761 | II7: =II6+IH7 -> 0.062102323 | IJ7: =IF((IB7+IE7+IH7)<>0,II7/(IC7+IF7+II7),NA()) -> 0.019931724 | IL7: 8:30 | IM7: =$I$50 -> 0.27029599 | IN7: =IN6+IM7 -> 1.3370648 | IO7: =IF((IM7+IP7+IS7)<>0,IN7/(IN7+IQ7+IT7),NA()) -> 0.33426621 | IP7: =$I$51 -> 0.72714752 | IQ7: =IQ6+IP7 -> 2.6527092 | IR7: =IF((IM7+IP7+IS7)<>0,IQ7/(IN7+IQ7+IT7),NA()) -> 0.6631773 | IS7: =$I$52 -> 0.0025564962 | IT7: =IT6+IS7 -> 0.010225985 | IU7: =IF((IM7+IP7+IS7)<>0,IT7/(IN7+IQ7+IT7),NA()) -> 0.0025564962 | IW7: 8:30 | IX7: =$I$53 -> 0.29753189 | IY7: =IY6+IX7 -> 1.9298697 | IZ7: =IF((IX7+JA7+JD7)<>0,IY7/(IY7+JB7+JE7),NA()) -> 0.60859705 | JA7: =$I$54 -> 0.29087326 | JB7: =JB6+JA7 -> 1.1113978 | JC7: =IF((IX7+JA7+JD7)<>0,JB7/(IY7+JB7+JE7),NA()) -> 0.35048658 | JD7: =$I$55 -> 0.0089541642 | JE7: =JE6+JD7 -> 0.12974637 | JF7: =IF((IX7+JA7+JD7)<>0,JE7/(IY7+JB7+JE7),NA()) -> 0.040916367 | JH7: 8:30 | JI7: =$I$56 -> 0.87516063 | JJ7: =JJ6+JI7 -> 2.7638366 | JK7: =IF((JI7+JL7+JO7)<>0,JJ7/(JJ7+JM7+JP7),NA()) -> 0.80139852 | JL7: =$I$57 -> 0.12483937 | JM7: =JM6+JL7 -> 0.6749443 | JN7: =IF((JI7+JL7+JO7)<>0,JM7/(JJ7+JM7+JP7),NA()) -> 0.19570599 | JO7: =$I$58 -> 0 | JP7: =JP6+JO7 -> 0.0099858996 | JQ7: =IF((JI7+JL7+JO7)<>0,JP7/(JJ7+JM7+JP7),NA()) -> 0.0028954986 | JS7: 8:30 | JT7: =$I$59 -> 0.47869024 | JU7: =JU6+JT7 -> 2.0927672 | JV7: =IF((JT7+JW7+JZ7)<>0,JU7/(JU7+JX7+KA7),NA()) -> 0.5854722 | JW7: =$I$60 -> 0.3994696 | JX7: =JX6+JW7 -> 1.4081139 | JY7: =IF((JT7+JW7+JZ7)<>0,JX7/(JU7+JX7+KA7),NA()) -> 0.39393371 | JZ7: =$I$61 -> 0.035660186 | KA7: =KA6+JZ7 -> 0.073613461 | KB7: =IF((JT7+JW7+JZ7)<>0,KA7/(JU7+JX7+KA7),NA()) -> 0.020594089 | KD7: 8:30 | KE7: =$I$62 -> 0.20404454 | KF7: =KF6+KE7 -> 1.104037 | KG7: =IF((KE7+KH7+KK7)<>0,KF7/(KF7+KI7+KL7),NA()) -> 0.30464353 | KH7: =$I$63 -> 0.66747446 | KI7: =KI6+KH7 -> 2.4486236 | KJ7: =IF((KE7+KH7+KK7)<>0,KI7/(KF7+KI7+KL7),NA()) -> 0.67566332 | KK7: =$I$64 -> 0.013390631 | KL7: =KL6+KK7 -> 0.071368532 | KM7: =IF((KE7+KH7+KK7)<>0,KL7/(KF7+KI7+KL7),NA()) -> 0.019693145 | KO7: 8:30 | KP7: =$I$65 -> 0 | KQ7: =KQ6+KP7 -> 1.9822176 | KR7: =IF((KP7+KS7+KV7)<>0,KQ7/(KQ7+KT7+KW7),NA()) -> #N/A | KS7: =$I$66 -> 0 | KT7: =KT6+KS7 -> 0.87784636 | KU7: =IF((KP7+KS7+KV7)<>0,KT7/(KQ7+KT7+KW7),NA()) -> #N/A | KV7: =$I$67 -> 0 | KW7: =KW6+KV7 -> 0.010815991 | KX7: =IF((KP7+KS7+KV7)<>0,KW7/(KQ7+KT7+KW7),NA()) -> #N/A | KZ7: 8:30 | LA7: =$I$68 -> 0.38994716 | LB7: =LB6+LA7 -> 1.7282089 | LC7: =IF((LA7+LD7+LG7)<>0,LB7/(LB7+LE7+LH7),NA()) -> 0.57979552 | LD7: =$I$69 -> 0.34806985 | LE7: =LE6+LD7 -> 1.2525125 | LF7: =IF((LA7+LD7+LG7)<>0,LE7/(LB7+LE7+LH7),NA()) -> 0.42020448 | LG7: =$I$70 -> 0 | LH7: =LH6+LG7 -> 0 | LI7: =IF((LA7+LD7+LG7)<>0,LH7/(LB7+LE7+LH7),NA()) -> 0 | LK7: 8:30 | LL7: =$I$71 -> 0.70619241 | LM7: =LM6+LL7 -> 2.2736031 | LN7: =IF((LL7+LO7+LR7)<>0,LM7/(LM7+LP7+LS7),NA()) -> 0.6597003 | LO7: =$I$72 -> 0.13342797 | LP7: =LP6+LO7 -> 1.1633809 | LQ7: =IF((LL7+LO7+LR7)<>0,LP7/(LM7+LP7+LS7),NA()) -> 0.33756234 | LR7: =$I$73 -> 0 | LS7: =LS6+LR7 -> 0.0094340948 | LT7: =IF((LL7+LO7+LR7)<>0,LS7/(LM7+LP7+LS7),NA()) -> 0.0027373622 | LV7: 8:30 | LW7: =$I$74 -> 0.40124016 | LX7: =LX6+LW7 -> 1.9628322 | LY7: =IF((LW7+LZ7+MC7)<>0,LX7/(LX7+MA7+MD7),NA()) -> 0.51040383 | LZ7: =$I$75 -> 0.59433275 | MA7: =MA6+LZ7 -> 1.859878 | MB7: =IF((LW7+LZ7+MC7)<>0,MA7/(LX7+MA7+MD7),NA()) -> 0.48363219 | MC7: =$I$76 -> 0.0044270931 | MD7: =MD6+MC7 -> 0.022935363 | ME7: =IF((LW7+LZ7+MC7)<>0,MD7/(LX7+MA7+MD7),NA()) -> 0.0059639826
B8: =E8/SUM($E$8:$E$10) -> 0.64587418 | C8: Chavez | E8: =CORE!E19 -> 0.64587418 | F8: =CORE!F19 -> 0.61948413 | G8: =CORE!G19 -> 0.59614116 | H8: =CORE!H19 -> 0.63532183 | I8: =CORE!I19 -> 0.61104209 | J8: =CORE!J19 -> 0.61509243 | K8: =CORE!K19 -> 0.5946978 | L8: =CORE!L19 -> 0.65421346 | ... Y8: =CORE!Y19 -> 0 | AQ8: 5.3530205 | AR8: =AU8/SUM($AU8:$AU10) -> 0.64587418 | AS8: Chavez | AU8: =IF((E8+E9+E10)=0,1,E8/(E8+E9+E10)*$AQ8) -> 3.4573777 | AV8: =IF((F8+F9+F10)=0,0,F8/(F8+F9+F10)*$AQ8) -> 3.3161113 | AW8: =IF((G8+G9+G10)=0,0,G8/(G8+G9+G10)*$AQ8) -> 3.8535642 | AX8: =IF((H8+H9+H10)=0,0,H8/(H8+H9+H10)*$AQ8) -> 3.6341901 | AY8: =IF((I8+I9+I10)=0,0,I8/(I8+I9+I10)*$AQ8) -> 3.2709209 | AZ8: =IF((J8+J9+J10)=0,0,J8/(J8+J9+J10)*$AQ8) -> 3.2926024 | BA8: =IF((K8+K9+K10)=0,0,K8/(K8+K9+K10)*$AQ8) -> 3.4018111 | BB8: =IF((L8+L9+L10)=0,0,L8/(L8+L9+L10)*$AQ8) -> 3.6473087 | BC8: =IF((M8+M9+M10)=0,0,M8/(M8+M9+M10)*$AQ8) -> 3.7529312 | ... BO8: =IF((Y8+Y9+Y10)=0,0,Y8/(Y8+Y9+Y10)*$AQ8) -> 0 | BP8: 5 | BQ8: 9:30 | BR8: 10:00 | BS8: =AZ2 -> 51.277845 | BT8: =BT7+BS8 -> 257.52759 | BU8: =IF((BS8+BV8+BY8)<>0,BT8/(BT8+BW8+BZ8),NA()) -> 0.52024328 | BV8: =AZ3 -> 46.940579 | BW8: =BW7+BV8 -> 230.44766 | BX8: =IF((BS8+BV8+BY8)<>0,BW8/(BT8+BW8+BZ8),NA()) -> 0.46553788 | BY8: =AZ4 -> 1.7815761 | BZ8: =BZ7+BY8 -> 7.0385219 | CA8: =IF((BS8+BV8+BY8)<>0,BZ8/(BT8+BW8+BZ8),NA()) -> 0.014218841 | CC8: 9:00 | CD8: =$J$5 -> 0.51428571 | CE8: =CE7+CD8 -> 2.0386374 | CF8: =IF((CD8+CG8+CJ8)<>0,CE8/(CE8+CH8+CK8),NA()) -> 0.50965935 | CG8: =$J$6 -> 0.45714286 | CH8: =CH7+CG8 -> 1.9327912 | CI8: =IF((CD8+CG8+CJ8)<>0,CH8/(CE8+CH8+CK8),NA()) -> 0.4831978 | CJ8: =$J$7 -> 0.028571429 | CK8: =CK7+CJ8 -> 0.028571429 | CL8: =IF((CD8+CG8+CJ8)<>0,CK8/(CE8+CH8+CK8),NA()) -> 0.0071428571 | CN8: 9:00 | CO8: =$J$8 -> 0.61509243 | CP8: =CP7+CO8 -> 3.0770816 | CQ8: =IF((CO8+CR8+CU8)<>0,CP8/(CP8+CS8+CV8),NA()) -> 0.64591524 | CR8: =$J$9 -> 0.378488 | CS8: =CS7+CR8 -> 1.6532439 | CT8: =IF((CO8+CR8+CU8)<>0,CS8/(CP8+CS8+CV8),NA()) -> 0.34703512 | CU8: =$J$10 -> 0.006419569 | CV8: =CV7+CU8 -> 0.033583827 | CW8: =IF((CO8+CR8+CU8)<>0,CV8/(CP8+CS8+CV8),NA()) -> 0.0070496361 | CY8: 9:00 | CZ8: =$J$11 -> 0.51228568 | DA8: =DA7+CZ8 -> 2.8357156 | DB8: =IF((CZ8+DC8+DF8)<>0,DA8/(DA8+DD8+DG8),NA()) -> 0.60546271 | DC8: =$J$12 -> 0.47500848 | DD8: =DD7+DC8 -> 1.7435468 | DE8: =IF((CZ8+DC8+DF8)<>0,DD8/(DA8+DD8+DG8),NA()) -> 0.37227026 | DF8: =$J$13 -> 0.012705838 | DG8: =DG7+DF8 -> 0.10428878 | DH8: =IF((CZ8+DC8+DF8)<>0,DG8/(DA8+DD8+DG8),NA()) -> 0.022267031 | DJ8: 9:00 | DK8: =$J$14 -> 0.51980541 | DL8: =DL7+DK8 -> 2.4647283 | DM8: =IF((DK8+DN8+DQ8)<>0,DL8/(DL8+DO8+DR8),NA()) -> 0.52634796 | DN8: =$J$15 -> 0.39104299 | DO8: =DO7+DN8 -> 2.1310008 | DP8: =IF((DK8+DN8+DQ8)<>0,DO8/(DL8+DO8+DR8),NA()) -> 0.45507976 | DQ8: =$J$16 -> 0.0068137206 | DR8: =DR7+DQ8 -> 0.086968397 | DS8: =IF((DK8+DN8+DQ8)<>0,DR8/(DL8+DO8+DR8),NA()) -> 0.018572286 | DU8: 9:00 | DV8: =$J$17 -> 0.35839494 | DW8: =DW7+DV8 -> 1.7987167 | DX8: =IF((DV8+DY8+EB8)<>0,DW8/(DW8+DZ8+EC8),NA()) -> 0.39693172 | DY8: =$J$18 -> 0.54791544 | DZ8: =DZ7+DY8 -> 2.7154029 | EA8: =IF((DV8+DY8+EB8)<>0,DZ8/(DW8+DZ8+EC8),NA()) -> 0.59922141 | EB8: =$J$19 -> 0 | EC8: =EC7+EB8 -> 0.01743228 | ED8: =IF((DV8+DY8+EB8)<>0,EC8/(DW8+DZ8+EC8),NA()) -> 0.0038468675 | EF8: 9:00 | EG8: =$J$20 -> 0.50288543 | EH8: =EH7+EG8 -> 2.7061821 | EI8: =IF((EG8+EJ8+EM8)<>0,EH8/(EH8+EK8+EN8),NA()) -> 0.56133502 | EJ8: =$J$21 -> 0.39741106 | EK8: =EK7+EJ8 -> 2.0916971 | EL8: =IF((EG8+EJ8+EM8)<>0,EK8/(EH8+EK8+EN8),NA()) -> 0.4338743 | EM8: =$J$22 -> 0.010190979 | EN8: =EN7+EM8 -> 0.023095713 | EO8: =IF((EG8+EJ8+EM8)<>0,EN8/(EH8+EK8+EN8),NA()) -> 0.0047906727 | EQ8: 9:00 | ER8: =$J$23 -> 0.59712725 | ES8: =ES7+ER8 -> 2.0432717 | ET8: =IF((ER8+EU8+EX8)<>0,ES8/(ES8+EV8+EY8),NA()) -> 0.55128964 | EU8: =$J$24 -> 0.32136012 | EV8: =EV7+EU8 -> 1.5911246 | EW8: =IF((ER8+EU8+EX8)<>0,EV8/(ES8+EV8+EY8),NA()) -> 0.42929705 | EX8: =$J$25 -> 0.014692985 | EY8: =EY7+EX8 -> 0.071952472 | EZ8: =IF((ER8+EU8+EX8)<>0,EY8/(ES8+EV8+EY8),NA()) -> 0.019413303 | FB8: 9:00 | FC8: =$J$26 -> 0.20656196 | FD8: =FD7+FC8 -> 1.6734505 | FE8: =IF((FC8+FF8+FI8)<>0,FD8/(FD8+FG8+FJ8),NA()) -> 0.41261072 | FF8: =$J$27 -> 0.32131861 | FG8: =FG7+FF8 -> 2.3559166 | FH8: =IF((FC8+FF8+FI8)<>0,FG8/(FD8+FG8+FJ8),NA()) -> 0.58088149 | FI8: =$J$28 -> 0 | FJ8: =FJ7+FI8 -> 0.026394028 | FK8: =IF((FC8+FF8+FI8)<>0,FJ8/(FD8+FG8+FJ8),NA()) -> 0.0065077867 | FM8: 9:00 | FN8: =$J$29 -> 0.525 | FO8: =FO7+FN8 -> 0.825 | FP8: =IF((FN8+FQ8+FT8)<>0,FO8/(FO8+FR8+FU8),NA()) -> 0.4125 | FQ8: =$J$30 -> 0.45 | FR8: =FR7+FQ8 -> 1.05 | FS8: =IF((FN8+FQ8+FT8)<>0,FR8/(FO8+FR8+FU8),NA()) -> 0.525 | FT8: =$J$31 -> 0.025 | FU8: =FU7+FT8 -> 0.125 | FV8: =IF((FN8+FQ8+FT8)<>0,FU8/(FO8+FR8+FU8),NA()) -> 0.0625 | FX8: 9:00 | FY8: =$J$32 -> 0.25262876 | FZ8: =FZ7+FY8 -> 1.6291079 | GA8: =IF((FY8+GB8+GE8)<>0,FZ8/(FZ8+GC8+GF8),NA()) -> 0.41669641 | GB8: =$J$33 -> 0.49420514 | GC8: =GC7+GB8 -> 2.1341809 | GD8: =IF((FY8+GB8+GE8)<>0,GC8/(FZ8+GC8+GF8),NA()) -> 0.54588498 | GE8: =$J$34 -> 0.036450128 | GF8: =GF7+GE8 -> 0.14629104 | GG8: =IF((FY8+GB8+GE8)<>0,GF8/(FZ8+GC8+GF8),NA()) -> 0.03741861 | GI8: 9:00 | GJ8: =$J$35 -> 0.53424237 | GK8: =GK7+GJ8 -> 3.2591337 | GL8: =IF((GJ8+GM8+GP8)<>0,GK8/(GK8+GN8+GQ8),NA()) -> 0.76039278 | GM8: =$J$36 -> 0.36022623 | GN8: =GN7+GM8 -> 0.99829915 | GO8: =IF((GJ8+GM8+GP8)<>0,GN8/(GK8+GN8+GQ8),NA()) -> 0.23291449 | GP8: =$J$37 -> 0.004439641 | GQ8: =GQ7+GP8 -> 0.028685844 | GR8: =IF((GJ8+GM8+GP8)<>0,GQ8/(GK8+GN8+GQ8),NA()) -> 0.0066927322 | GT8: 9:00 | GU8: =$J$38 -> 0.65209039 | GV8: =GV7+GU8 -> 1.9292678 | GW8: =IF((GU8+GX8+HA8)<>0,GV8/(GV8+GY8+HB8),NA()) -> 0.6612869 | GX8: =$J$39 -> 0.34790961 | GY8: =GY7+GX8 -> 0.97548868 | GZ8: =IF((GU8+GX8+HA8)<>0,GY8/(GV8+GY8+HB8),NA()) -> 0.33436409 | HA8: =$J$40 -> 0 | HB8: =HB7+HA8 -> 0.012687996 | HC8: =IF((GU8+GX8+HA8)<>0,HB8/(GV8+GY8+HB8),NA()) -> 0.0043490102 | HE8: 9:00 | HF8: =$J$41 -> 0.55256086 | HG8: =HG7+HF8 -> 2.5761191 | HH8: =IF((HF8+HI8+HL8)<>0,HG8/(HG8+HJ8+HM8),NA()) -> 0.5391026 | HI8: =$J$42 -> 0.42962137 | HJ8: =HJ7+HI8 -> 2.1786743 | HK8: =IF((HF8+HI8+HL8)<>0,HJ8/(HG8+HJ8+HM8),NA()) -> 0.4559296 | HL8: =$J$43 -> 0.017817766 | HM8: =HM7+HL8 -> 0.023738801 | HN8: =IF((HF8+HI8+HL8)<>0,HM8/(HG8+HJ8+HM8),NA()) -> 0.0049678018 | HP8: 9:00 | HQ8: =$J$44 -> 0.50839486 | HR8: =HR7+HQ8 -> 2.6843629 | HS8: =IF((HQ8+HT8+HW8)<>0,HR8/(HR8+HU8+HX8),NA()) -> 0.53687257 | HT8: =$J$45 -> 0.47520358 | HU8: =HU7+HT8 -> 2.2691943 | HV8: =IF((HQ8+HT8+HW8)<>0,HU8/(HR8+HU8+HX8),NA()) -> 0.45383885 | HW8: =$J$46 -> 0.016401562 | HX8: =HX7+HW8 -> 0.04644287 | HY8: =IF((HQ8+HT8+HW8)<>0,HX8/(HR8+HU8+HX8),NA()) -> 0.0092885739 | IA8: 9:00 | IB8: =$J$47 -> 0.25234592 | IC8: =IC7+IB8 -> 1.3130768 | ID8: =IF((IB8+IE8+IH8)<>0,IC8/(IC8+IF8+II8),NA()) -> 0.3448938 | IE8: =$J$48 -> 0.41333795 | IF8: =IF7+IE8 -> 2.4062575 | IG8: =IF((IB8+IE8+IH8)<>0,IF8/(IC8+IF8+II8),NA()) -> 0.6320295 | IH8: =$J$49 -> 0.025755118 | II8: =II7+IH8 -> 0.087857441 | IJ8: =IF((IB8+IE8+IH8)<>0,II8/(IC8+IF8+II8),NA()) -> 0.023076705 | IL8: 9:00 | IM8: =$J$50 -> 0.4317919 | IN8: =IN7+IM8 -> 1.7688567 | IO8: =IF((IM8+IP8+IS8)<>0,IN8/(IN8+IQ8+IT8),NA()) -> 0.35377135 | IP8: =$J$51 -> 0.55054816 | IQ8: =IQ7+IP8 -> 3.2032574 | IR8: =IF((IM8+IP8+IS8)<>0,IQ8/(IN8+IQ8+IT8),NA()) -> 0.64065147 | IS8: =$J$52 -> 0.017659936 | IT8: =IT7+IS8 -> 0.027885921 | IU8: =IF((IM8+IP8+IS8)<>0,IT8/(IN8+IQ8+IT8),NA()) -> 0.0055771841 | IW8: 9:00 | IX8: =$J$53 -> 0.29463693 | IY8: =IY7+IX8 -> 2.2245067 | IZ8: =IF((IX8+JA8+JD8)<>0,IY8/(IY8+JB8+JE8),NA()) -> 0.59030954 | JA8: =$J$54 -> 0.30272238 | JB8: =JB7+JA8 -> 1.4141202 | JC8: =IF((IX8+JA8+JD8)<>0,JB8/(IY8+JB8+JE8),NA()) -> 0.37526013 | JD8: =$J$55 -> 0 | JE8: =JE7+JD8 -> 0.12974637 | JF8: =IF((IX8+JA8+JD8)<>0,JE8/(IY8+JB8+JE8),NA()) -> 0.034430339 | JH8: 9:00 | JI8: =$J$56 -> 0.69323815 | JJ8: =JJ7+JI8 -> 3.4570747 | JK8: =IF((JI8+JL8+JO8)<>0,JJ8/(JJ8+JM8+JP8),NA()) -> 0.77708608 | JL8: =$J$57 -> 0.30166685 | JM8: =JM7+JL8 -> 0.97661115 | JN8: =IF((JI8+JL8+JO8)<>0,JM8/(JJ8+JM8+JP8),NA()) -> 0.21952402 | JO8: =$J$58 -> 0.0050950091 | JP8: =JP7+JO8 -> 0.015080909 | JQ8: =IF((JI8+JL8+JO8)<>0,JP8/(JJ8+JM8+JP8),NA()) -> 0.0033899077 | JS8: 9:00 | JT8: =$J$59 -> 0.32094167 | JU8: =JU7+JT8 -> 2.4137089 | JV8: =IF((JT8+JW8+JZ8)<>0,JU8/(JU8+JX8+KA8),NA()) -> 0.58736322 | JW8: =$J$60 -> 0.19867818 | JX8: =JX7+JW8 -> 1.6067921 | JY8: =IF((JT8+JW8+JZ8)<>0,JX8/(JU8+JX8+KA8),NA()) -> 0.39100432 | JZ8: =$J$61 -> 0.015282937 | KA8: =KA7+JZ8 -> 0.088896398 | KB8: =IF((JT8+JW8+JZ8)<>0,KA8/(JU8+JX8+KA8),NA()) -> 0.021632466 | KD8: 9:00 | KE8: =$J$62 -> 0.2744531 | KF8: =KF7+KE8 -> 1.3784901 | KG8: =IF((KE8+KH8+KK8)<>0,KF8/(KF8+KI8+KL8),NA()) -> 0.3104813 | KH8: =$J$63 -> 0.48998503 | KI8: =KI7+KH8 -> 2.9386086 | KJ8: =IF((KE8+KH8+KK8)<>0,KI8/(KF8+KI8+KL8),NA()) -> 0.66187126 | KK8: =$J$64 -> 0.051381937 | KL8: =KL7+KK8 -> 0.12275047 | KM8: =IF((KE8+KH8+KK8)<>0,KL8/(KF8+KI8+KL8),NA()) -> 0.027647441 | KO8: 9:00 | KP8: =$J$65 -> 0.39444037 | KQ8: =KQ7+KP8 -> 2.376658 | KR8: =IF((KP8+KS8+KV8)<>0,KQ8/(KQ8+KT8+KW8),NA()) -> 0.67704123 | KS8: =$J$66 -> 0.23353161 | KT8: =KT7+KS8 -> 1.111378 | KU8: =IF((KP8+KS8+KV8)<>0,KT8/(KQ8+KT8+KW8),NA()) -> 0.31659949 | KV8: =$J$67 -> 0.011507369 | KW8: =KW7+KV8 -> 0.02232336 | KX8: =IF((KP8+KS8+KV8)<>0,KW8/(KQ8+KT8+KW8),NA()) -> 0.0063592807 | KZ8: 9:00 | LA8: =$J$68 -> 0.63496077 | LB8: =LB7+LA8 -> 2.3631696 | LC8: =IF((LA8+LD8+LG8)<>0,LB8/(LB8+LE8+LH8),NA()) -> 0.59365362 | LD8: =$J$69 -> 0.36503923 | LE8: =LE7+LD8 -> 1.6175517 | LF8: =IF((LA8+LD8+LG8)<>0,LE8/(LB8+LE8+LH8),NA()) -> 0.40634638 | LG8: =$J$70 -> 0 | LH8: =LH7+LG8 -> 0 | LI8: =IF((LA8+LD8+LG8)<>0,LH8/(LB8+LE8+LH8),NA()) -> 0 | LK8: 9:00 | LL8: =$J$71 -> 0.61585166 | LM8: =LM7+LL8 -> 2.8894547 | LN8: =IF((LL8+LO8+LR8)<>0,LM8/(LM8+LP8+LS8),NA()) -> 0.64983874 | LO8: =$J$72 -> 0.37494012 | LP8: =LP7+LO8 -> 1.5383211 | LQ8: =IF((LL8+LO8+LR8)<>0,LP8/(LM8+LP8+LS8),NA()) -> 0.3459686 | LR8: =$J$73 -> 0.0092082284 | LS8: =LS7+LR8 -> 0.018642323 | LT8: =IF((LL8+LO8+LR8)<>0,LS8/(LM8+LP8+LS8),NA()) -> 0.0041926609 | LV8: 9:00 | LW8: =$J$74 -> 0.51474006 | LX8: =LX7+LW8 -> 2.4775723 | LY8: =IF((LW8+LZ8+MC8)<>0,LX8/(LX8+MA8+MD8),NA()) -> 0.51348319 | LZ8: =$J$75 -> 0.46464535 | MA8: =MA7+LZ8 -> 2.3245233 | MB8: =IF((LW8+LZ8+MC8)<>0,MA8/(LX8+MA8+MD8),NA()) -> 0.4817634 | MC8: =$J$76 -> 0 | MD8: =MD7+MC8 -> 0.022935363 | ME8: =IF((LW8+LZ8+MC8)<>0,MD8/(LX8+MA8+MD8),NA()) -> 0.0047534126
B9: =E9/SUM($E$8:$E$10) -> 0.34507589 | C9: Capriles | D9: ANZOATEGUI | E9: =CORE!E20 -> 0.34507589 | F9: =CORE!F20 -> 0.37110951 | G9: =CORE!G20 -> 0.22858934 | H9: =CORE!H20 -> 0.28609911 | I9: =CORE!I20 -> 0.38895791 | J9: =CORE!J20 -> 0.378488 | K9: =CORE!K20 -> 0.33712301 | L9: =CORE!L20 -> 0.29648758 | ... Y9: =CORE!Y20 -> 0 | AQ9: 5.3530205 | AR9: =AU9/SUM($AU8:$AU10) -> 0.34507589 | AS9: Capriles | AT9: ANZOATEGUI | AU9: =IF((E8+E9+E10)=0,1,E9/(E8+E9+E10)*$AQ9) -> 1.8471983 | AV9: =IF((F8+F9+F10)=0,0,F9/(F8+F9+F10)*$AQ9) -> 1.9865568 | AW9: =IF((G8+G9+G10)=0,0,G9/(G8+G9+G10)*$AQ9) -> 1.4776428 | AX9: =IF((H8+H9+H10)=0,0,H9/(H8+H9+H10)*$AQ9) -> 1.6365541 | AY9: =IF((I8+I9+I10)=0,0,I9/(I8+I9+I10)*$AQ9) -> 2.0820997 | AZ9: =IF((J8+J9+J10)=0,0,J9/(J8+J9+J10)*$AQ9) -> 2.0260541 | BA9: =IF((K8+K9+K10)=0,0,K9/(K8+K9+K10)*$AQ9) -> 1.9284228 | BB9: =IF((L8+L9+L10)=0,0,L9/(L8+L9+L10)*$AQ9) -> 1.6529494 | BC9: =IF((M8+M9+M10)=0,0,M9/(M8+M9+M10)*$AQ9) -> 1.4581372 | ... BO9: =IF((Y8+Y9+Y10)=0,0,Y9/(Y8+Y9+Y10)*$AQ9) -> 0 | BP9: 6 | BQ9: 10:00 | BR9: 10:30 | BS9: =BA2 -> 48.511776 | BT9: =BT8+BS9 -> 306.03936 | BU9: =IF((BS9+BV9+BY9)<>0,BT9/(BT9+BW9+BZ9),NA()) -> 0.51433997 | BV9: =BA3 -> 50.04803 | BW9: =BW8+BV9 -> 280.49569 | BX9: =IF((BS9+BV9+BY9)<>0,BW9/(BT9+BW9+BZ9),NA()) -> 0.47141042 | BY9: =BA4 -> 1.4401939 | BZ9: =BZ8+BY9 -> 8.4787158 | CA9: =IF((BS9+BV9+BY9)<>0,BZ9/(BT9+BW9+BZ9),NA()) -> 0.014249613 | CC9: 9:30 | CD9: =$K$5 -> 1 | CE9: =CE8+CD9 -> 3.0386374 | CF9: =IF((CD9+CG9+CJ9)<>0,CE9/(CE9+CH9+CK9),NA()) -> 0.60772748 | CG9: =$K$6 -> 0 | CH9: =CH8+CG9 -> 1.9327912 | CI9: =IF((CD9+CG9+CJ9)<>0,CH9/(CE9+CH9+CK9),NA()) -> 0.38655824 | CJ9: =$K$7 -> 0 | CK9: =CK8+CJ9 -> 0.028571429 | CL9: =IF((CD9+CG9+CJ9)<>0,CK9/(CE9+CH9+CK9),NA()) -> 0.0057142857 | CN9: 9:30 | CO9: =$K$8 -> 0.5946978 | CP9: =CP8+CO9 -> 3.6717794 | CQ9: =IF((CO9+CR9+CU9)<>0,CP9/(CP9+CS9+CV9),NA()) -> 0.64420419 | CR9: =$K$9 -> 0.33712301 | CS9: =CS8+CR9 -> 1.9903669 | CT9: =IF((CO9+CR9+CU9)<>0,CS9/(CP9+CS9+CV9),NA()) -> 0.34920471 | CU9: =$K$10 -> 0.003983502 | CV9: =CV8+CU9 -> 0.037567329 | CW9: =IF((CO9+CR9+CU9)<>0,CV9/(CP9+CS9+CV9),NA()) -> 0.0065910906 | CY9: 9:30 | CZ9: =$K$11 -> 0.62486802 | DA9: =DA8+CZ9 -> 3.4605836 | DB9: =IF((CZ9+DC9+DF9)<>0,DA9/(DA9+DD9+DG9),NA()) -> 0.608877 | DC9: =$K$12 -> 0.37513198 | DD9: =DD8+DC9 -> 2.1186788 | DE9: =IF((CZ9+DC9+DF9)<>0,DD9/(DA9+DD9+DG9),NA()) -> 0.37277377 | DF9: =$K$13 -> 0 | DG9: =DG8+DF9 -> 0.10428878 | DH9: =IF((CZ9+DC9+DF9)<>0,DG9/(DA9+DD9+DG9),NA()) -> 0.018349228 | DJ9: 9:30 | DK9: =$K$14 -> 0.40500783 | DL9: =DL8+DK9 -> 2.8697361 | DM9: =IF((DK9+DN9+DQ9)<>0,DL9/(DL9+DO9+DR9),NA()) -> 0.51036996 | DN9: =$K$15 -> 0.52876398 | DO9: =DO8+DN9 -> 2.6597648 | DP9: =IF((DK9+DN9+DQ9)<>0,DO9/(DL9+DO9+DR9),NA()) -> 0.4730275 | DQ9: =$K$16 -> 0.0063852719 | DR9: =DR8+DQ9 -> 0.093353668 | DS9: =IF((DK9+DN9+DQ9)<>0,DR9/(DL9+DO9+DR9),NA()) -> 0.01660254 | DU9: 9:30 | DV9: =$K$17 -> 0.21530484 | DW9: =DW8+DV9 -> 2.0140215 | DX9: =IF((DV9+DY9+EB9)<>0,DW9/(DW9+DZ9+EC9),NA()) -> 0.37893599 | DY9: =$K$18 -> 0.5474826 | DZ9: =DZ8+DY9 -> 3.2628855 | EA9: =IF((DV9+DY9+EB9)<>0,DZ9/(DW9+DZ9+EC9),NA()) -> 0.61390841 | EB9: =$K$19 -> 0.020599271 | EC9: =EC8+EB9 -> 0.03803155 | ED9: =IF((DV9+DY9+EB9)<>0,EC9/(DW9+DZ9+EC9),NA()) -> 0.0071555954 | EF9: 9:30 | EG9: =$K$20 -> 0.58723368 | EH9: =EH8+EG9 -> 3.2934158 | EI9: =IF((EG9+EJ9+EM9)<>0,EH9/(EH9+EK9+EN9),NA()) -> 0.56578422 | EJ9: =$K$21 -> 0.40398053 | EK9: =EK8+EJ9 -> 2.4956777 | EL9: =IF((EG9+EJ9+EM9)<>0,EK9/(EH9+EK9+EN9),NA()) -> 0.42873878 | EM9: =$K$22 -> 0.0087857934 | EN9: =EN8+EM9 -> 0.031881507 | EO9: =IF((EG9+EJ9+EM9)<>0,EN9/(EH9+EK9+EN9),NA()) -> 0.0054770046 | EQ9: 9:30 | ER9: =$K$23 -> 0.44463613 | ES9: =ES8+ER9 -> 2.4879078 | ET9: =IF((ER9+EU9+EX9)<>0,ES9/(ES9+EV9+EY9),NA()) -> 0.53928763 | EU9: =$K$24 -> 0.43973302 | EV9: =EV8+EU9 -> 2.0308576 | EW9: =IF((ER9+EU9+EX9)<>0,EV9/(ES9+EV9+EY9),NA()) -> 0.44021583 | EX9: =$K$25 -> 0.022604698 | EY9: =EY8+EX9 -> 0.09455717 | EZ9: =IF((ER9+EU9+EX9)<>0,EY9/(ES9+EV9+EY9),NA()) -> 0.020496544 | FB9: 9:30 | FC9: =$K$26 -> 0.6183602 | FD9: =FD8+FC9 -> 2.2918107 | FE9: =IF((FC9+FF9+FI9)<>0,FD9/(FD9+FG9+FJ9),NA()) -> 0.45330677 | FF9: =$K$27 -> 0.3816398 | FG9: =FG8+FF9 -> 2.7375564 | FH9: =IF((FC9+FF9+FI9)<>0,FG9/(FD9+FG9+FJ9),NA()) -> 0.54147265 | FI9: =$K$28 -> 0 | FJ9: =FJ8+FI9 -> 0.026394028 | FK9: =IF((FC9+FF9+FI9)<>0,FJ9/(FD9+FG9+FJ9),NA()) -> 0.0052205845 | FM9: 9:30 | FN9: =$K$29 -> 0.5 | FO9: =FO8+FN9 -> 1.325 | FP9: =IF((FN9+FQ9+FT9)<>0,FO9/(FO9+FR9+FU9),NA()) -> 0.44166667 | FQ9: =$K$30 -> 0.5 | FR9: =FR8+FQ9 -> 1.55 | FS9: =IF((FN9+FQ9+FT9)<>0,FR9/(FO9+FR9+FU9),NA()) -> 0.51666667 | FT9: =$K$31 -> 0 | FU9: =FU8+FT9 -> 0.125 | FV9: =IF((FN9+FQ9+FT9)<>0,FU9/(FO9+FR9+FU9),NA()) -> 0.041666667 | FX9: 9:30 | FY9: =$K$32 -> 0.25290785 | FZ9: =FZ8+FY9 -> 1.8820157 | GA9: =IF((FY9+GB9+GE9)<>0,FZ9/(FZ9+GC9+GF9),NA()) -> 0.40025032 | GB9: =$K$33 -> 0.51977584 | GC9: =GC8+GB9 -> 2.6539567 | GD9: =IF((FY9+GB9+GE9)<>0,GC9/(FZ9+GC9+GF9),NA()) -> 0.56441986 | GE9: =$K$34 -> 0.019833185 | GF9: =GF8+GE9 -> 0.16612423 | GG9: =IF((FY9+GB9+GE9)<>0,GF9/(FZ9+GC9+GF9),NA()) -> 0.03532982 | GI9: 9:30 | GJ9: =$K$35 -> 0.60163763 | GK9: =GK8+GJ9 -> 3.8607713 | GL9: =IF((GJ9+GM9+GP9)<>0,GK9/(GK9+GN9+GQ9),NA()) -> 0.73036031 | GM9: =$K$36 -> 0.39836237 | GN9: =GN8+GM9 -> 1.3966615 | GO9: =IF((GJ9+GM9+GP9)<>0,GN9/(GK9+GN9+GQ9),NA()) -> 0.26421305 | GP9: =$K$37 -> 0 | GQ9: =GQ8+GP9 -> 0.028685844 | GR9: =IF((GJ9+GM9+GP9)<>0,GQ9/(GK9+GN9+GQ9),NA()) -> 0.0054266365 | GT9: 9:30 | GU9: =$K$38 -> 0.56524103 | GV9: =GV8+GU9 -> 2.4945088 | GW9: =IF((GU9+GX9+HA9)<>0,GV9/(GV9+GY9+HB9),NA()) -> 0.63676942 | GX9: =$K$39 -> 0.43475897 | GY9: =GY8+GX9 -> 1.4102477 | GZ9: =IF((GU9+GX9+HA9)<>0,GY9/(GV9+GY9+HB9),NA()) -> 0.35999174 | HA9: =$K$40 -> 0 | HB9: =HB8+HA9 -> 0.012687996 | HC9: =IF((GU9+GX9+HA9)<>0,HB9/(GV9+GY9+HB9),NA()) -> 0.0032388451 | HE9: 9:30 | HF9: =$K$41 -> 0.44028586 | HG9: =HG8+HF9 -> 3.016405 | HH9: =IF((HF9+HI9+HL9)<>0,HG9/(HG9+HJ9+HM9),NA()) -> 0.52200193 | HI9: =$K$42 -> 0.53454932 | HJ9: =HJ8+HI9 -> 2.7132236 | HK9: =IF((HF9+HI9+HL9)<>0,HJ9/(HG9+HJ9+HM9),NA()) -> 0.46953508 | HL9: =$K$43 -> 0.025164822 | HM9: =HM8+HL9 -> 0.048903623 | HN9: =IF((HF9+HI9+HL9)<>0,HM9/(HG9+HJ9+HM9),NA()) -> 0.0084629835 | HP9: 9:30 | HQ9: =$K$44 -> 0.57752642 | HR9: =HR8+HQ9 -> 3.2618893 | HS9: =IF((HQ9+HT9+HW9)<>0,HR9/(HR9+HU9+HX9),NA()) -> 0.54364821 | HT9: =$K$45 -> 0.42247358 | HU9: =HU8+HT9 -> 2.6916678 | HV9: =IF((HQ9+HT9+HW9)<>0,HU9/(HR9+HU9+HX9),NA()) -> 0.44861131 | HW9: =$K$46 -> 0 | HX9: =HX8+HW9 -> 0.04644287 | HY9: =IF((HQ9+HT9+HW9)<>0,HX9/(HR9+HU9+HX9),NA()) -> 0.0077404783 | IA9: 9:30 | IB9: =$K$47 -> 0.19686224 | IC9: =IC8+IB9 -> 1.5099391 | ID9: =IF((IB9+IE9+IH9)<>0,IC9/(IC9+IF9+II9),NA()) -> 0.33927815 | IE9: =$K$48 -> 0.42876998 | IF9: =IF8+IE9 -> 2.8350275 | IG9: =IF((IB9+IE9+IH9)<>0,IF9/(IC9+IF9+II9),NA()) -> 0.63702099 | IH9: =$K$49 -> 0.017621958 | II9: =II8+IH9 -> 0.1054794 | IJ9: =IF((IB9+IE9+IH9)<>0,II9/(IC9+IF9+II9),NA()) -> 0.023700861 | IL9: 9:30 | IM9: =$K$50 -> 0.29807706 | IN9: =IN8+IM9 -> 2.0669338 | IO9: =IF((IM9+IP9+IS9)<>0,IN9/(IN9+IQ9+IT9),NA()) -> 0.34448897 | IP9: =$K$51 -> 0.67361101 | IQ9: =IQ8+IP9 -> 3.8768684 | IR9: =IF((IM9+IP9+IS9)<>0,IQ9/(IN9+IQ9+IT9),NA()) -> 0.64614473 | IS9: =$K$52 -> 0.028311927 | IT9: =IT8+IS9 -> 0.056197847 | IU9: =IF((IM9+IP9+IS9)<>0,IT9/(IN9+IQ9+IT9),NA()) -> 0.0093663079 | IW9: 9:30 | IX9: =$K$53 -> 0.13196295 | IY9: =IY8+IX9 -> 2.3564696 | IZ9: =IF((IX9+JA9+JD9)<>0,IY9/(IY9+JB9+JE9),NA()) -> 0.59640983 | JA9: =$K$54 -> 0.050754981 | JB9: =JB8+JA9 -> 1.4648752 | JC9: =IF((IX9+JA9+JD9)<>0,JB9/(IY9+JB9+JE9),NA()) -> 0.37075206 | JD9: =$K$55 -> 0 | JE9: =JE8+JD9 -> 0.12974637 | JF9: =IF((IX9+JA9+JD9)<>0,JE9/(IY9+JB9+JE9),NA()) -> 0.032838111 | JH9: 9:30 | JI9: =$K$56 -> 0.75578845 | JJ9: =JJ8+JI9 -> 4.2128632 | JK9: =IF((JI9+JL9+JO9)<>0,JJ9/(JJ9+JM9+JP9),NA()) -> 0.77317737 | JL9: =$K$57 -> 0.23455715 | JM9: =JM8+JL9 -> 1.2111683 | JN9: =IF((JI9+JL9+JO9)<>0,JM9/(JJ9+JM9+JP9),NA()) -> 0.22228301 | JO9: =$K$58 -> 0.009654399 | JP9: =JP8+JO9 -> 0.024735308 | JQ9: =IF((JI9+JL9+JO9)<>0,JP9/(JJ9+JM9+JP9),NA()) -> 0.0045396158 | JS9: 9:30 | JT9: =$K$59 -> 0.12428847 | JU9: =JU8+JT9 -> 2.5379973 | JV9: =IF((JT9+JW9+JZ9)<>0,JU9/(JU9+JX9+KA9),NA()) -> 0.58694539 | JW9: =$K$60 -> 0.090391611 | JX9: =JX8+JW9 -> 1.6971837 | JY9: =IF((JT9+JW9+JZ9)<>0,JX9/(JU9+JX9+KA9),NA()) -> 0.39249614 | JZ9: =$K$61 -> 0 | KA9: =KA8+JZ9 -> 0.088896398 | KB9: =IF((JT9+JW9+JZ9)<>0,KA9/(JU9+JX9+KA9),NA()) -> 0.020558466 | KD9: 9:30 | KE9: =$K$62 -> 0.023391865 | KF9: =KF8+KE9 -> 1.401882 | KG9: =IF((KE9+KH9+KK9)<>0,KF9/(KF9+KI9+KL9),NA()) -> 0.31051477 | KH9: =$K$63 -> 0.051462102 | KI9: =KI8+KH9 -> 2.9900707 | KJ9: =IF((KE9+KH9+KK9)<>0,KI9/(KF9+KI9+KL9),NA()) -> 0.66229619 | KK9: =$K$64 -> 0 | KL9: =KL8+KK9 -> 0.12275047 | KM9: =IF((KE9+KH9+KK9)<>0,KL9/(KF9+KI9+KL9),NA()) -> 0.027189045 | KO9: 9:30 | KP9: =$K$65 -> 0.49568669 | KQ9: =KQ8+KP9 -> 2.8723447 | KR9: =IF((KP9+KS9+KV9)<>0,KQ9/(KQ9+KT9+KW9),NA()) -> 0.69215816 | KS9: =$K$66 -> 0.13867827 | KT9: =KT8+KS9 -> 1.2500562 | KU9: =IF((KP9+KS9+KV9)<>0,KT9/(KQ9+KT9+KW9),NA()) -> 0.30123008 | KV9: =$K$67 -> 0.0051143861 | KW9: =KW8+KV9 -> 0.027437746 | KX9: =IF((KP9+KS9+KV9)<>0,KW9/(KQ9+KT9+KW9),NA()) -> 0.0066117622 | KZ9: 9:30 | LA9: =$K$68 -> 0.57502109 | LB9: =LB8+LA9 -> 2.9381907 | LC9: =IF((LA9+LD9+LG9)<>0,LB9/(LB9+LE9+LH9),NA()) -> 0.58991269 | LD9: =$K$69 -> 0.42497891 | LE9: =LE8+LD9 -> 2.0425306 | LF9: =IF((LA9+LD9+LG9)<>0,LE9/(LB9+LE9+LH9),NA()) -> 0.41008731 | LG9: =$K$70 -> 0 | LH9: =LH8+LG9 -> 0 | LI9: =IF((LA9+LD9+LG9)<>0,LH9/(LB9+LE9+LH9),NA()) -> 0 | LK9: 9:30 | LL9: =$K$71 -> 0.56177609 | LM9: =LM8+LL9 -> 3.4512308 | LN9: =IF((LL9+LO9+LR9)<>0,LM9/(LM9+LP9+LS9),NA()) -> 0.63366983 | LO9: =$K$72 -> 0.43822391 | LP9: =LP8+LO9 -> 1.976545 | LQ9: =IF((LL9+LO9+LR9)<>0,LP9/(LM9+LP9+LS9),NA()) -> 0.36290731 | LR9: =$K$73 -> 0 | LS9: =LS8+LR9 -> 0.018642323 | LT9: =IF((LL9+LO9+LR9)<>0,LS9/(LM9+LP9+LS9),NA()) -> 0.0034228594 | LV9: 9:30 | LW9: =$K$74 -> 0.4699983 | LX9: =LX8+LW9 -> 2.9475706 | LY9: =IF((LW9+LZ9+MC9)<>0,LX9/(LX9+MA9+MD9),NA()) -> 0.5125224 | LZ9: =$K$75 -> 0.43685766 | MA9: =MA8+LZ9 -> 2.761381 | MB9: =IF((LW9+LZ9+MC9)<>0,MA9/(LX9+MA9+MD9),NA()) -> 0.48014782 | MC9: =$K$76 -> 0.019218981 | MD9: =MD8+MC9 -> 0.042154344 | ME9: =IF((LW9+LZ9+MC9)<>0,MD9/(LX9+MA9+MD9),NA()) -> 0.0073297805
B10: =E10/SUM($E$8:$E$10) -> 0.0090499281 | C10: Otro | E10: =CORE!E21 -> 0.0090499281 | F10: =CORE!F21 -> 0.009406357 | G10: =CORE!G21 -> 0.0033745258 | H10: =CORE!H21 -> 0.014383375 | I10: =CORE!I21 -> 0 | J10: =CORE!J21 -> 0.006419569 | K10: =CORE!K21 -> 0.003983502 | L10: =CORE!L21 -> 0.0094639382 | ... Y10: =CORE!Y21 -> 0 | AQ10: 5.3530205 | AR10: =AU10/SUM($AU8:$AU10) -> 0.0090499281 | AS10: Otro | AU10: =IF((E8+E9+E10)=0,1,E10/(E8+E9+E10)*$AQ10) -> 0.048444451 | AV10: =IF((F8+F9+F10)=0,0,F10/(F8+F9+F10)*$AQ10) -> 0.050352422 | AW10: =IF((G8+G9+G10)=0,0,G10/(G8+G9+G10)*$AQ10) -> 0.021813545 | AX10: =IF((H8+H9+H10)=0,0,H10/(H8+H9+H10)*$AQ10) -> 0.082276287 | AY10: =IF((I8+I9+I10)=0,0,I10/(I8+I9+I10)*$AQ10) -> 0 | AZ10: =IF((J8+J9+J10)=0,0,J10/(J8+J9+J10)*$AQ10) -> 0.034364085 | BA10: =IF((K8+K9+K10)=0,0,K10/(K8+K9+K10)*$AQ10) -> 0.022786567 | BB10: =IF((L8+L9+L10)=0,0,L10/(L8+L9+L10)*$AQ10) -> 0.052762449 | BC10: =IF((M8+M9+M10)=0,0,M10/(M8+M9+M10)*$AQ10) -> 0.14195212 | ... BO10: =IF((Y8+Y9+Y10)=0,0,Y10/(Y8+Y9+Y10)*$AQ10) -> 0 | BP10: 7 | BQ10: 10:30 | BR10: 11:00 | BS10: =BB2 -> 48.83089 | BT10: =BT9+BS10 -> 354.87025 | BU10: =IF((BS10+BV10+BY10)<>0,BT10/(BT10+BW10+BZ10),NA()) -> 0.51163564 | BV10: =BB3 -> 48.58094 | BW10: =BW9+BV10 -> 329.07663 | BX10: =IF((BS10+BV10+BY10)<>0,BW10/(BT10+BW10+BZ10),NA()) -> 0.47444758 | BY10: =BB4 -> 1.1739562 | BZ10: =BZ9+BY10 -> 9.6526721 | CA10: =IF((BS10+BV10+BY10)<>0,BZ10/(BT10+BW10+BZ10),NA()) -> 0.013916779 | CC10: 10:00 | CD10: =$L$5 -> 0 | CE10: =CE9+CD10 -> 3.0386374 | CF10: =IF((CD10+CG10+CJ10)<>0,CE10/(CE10+CH10+CK10),NA()) -> 0.50643957 | CG10: =$L$6 -> 1 | CH10: =CH9+CG10 -> 2.9327912 | CI10: =IF((CD10+CG10+CJ10)<>0,CH10/(CE10+CH10+CK10),NA()) -> 0.48879853 | CJ10: =$L$7 -> 0 | CK10: =CK9+CJ10 -> 0.028571429 | CL10: =IF((CD10+CG10+CJ10)<>0,CK10/(CE10+CH10+CK10),NA()) -> 0.0047619048 | CN10: 10:00 | CO10: =$L$8 -> 0.65421346 | CP10: =CP9+CO10 -> 4.3259929 | CQ10: =IF((CO10+CR10+CU10)<>0,CP10/(CP10+CS10+CV10),NA()) -> 0.64956032 | CR10: =$L$9 -> 0.29648758 | CS10: =CS9+CR10 -> 2.2868545 | CT10: =IF((CO10+CR10+CU10)<>0,CS10/(CP10+CS10+CV10),NA()) -> 0.3433778 | CU10: =$L$10 -> 0.0094639382 | CV10: =CV9+CU10 -> 0.047031267 | CW10: =IF((CO10+CR10+CU10)<>0,CV10/(CP10+CS10+CV10),NA()) -> 0.0070618806 | CY10: 10:00 | CZ10: =$L$11 -> 0.44910521 | DA10: =DA9+CZ10 -> 3.9096888 | DB10: =IF((CZ10+DC10+DF10)<>0,DA10/(DA10+DD10+DG10),NA()) -> 0.59915602 | DC10: =$L$12 -> 0.39267036 | DD10: =DD9+DC10 -> 2.5113491 | DE10: =IF((CZ10+DC10+DF10)<>0,DD10/(DA10+DD10+DG10),NA()) -> 0.38486182 | DF10: =$L$13 -> 0 | DG10: =DG9+DF10 -> 0.10428878 | DH10: =IF((CZ10+DC10+DF10)<>0,DG10/(DA10+DD10+DG10),NA()) -> 0.015982154 | DJ10: 10:00 | DK10: =$L$14 -> 0.39902102 | DL10: =DL9+DK10 -> 3.2687571 | DM10: =IF((DK10+DN10+DQ10)<>0,DL10/(DL10+DO10+DR10),NA()) -> 0.50642181 | DN10: =$L$15 -> 0.41931791 | DO10: =DO9+DN10 -> 3.0790827 | DP10: =IF((DK10+DN10+DQ10)<>0,DO10/(DL10+DO10+DR10),NA()) -> 0.47703595 | DQ10: =$L$16 -> 0.013420076 | DR10: =DR9+DQ10 -> 0.10677374 | DS10: =IF((DK10+DN10+DQ10)<>0,DR10/(DL10+DO10+DR10),NA()) -> 0.016542237 | DU10: 10:00 | DV10: =$L$17 -> 0.20529442 | DW10: =DW9+DV10 -> 2.219316 | DX10: =IF((DV10+DY10+EB10)<>0,DW10/(DW10+DZ10+EC10),NA()) -> 0.376684 | DY10: =$L$18 -> 0.37148515 | DZ10: =DZ9+DY10 -> 3.6343707 | EA10: =IF((DV10+DY10+EB10)<>0,DZ10/(DW10+DZ10+EC10),NA()) -> 0.61686092 | EB10: =$L$19 -> 0 | EC10: =EC9+EB10 -> 0.03803155 | ED10: =IF((DV10+DY10+EB10)<>0,EC10/(DW10+DZ10+EC10),NA()) -> 0.0064550865 | EF10: 10:00 | EG10: =$L$20 -> 0.58624975 | EH10: =EH9+EG10 -> 3.8796655 | EI10: =IF((EG10+EJ10+EM10)<>0,EH10/(EH10+EK10+EN10),NA()) -> 0.5687846 | EJ10: =$L$21 -> 0.38496074 | EK10: =EK9+EJ10 -> 2.8806384 | EL10: =IF((EG10+EJ10+EM10)<>0,EK10/(EH10+EK10+EN10),NA()) -> 0.42232063 | EM10: =$L$22 -> 0.028789515 | EN10: =EN9+EM10 -> 0.060671022 | EO10: =IF((EG10+EJ10+EM10)<>0,EN10/(EH10+EK10+EN10),NA()) -> 0.0088947727 | EQ10: 10:00 | ER10: =$L$23 -> 0.55041237 | ES10: =ES9+ER10 -> 3.0383202 | ET10: =IF((ER10+EU10+EX10)<>0,ES10/(ES10+EV10+EY10),NA()) -> 0.54126947 | EU10: =$L$24 -> 0.42437895 | EV10: =EV9+EU10 -> 2.4552366 | EW10: =IF((ER10+EU10+EX10)<>0,EV10/(ES10+EV10+EY10),NA()) -> 0.43739452 | EX10: =$L$25 -> 0.025208688 | EY10: =EY9+EX10 -> 0.11976586 | EZ10: =IF((ER10+EU10+EX10)<>0,EY10/(ES10+EV10+EY10),NA()) -> 0.021336001 | FB10: 10:00 | FC10: =$L$26 -> 0.4383469 | FD10: =FD9+FC10 -> 2.7301576 | FE10: =IF((FC10+FF10+FI10)<>0,FD10/(FD10+FG10+FJ10),NA()) -> 0.45083641 | FF10: =$L$27 -> 0.5616531 | FG10: =FG9+FF10 -> 3.2992095 | FH10: =IF((FC10+FF10+FI10)<>0,FG10/(FD10+FG10+FJ10),NA()) -> 0.54480509 | FI10: =$L$28 -> 0 | FJ10: =FJ9+FI10 -> 0.026394028 | FK10: =IF((FC10+FF10+FI10)<>0,FJ10/(FD10+FG10+FJ10),NA()) -> 0.0043584989 | FM10: 10:00 | FN10: =$L$29 -> 0.7 | FO10: =FO9+FN10 -> 2.025 | FP10: =IF((FN10+FQ10+FT10)<>0,FO10/(FO10+FR10+FU10),NA()) -> 0.50625 | FQ10: =$L$30 -> 0.3 | FR10: =FR9+FQ10 -> 1.85 | FS10: =IF((FN10+FQ10+FT10)<>0,FR10/(FO10+FR10+FU10),NA()) -> 0.4625 | FT10: =$L$31 -> 0 | FU10: =FU9+FT10 -> 0.125 | FV10: =IF((FN10+FQ10+FT10)<>0,FU10/(FO10+FR10+FU10),NA()) -> 0.03125 | FX10: 10:00 | FY10: =$L$32 -> 0.29487491 | FZ10: =FZ9+FY10 -> 2.1768906 | GA10: =IF((FY10+GB10+GE10)<>0,FZ10/(FZ10+GC10+GF10),NA()) -> 0.39746385 | GB10: =$L$33 -> 0.46472176 | GC10: =GC9+GB10 -> 3.1186785 | GD10: =IF((FY10+GB10+GE10)<>0,GC10/(FZ10+GC10+GF10),NA()) -> 0.56941858 | GE10: =$L$34 -> 0.015259136 | GF10: =GF9+GE10 -> 0.18138336 | GG10: =IF((FY10+GB10+GE10)<>0,GF10/(FZ10+GC10+GF10),NA()) -> 0.033117571 | GI10: 10:00 | GJ10: =$L$35 -> 0.56153565 | GK10: =GK9+GJ10 -> 4.4223069 | GL10: =IF((GJ10+GM10+GP10)<>0,GK10/(GK10+GN10+GQ10),NA()) -> 0.70350357 | GM10: =$L$36 -> 0.43846435 | GN10: =GN9+GM10 -> 1.8351259 | GO10: =IF((GJ10+GM10+GP10)<>0,GN10/(GK10+GN10+GQ10),NA()) -> 0.29193306 | GP10: =$L$37 -> 0 | GQ10: =GQ9+GP10 -> 0.028685844 | GR10: =IF((GJ10+GM10+GP10)<>0,GQ10/(GK10+GN10+GQ10),NA()) -> 0.0045633635 | GT10: 10:00 | GU10: =$L$38 -> 0.66032077 | GV10: =GV9+GU10 -> 3.1548296 | GW10: =IF((GU10+GX10+HA10)<>0,GV10/(GV10+GY10+HB10),NA()) -> 0.64155877 | GX10: =$L$39 -> 0.32939013 | GY10: =GY9+GX10 -> 1.7396378 | GZ10: =IF((GU10+GX10+HA10)<>0,GY10/(GV10+GY10+HB10),NA()) -> 0.35376867 | HA10: =$L$40 -> 0.010289098 | HB10: =HB9+HA10 -> 0.022977094 | HC10: =IF((GU10+GX10+HA10)<>0,HB10/(GV10+GY10+HB10),NA()) -> 0.004672568 | HE10: 10:00 | HF10: =$L$41 -> 0.45158513 | HG10: =HG9+HF10 -> 3.4679901 | HH10: =IF((HF10+HI10+HL10)<>0,HG10/(HG10+HJ10+HM10),NA()) -> 0.51161372 | HI10: =$L$42 -> 0.54709829 | HJ10: =HJ9+HI10 -> 3.2603219 | HK10: =IF((HF10+HI10+HL10)<>0,HJ10/(HG10+HJ10+HM10),NA()) -> 0.48097756 | HL10: =$L$43 -> 0.0013165815 | HM10: =HM9+HL10 -> 0.050220204 | HN10: =IF((HF10+HI10+HL10)<>0,HM10/(HG10+HJ10+HM10),NA()) -> 0.0074087136 | HP10: 10:00 | HQ10: =$L$44 -> 0.58636737 | HR10: =HR9+HQ10 -> 3.8482567 | HS10: =IF((HQ10+HT10+HW10)<>0,HR10/(HR10+HU10+HX10),NA()) -> 0.54975095 | HT10: =$L$45 -> 0.41363263 | HU10: =HU9+HT10 -> 3.1053005 | HV10: =IF((HQ10+HT10+HW10)<>0,HU10/(HR10+HU10+HX10),NA()) -> 0.44361435 | HW10: =$L$46 -> 0 | HX10: =HX9+HW10 -> 0.04644287 | HY10: =IF((HQ10+HT10+HW10)<>0,HX10/(HR10+HU10+HX10),NA()) -> 0.0066346957 | IA10: 10:00 | IB10: =$L$47 -> 0.39814106 | IC10: =IC9+IB10 -> 1.9080801 | ID10: =IF((IB10+IE10+IH10)<>0,IC10/(IC10+IF10+II10),NA()) -> 0.35476068 | IE10: =$L$48 -> 0.51562207 | IF10: =IF9+IE10 -> 3.3506495 | IG10: =IF((IB10+IE10+IH10)<>0,IF10/(IC10+IF10+II10),NA()) -> 0.62297106 | IH10: =$L$49 -> 0.01429046 | II10: =II9+IH10 -> 0.11976986 | IJ10: =IF((IB10+IE10+IH10)<>0,II10/(IC10+IF10+II10),NA()) -> 0.022268266 | IL10: 10:00 | IM10: =$L$50 -> 0.45304704 | IN10: =IN9+IM10 -> 2.5199808 | IO10: =IF((IM10+IP10+IS10)<>0,IN10/(IN10+IQ10+IT10),NA()) -> 0.35999726 | IP10: =$L$51 -> 0.54695296 | IQ10: =IQ9+IP10 -> 4.4238213 | IR10: =IF((IM10+IP10+IS10)<>0,IQ10/(IN10+IQ10+IT10),NA()) -> 0.63197447 | IS10: =$L$52 -> 0 | IT10: =IT9+IS10 -> 0.056197847 | IU10: =IF((IM10+IP10+IS10)<>0,IT10/(IN10+IQ10+IT10),NA()) -> 0.0080282639 | IW10: 10:00 | IX10: =$L$53 -> 0.15548441 | IY10: =IY9+IX10 -> 2.511954 | IZ10: =IF((IX10+JA10+JD10)<>0,IY10/(IY10+JB10+JE10),NA()) -> 0.5794217 | JA10: =$L$54 -> 0.22870221 | JB10: =JB9+JA10 -> 1.6935774 | JC10: =IF((IX10+JA10+JD10)<>0,JB10/(IY10+JB10+JE10),NA()) -> 0.39065026 | JD10: =$L$55 -> 0 | JE10: =JE9+JD10 -> 0.12974637 | JF10: =IF((IX10+JA10+JD10)<>0,JE10/(IY10+JB10+JE10),NA()) -> 0.02992804 | JH10: 10:00 | JI10: =$L$56 -> 0.68559701 | JJ10: =JJ9+JI10 -> 4.8984602 | JK10: =IF((JI10+JL10+JO10)<>0,JJ10/(JJ10+JM10+JP10),NA()) -> 0.75959642 | JL10: =$L$57 -> 0.31271908 | JM10: =JM9+JL10 -> 1.5238874 | JN10: =IF((JI10+JL10+JO10)<>0,JM10/(JJ10+JM10+JP10),NA()) -> 0.23630679 | JO10: =$L$58 -> 0.0016839068 | JP10: =JP9+JO10 -> 0.026419214 | JQ10: =IF((JI10+JL10+JO10)<>0,JP10/(JJ10+JM10+JP10),NA()) -> 0.0040967855 | JS10: 10:00 | JT10: =$L$59 -> 0.46065814 | JU10: =JU9+JT10 -> 2.9986555 | JV10: =IF((JT10+JW10+JZ10)<>0,JU10/(JU10+JX10+KA10),NA()) -> 0.57130865 | JW10: =$L$60 -> 0.46401299 | JX10: =JX9+JW10 -> 2.1611967 | JY10: =IF((JT10+JW10+JZ10)<>0,JX10/(JU10+JX10+KA10),NA()) -> 0.41175466 | JZ10: =$L$61 -> 0 | KA10: =KA9+JZ10 -> 0.088896398 | KB10: =IF((JT10+JW10+JZ10)<>0,KA10/(JU10+JX10+KA10),NA()) -> 0.016936684 | KD10: 10:00 | KE10: =$L$62 -> 0.33787008 | KF10: =KF9+KE10 -> 1.7397521 | KG10: =IF((KE10+KH10+KK10)<>0,KF10/(KF10+KI10+KL10),NA()) -> 0.3154752 | KH10: =$L$63 -> 0.65215063 | KI10: =KI9+KH10 -> 3.6422213 | KJ10: =IF((KE10+KH10+KK10)<>0,KI10/(KF10+KI10+KL10),NA()) -> 0.66045646 | KK10: =$L$64 -> 0.0099792893 | KL10: =KL9+KK10 -> 0.13272976 | KM10: =IF((KE10+KH10+KK10)<>0,KL10/(KF10+KI10+KL10),NA()) -> 0.024068341 | KO10: 10:00 | KP10: =$L$65 -> 0.18153292 | KQ10: =KQ9+KP10 -> 3.0538776 | KR10: =IF((KP10+KS10+KV10)<>0,KQ10/(KQ10+KT10+KW10),NA()) -> 0.67708078 | KS10: =$L$66 -> 0.17898774 | KT10: =KT9+KS10 -> 1.429044 | KU10: =IF((KP10+KS10+KV10)<>0,KT10/(KQ10+KT10+KW10),NA()) -> 0.31683595 | KV10: =$L$67 -> 0 | KW10: =KW9+KV10 -> 0.027437746 | KX10: =IF((KP10+KS10+KV10)<>0,KW10/(KQ10+KT10+KW10),NA()) -> 0.0060832728 | KZ10: 10:00 | LA10: =$L$68 -> 0 | LB10: =LB9+LA10 -> 2.9381907 | LC10: =IF((LA10+LD10+LG10)<>0,LB10/(LB10+LE10+LH10),NA()) -> #N/A | LD10: =$L$69 -> 0 | LE10: =LE9+LD10 -> 2.0425306 | LF10: =IF((LA10+LD10+LG10)<>0,LE10/(LB10+LE10+LH10),NA()) -> #N/A | LG10: =$L$70 -> 0 | LH10: =LH9+LG10 -> 0 | LI10: =IF((LA10+LD10+LG10)<>0,LH10/(LB10+LE10+LH10),NA()) -> #N/A | LK10: 10:00 | LL10: =$L$71 -> 0.25674044 | LM10: =LM9+LL10 -> 3.7079713 | LN10: =IF((LL10+LO10+LR10)<>0,LM10/(LM10+LP10+LS10),NA()) -> 0.63270888 | LO10: =$L$72 -> 0.15731122 | LP10: =LP9+LO10 -> 2.1338562 | LQ10: =IF((LL10+LO10+LR10)<>0,LP10/(LM10+LP10+LS10),NA()) -> 0.36411009 | LR10: =$L$73 -> 0 | LS10: =LS9+LR10 -> 0.018642323 | LT10: =IF((LL10+LO10+LR10)<>0,LS10/(LM10+LP10+LS10),NA()) -> 0.0031810288 | LV10: 10:00 | LW10: =$L$74 -> 0.47206805 | LX10: =LX9+LW10 -> 3.4196386 | LY10: =IF((LW10+LZ10+MC10)<>0,LX10/(LX10+MA10+MD10),NA()) -> 0.50775024 | LZ10: =$L$75 -> 0.49093785 | MA10: =MA9+LZ10 -> 3.2523188 | MB10: =IF((LW10+LZ10+MC10)<>0,MA10/(LX10+MA10+MD10),NA()) -> 0.48290649 | MC10: =$L$76 -> 0.020771493 | MD10: =MD9+MC10 -> 0.062925838 | ME10: =IF((LW10+LZ10+MC10)<>0,MD10/(LX10+MA10+MD10),NA()) -> 0.0093432706
B11: =E11/SUM($E$11:$E$13) -> 0.59928035 | C11: Chavez | E11: =CORE!E74 -> 0.59928035 | F11: =CORE!F74 -> 0.62246852 | G11: =CORE!G74 -> 0.53585642 | H11: =CORE!H74 -> 0.67821391 | I11: =CORE!I74 -> 0.48689101 | J11: =CORE!J74 -> 0.51228568 | K11: =CORE!K74 -> 0.62486802 | L11: =CORE!L74 -> 0.44910521 | ... Y11: =CORE!Y74 -> 0 | AQ11: 1.6489516 | AR11: =AU11/SUM($AU11:$AU13) -> 0.59928035 | AS11: Chavez | AU11: =IF((E11+E12+E13)=0,1,E11/(E11+E12+E13)*$AQ11) -> 0.98818431 | AV11: =IF((F11+F12+F13)=0,0,F11/(F11+F12+F13)*$AQ11) -> 1.0264205 | AW11: =IF((G11+G12+G13)=0,0,G11/(G11+G12+G13)*$AQ11) -> 1.0496875 | AX11: =IF((H11+H12+H13)=0,0,H11/(H11+H12+H13)*$AQ11) -> 1.1183419 | AY11: =IF((I11+I12+I13)=0,0,I11/(I11+I12+I13)*$AQ11) -> 0.95376934 | AZ11: =IF((J11+J12+J13)=0,0,J11/(J11+J12+J13)*$AQ11) -> 0.84473431 | BA11: =IF((K11+K12+K13)=0,0,K11/(K11+K12+K13)*$AQ11) -> 1.0303772 | BB11: =IF((L11+L12+L13)=0,0,L11/(L11+L12+L13)*$AQ11) -> 0.87975084 | BC11: =IF((M11+M12+M13)=0,0,M11/(M11+M12+M13)*$AQ11) -> 1.0532212 | ... BO11: =IF((Y11+Y12+Y13)=0,0,Y11/(Y11+Y12+Y13)*$AQ11) -> 0 | BP11: 8 | BQ11: 11:00 | BR11: 11:30 | BS11: =BC2 -> 49.556412 | BT11: =BT10+BS11 -> 404.42667 | BU11: =IF((BS11+BV11+BY11)<>0,BT11/(BT11+BW11+BZ11),NA()) -> 0.5096105 | BV11: =BC3 -> 48.511425 | BW11: =BW10+BV11 -> 377.58806 | BX11: =IF((BS11+BV11+BY11)<>0,BW11/(BT11+BW11+BZ11),NA()) -> 0.47579167 | BY11: =BC4 -> 1.9321625 | BZ11: =BZ10+BY11 -> 11.584835 | CA11: =IF((BS11+BV11+BY11)<>0,BZ11/(BT11+BW11+BZ11),NA()) -> 0.014597834 | CC11: 10:30 | CD11: =$M$5 -> 0.75 | CE11: =CE10+CD11 -> 3.7886374 | CF11: =IF((CD11+CG11+CJ11)<>0,CE11/(CE11+CH11+CK11),NA()) -> 0.54123391 | CG11: =$M$6 -> 0.25 | CH11: =CH10+CG11 -> 3.1827912 | CI11: =IF((CD11+CG11+CJ11)<>0,CH11/(CE11+CH11+CK11),NA()) -> 0.45468445 | CJ11: =$M$7 -> 0 | CK11: =CK10+CJ11 -> 0.028571429 | CL11: =IF((CD11+CG11+CJ11)<>0,CK11/(CE11+CH11+CK11),NA()) -> 0.0040816327 | CN11: 10:30 | CO11: =$M$8 -> 0.6560799 | CP11: =CP10+CO11 -> 4.9820728 | CQ11: =IF((CO11+CR11+CU11)<>0,CP11/(CP11+CS11+CV11),NA()) -> 0.65590847 | CR11: =$M$9 -> 0.25490863 | CS11: =CS10+CR11 -> 2.5417631 | CT11: =IF((CO11+CR11+CU11)<>0,CS11/(CP11+CS11+CV11),NA()) -> 0.33463259 | CU11: =$M$10 -> 0.024815785 | CV11: =CV10+CU11 -> 0.071847052 | CW11: =IF((CO11+CR11+CU11)<>0,CV11/(CP11+CS11+CV11),NA()) -> 0.0094589325 | CY11: 10:30 | CZ11: =$M$11 -> 0.54709751 | DA11: =DA10+CZ11 -> 4.4567863 | DB11: =IF((CZ11+DC11+DF11)<>0,DA11/(DA11+DD11+DG11),NA()) -> 0.603747 | DC11: =$M$12 -> 0.30945313 | DD11: =DD10+DC11 -> 2.8208023 | DE11: =IF((CZ11+DC11+DF11)<>0,DD11/(DA11+DD11+DG11),NA()) -> 0.38212532 | DF11: =$M$13 -> 0 | DG11: =DG10+DF11 -> 0.10428878 | DH11: =IF((CZ11+DC11+DF11)<>0,DG11/(DA11+DD11+DG11),NA()) -> 0.014127677 | DJ11: 10:30 | DK11: =$M$14 -> 0.44779518 | DL11: =DL10+DK11 -> 3.7165523 | DM11: =IF((DK11+DN11+DQ11)<>0,DL11/(DL11+DO11+DR11),NA()) -> 0.49855734 | DN11: =$M$15 -> 0.53066322 | DO11: =DO10+DN11 -> 3.6097459 | DP11: =IF((DK11+DN11+DQ11)<>0,DO11/(DL11+DO11+DR11),NA()) -> 0.48422979 | DQ11: =$M$16 -> 0.0215416 | DR11: =DR10+DQ11 -> 0.12831534 | DS11: =IF((DK11+DN11+DQ11)<>0,DR11/(DL11+DO11+DR11),NA()) -> 0.017212877 | DU11: 10:30 | DV11: =$M$17 -> 0.14007504 | DW11: =DW10+DV11 -> 2.359391 | DX11: =IF((DV11+DY11+EB11)<>0,DW11/(DW11+DZ11+EC11),NA()) -> 0.364751 | DY11: =$M$18 -> 0.3048692 | DZ11: =DZ10+DY11 -> 3.9392399 | EA11: =IF((DV11+DY11+EB11)<>0,DZ11/(DW11+DZ11+EC11),NA()) -> 0.60898837 | EB11: =$M$19 -> 0.13183533 | EC11: =EC10+EB11 -> 0.16986688 | ED11: =IF((DV11+DY11+EB11)<>0,EC11/(DW11+DZ11+EC11),NA()) -> 0.026260639 | EF11: 10:30 | EG11: =$M$20 -> 0.21329228 | EH11: =EH10+EG11 -> 4.0929578 | EI11: =IF((EG11+EJ11+EM11)<>0,EH11/(EH11+EK11+EN11),NA()) -> 0.5693008 | EJ11: =$M$21 -> 0.15517951 | EK11: =EK10+EJ11 -> 3.0358179 | EL11: =IF((EG11+EJ11+EM11)<>0,EK11/(EH11+EK11+EN11),NA()) -> 0.4222603 | EM11: =$M$22 -> 0 | EN11: =EN10+EM11 -> 0.060671022 | EO11: =IF((EG11+EJ11+EM11)<>0,EN11/(EH11+EK11+EN11),NA()) -> 0.0084389 | EQ11: 10:30 | ER11: =$M$23 -> 0.42081704 | ES11: =ES10+ER11 -> 3.4591372 | ET11: =IF((ER11+EU11+EX11)<>0,ES11/(ES11+EV11+EY11),NA()) -> 0.53387573 | EU11: =$M$24 -> 0.43351213 | EV11: =EV10+EU11 -> 2.8887487 | EW11: =IF((ER11+EU11+EX11)<>0,EV11/(ES11+EV11+EY11),NA()) -> 0.44584321 | EX11: =$M$25 -> 0.01164109 | EY11: =EY10+EX11 -> 0.13140695 | EZ11: =IF((ER11+EU11+EX11)<>0,EY11/(ES11+EV11+EY11),NA()) -> 0.020281063 | FB11: 10:30 | FC11: =$M$26 -> 0.5612873 | FD11: =FD10+FC11 -> 3.2914449 | FE11: =IF((FC11+FF11+FI11)<>0,FD11/(FD11+FG11+FJ11),NA()) -> 0.46649041 | FF11: =$M$27 -> 0.4387127 | FG11: =FG10+FF11 -> 3.7379222 | FH11: =IF((FC11+FF11+FI11)<>0,FG11/(FD11+FG11+FJ11),NA()) -> 0.52976881 | FI11: =$M$28 -> 0 | FJ11: =FJ10+FI11 -> 0.026394028 | FK11: =IF((FC11+FF11+FI11)<>0,FJ11/(FD11+FG11+FJ11),NA()) -> 0.0037407769 | FM11: 10:30 | FN11: =$M$29 -> 0.2 | FO11: =FO10+FN11 -> 2.225 | FP11: =IF((FN11+FQ11+FT11)<>0,FO11/(FO11+FR11+FU11),NA()) -> 0.445 | FQ11: =$M$30 -> 0.8 | FR11: =FR10+FQ11 -> 2.65 | FS11: =IF((FN11+FQ11+FT11)<>0,FR11/(FO11+FR11+FU11),NA()) -> 0.53 | FT11: =$M$31 -> 0 | FU11: =FU10+FT11 -> 0.125 | FV11: =IF((FN11+FQ11+FT11)<>0,FU11/(FO11+FR11+FU11),NA()) -> 0.025 | FX11: 10:30 | FY11: =$M$32 -> 0.25729668 | FZ11: =FZ10+FY11 -> 2.4341873 | GA11: =IF((FY11+GB11+GE11)<>0,FZ11/(FZ11+GC11+GF11),NA()) -> 0.39347452 | GB11: =$M$33 -> 0.4277076 | GC11: =GC10+GB11 -> 3.5463861 | GD11: =IF((FY11+GB11+GE11)<>0,GC11/(FZ11+GC11+GF11),NA()) -> 0.57325604 | GE11: =$M$34 -> 0.024434422 | GF11: =GF10+GE11 -> 0.20581779 | GG11: =IF((FY11+GB11+GE11)<>0,GF11/(FZ11+GC11+GF11),NA()) -> 0.033269442 | GI11: 10:30 | GJ11: =$M$35 -> 0.61356695 | GK11: =GK10+GJ11 -> 5.0358739 | GL11: =IF((GJ11+GM11+GP11)<>0,GK11/(GK11+GN11+GQ11),NA()) -> 0.69116002 | GM11: =$M$36 -> 0.37631203 | GN11: =GN10+GM11 -> 2.2114379 | GO11: =IF((GJ11+GM11+GP11)<>0,GN11/(GK11+GN11+GQ11),NA()) -> 0.30351385 | GP11: =$M$37 -> 0.010121022 | GQ11: =GQ10+GP11 -> 0.038806867 | GR11: =IF((GJ11+GM11+GP11)<>0,GQ11/(GK11+GN11+GQ11),NA()) -> 0.0053261371 | GT11: 10:30 | GU11: =$M$38 -> 0.52648167 | GV11: =GV10+GU11 -> 3.6813113 | GW11: =IF((GU11+GX11+HA11)<>0,GV11/(GV11+GY11+HB11),NA()) -> 0.62211167 | GX11: =$M$39 -> 0.45353397 | GY11: =GY10+GX11 -> 2.1931718 | GZ11: =IF((GU11+GX11+HA11)<>0,GY11/(GV11+GY11+HB11),NA()) -> 0.37062819 | HA11: =$M$40 -> 0.019984361 | HB11: =HB10+HA11 -> 0.042961455 | HC11: =IF((GU11+GX11+HA11)<>0,HB11/(GV11+GY11+HB11),NA()) -> 0.0072601366 | HE11: 10:30 | HF11: =$M$41 -> 0.4213042 | HG11: =HG10+HF11 -> 3.8892943 | HH11: =IF((HF11+HI11+HL11)<>0,HG11/(HG11+HJ11+HM11),NA()) -> 0.50000363 | HI11: =$M$42 -> 0.56970747 | HJ11: =HJ10+HI11 -> 3.8300294 | HK11: =IF((HF11+HI11+HL11)<>0,HJ11/(HG11+HJ11+HM11),NA()) -> 0.49238459 | HL11: =$M$43 -> 0.0089883346 | HM11: =HM10+HL11 -> 0.059208539 | HN11: =IF((HF11+HI11+HL11)<>0,HM11/(HG11+HJ11+HM11),NA()) -> 0.0076117881 | HP11: 10:30 | HQ11: =$M$44 -> 0.4562169 | HR11: =HR10+HQ11 -> 4.3044736 | HS11: =IF((HQ11+HT11+HW11)<>0,HR11/(HR11+HU11+HX11),NA()) -> 0.53805919 | HT11: =$M$45 -> 0.50824567 | HU11: =HU10+HT11 -> 3.6135461 | HV11: =IF((HQ11+HT11+HW11)<>0,HU11/(HR11+HU11+HX11),NA()) -> 0.45169327 | HW11: =$M$46 -> 0.035537435 | HX11: =HX10+HW11 -> 0.081980304 | HY11: =IF((HQ11+HT11+HW11)<>0,HX11/(HR11+HU11+HX11),NA()) -> 0.010247538 | IA11: 10:30 | IB11: =$M$47 -> 0.4654394 | IC11: =IC10+IB11 -> 2.3735195 | ID11: =IF((IB11+IE11+IH11)<>0,IC11/(IC11+IF11+II11),NA()) -> 0.37635765 | IE11: =$M$48 -> 0.4517678 | IF11: =IF10+IE11 -> 3.8024173 | IG11: =IF((IB11+IE11+IH11)<>0,IF11/(IC11+IF11+II11),NA()) -> 0.60293115 | IH11: =$M$49 -> 0.010846386 | II11: =II10+IH11 -> 0.13061625 | IJ11: =IF((IB11+IE11+IH11)<>0,II11/(IC11+IF11+II11),NA()) -> 0.020711194 | IL11: 10:30 | IM11: =$M$50 -> 0.4124496 | IN11: =IN10+IM11 -> 2.9324304 | IO11: =IF((IM11+IP11+IS11)<>0,IN11/(IN11+IQ11+IT11),NA()) -> 0.3665538 | IP11: =$M$51 -> 0.5875504 | IQ11: =IQ10+IP11 -> 5.0113717 | IR11: =IF((IM11+IP11+IS11)<>0,IQ11/(IN11+IQ11+IT11),NA()) -> 0.62642146 | IS11: =$M$52 -> 0 | IT11: =IT10+IS11 -> 0.056197847 | IU11: =IF((IM11+IP11+IS11)<>0,IT11/(IN11+IQ11+IT11),NA()) -> 0.0070247309 | IW11: 10:30 | IX11: =$M$53 -> 0.26717279 | IY11: =IY10+IX11 -> 2.7791268 | IZ11: =IF((IX11+JA11+JD11)<>0,IY11/(IY11+JB11+JE11),NA()) -> 0.56341603 | JA11: =$M$54 -> 0.33018653 | JB11: =JB10+JA11 -> 2.0237639 | JC11: =IF((IX11+JA11+JD11)<>0,JB11/(IY11+JB11+JE11),NA()) -> 0.41028032 | JD11: =$M$55 -> 0 | JE11: =JE10+JD11 -> 0.12974637 | JF11: =IF((IX11+JA11+JD11)<>0,JE11/(IY11+JB11+JE11),NA()) -> 0.026303652 | JH11: 10:30 | JI11: =$M$56 -> 0.72885079 | JJ11: =JJ10+JI11 -> 5.627311 | JK11: =IF((JI11+JL11+JO11)<>0,JJ11/(JJ11+JM11+JP11),NA()) -> 0.75546881 | JL11: =$M$57 -> 0.27114921 | JM11: =JM10+JL11 -> 1.7950366 | JN11: =IF((JI11+JL11+JO11)<>0,JM11/(JJ11+JM11+JP11),NA()) -> 0.2409844 | JO11: =$M$58 -> 0 | JP11: =JP10+JO11 -> 0.026419214 | JQ11: =IF((JI11+JL11+JO11)<>0,JP11/(JJ11+JM11+JP11),NA()) -> 0.0035467904 | JS11: 10:30 | JT11: =$M$59 -> 0.52548645 | JU11: =JU10+JT11 -> 3.5241419 | JV11: =IF((JT11+JW11+JZ11)<>0,JU11/(JU11+JX11+KA11),NA()) -> 0.57085734 | JW11: =$M$60 -> 0.38889808 | JX11: =JX10+JW11 -> 2.5500948 | JY11: =IF((JT11+JW11+JZ11)<>0,JX11/(JU11+JX11+KA11),NA()) -> 0.41307653 | JZ11: =$M$61 -> 0.010286592 | KA11: =KA10+JZ11 -> 0.09918299 | KB11: =IF((JT11+JW11+JZ11)<>0,KA11/(JU11+JX11+KA11),NA()) -> 0.016066134 | KD11: 10:30 | KE11: =$M$62 -> 0.090689864 | KF11: =KF10+KE11 -> 1.8304419 | KG11: =IF((KE11+KH11+KK11)<>0,KF11/(KF11+KI11+KL11),NA()) -> 0.3136753 | KH11: =$M$63 -> 0.22633153 | KI11: =KI10+KH11 -> 3.8685528 | KJ11: =IF((KE11+KH11+KK11)<>0,KI11/(KF11+KI11+KL11),NA()) -> 0.66293798 | KK11: =$M$64 -> 0.0037426983 | KL11: =KL10+KK11 -> 0.13647246 | KM11: =IF((KE11+KH11+KK11)<>0,KL11/(KF11+KI11+KL11),NA()) -> 0.023386723 | KO11: 10:30 | KP11: =$M$65 -> 0.47194788 | KQ11: =KQ10+KP11 -> 3.5258255 | KR11: =IF((KP11+KS11+KV11)<>0,KQ11/(KQ11+KT11+KW11),NA()) -> 0.68464775 | KS11: =$M$66 -> 0.14195954 | KT11: =KT10+KS11 -> 1.5710035 | KU11: =IF((KP11+KS11+KV11)<>0,KT11/(KQ11+KT11+KW11),NA()) -> 0.30505878 | KV11: =$M$67 -> 0.025571931 | KW11: =KW10+KV11 -> 0.053009677 | KX11: =IF((KP11+KS11+KV11)<>0,KW11/(KQ11+KT11+KW11),NA()) -> 0.010293464 | KZ11: 10:30 | LA11: =$M$68 -> 0.56419569 | LB11: =LB10+LA11 -> 3.5023864 | LC11: =IF((LA11+LD11+LG11)<>0,LB11/(LB11+LE11+LH11),NA()) -> 0.60938711 | LD11: =$M$69 -> 0.20247461 | LE11: =LE10+LD11 -> 2.2450052 | LF11: =IF((LA11+LD11+LG11)<>0,LE11/(LB11+LE11+LH11),NA()) -> 0.39061289 | LG11: =$M$70 -> 0 | LH11: =LH10+LG11 -> 0 | LI11: =IF((LA11+LD11+LG11)<>0,LH11/(LB11+LE11+LH11),NA()) -> 0 | LK11: 10:30 | LL11: =$M$71 -> 0.58643365 | LM11: =LM10+LL11 -> 4.2944049 | LN11: =IF((LL11+LO11+LR11)<>0,LM11/(LM11+LP11+LS11),NA()) -> 0.62596368 | LO11: =$M$72 -> 0.39988917 | LP11: =LP10+LO11 -> 2.5337454 | LQ11: =IF((LL11+LO11+LR11)<>0,LP11/(LM11+LP11+LS11),NA()) -> 0.36932534 | LR11: =$M$73 -> 0.01367718 | LS11: =LS10+LR11 -> 0.032319503 | LT11: =IF((LL11+LO11+LR11)<>0,LS11/(LM11+LP11+LS11),NA()) -> 0.0047109752 | LV11: 10:30 | LW11: =$M$74 -> 0.35236955 | LX11: =LX10+LW11 -> 3.7720082 | LY11: =IF((LW11+LZ11+MC11)<>0,LX11/(LX11+MA11+MD11),NA()) -> 0.50319564 | LZ11: =$M$75 -> 0.40778208 | MA11: =MA10+LZ11 -> 3.6601009 | MB11: =IF((LW11+LZ11+MC11)<>0,MA11/(LX11+MA11+MD11),NA()) -> 0.48826692 | MC11: =$M$76 -> 0.0010717295 | MD11: =MD10+MC11 -> 0.063997567 | ME11: =IF((LW11+LZ11+MC11)<>0,MD11/(LX11+MA11+MD11),NA()) -> 0.0085374408
B12: =E12/SUM($E$11:$E$13) -> 0.39108213 | C12: Capriles | D12: APURE | E12: =CORE!E75 -> 0.39108213 | F12: =CORE!F75 -> 0.3341173 | G12: =CORE!G75 -> 0.27289609 | H12: =CORE!H75 -> 0.3137805 | I12: =CORE!I75 -> 0.34774444 | J12: =CORE!J75 -> 0.47500848 | K12: =CORE!K75 -> 0.37513198 | L12: =CORE!L75 -> 0.39267036 | ... Y12: =CORE!Y75 -> 0 | AQ12: 1.6489516 | AR12: =AU12/SUM($AU11:$AU13) -> 0.39108213 | AS12: Capriles | AT12: APURE | AU12: =IF((E11+E12+E13)=0,1,E12/(E11+E12+E13)*$AQ12) -> 0.64487551 | AV12: =IF((F11+F12+F13)=0,0,F12/(F11+F12+F13)*$AQ12) -> 0.55094326 | AW12: =IF((G11+G12+G13)=0,0,G12/(G11+G12+G13)*$AQ12) -> 0.53457533 | AX12: =IF((H11+H12+H13)=0,0,H12/(H11+H12+H13)*$AQ12) -> 0.51740887 | AY12: =IF((I11+I12+I13)=0,0,I12/(I11+I12+I13)*$AQ12) -> 0.68119553 | AZ12: =IF((J11+J12+J13)=0,0,J12/(J11+J12+J13)*$AQ12) -> 0.78326601 | BA12: =IF((K11+K12+K13)=0,0,K12/(K11+K12+K13)*$AQ12) -> 0.61857448 | BB12: =IF((L11+L12+L13)=0,0,L12/(L11+L12+L13)*$AQ12) -> 0.76920079 | BC12: =IF((M11+M12+M13)=0,0,M12/(M11+M12+M13)*$AQ12) -> 0.59573039 | ... BO12: =IF((Y11+Y12+Y13)=0,0,Y12/(Y11+Y12+Y13)*$AQ12) -> 0 | BP12: 9 | BQ12: 11:30 | BR12: 12:00 | BS12: =BD2 -> 48.037795 | BT12: =BT11+BS12 -> 452.46446 | BU12: =IF((BS12+BV12+BY12)<>0,BT12/(BT12+BW12+BZ12),NA()) -> 0.51288184 | BV12: =BD3 -> 38.619608 | BW12: =BW11+BV12 -> 416.20767 | BX12: =IF((BS12+BV12+BY12)<>0,BW12/(BT12+BW12+BZ12),NA()) -> 0.47178369 | BY12: =BD4 -> 1.9432393 | BZ12: =BZ11+BY12 -> 13.528074 | CA12: =IF((BS12+BV12+BY12)<>0,BZ12/(BT12+BW12+BZ12),NA()) -> 0.015334472 | CC12: 11:00 | CD12: =$N$5 -> 0.88 | CE12: =CE11+CD12 -> 4.6686374 | CF12: =IF((CD12+CG12+CJ12)<>0,CE12/(CE12+CH12+CK12),NA()) -> 0.58357967 | CG12: =$N$6 -> 0.12 | CH12: =CH11+CG12 -> 3.3027912 | CI12: =IF((CD12+CG12+CJ12)<>0,CH12/(CE12+CH12+CK12),NA()) -> 0.4128489 | CJ12: =$N$7 -> 0 | CK12: =CK11+CJ12 -> 0.028571429 | CL12: =IF((CD12+CG12+CJ12)<>0,CK12/(CE12+CH12+CK12),NA()) -> 0.0035714286 | CN12: 11:00 | CO12: =$N$8 -> 0.41306543 | CP12: =CP11+CO12 -> 5.3951382 | CQ12: =IF((CO12+CR12+CU12)<>0,CP12/(CP12+CS12+CV12),NA()) -> 0.66110128 | CR12: =$N$9 -> 0.15208623 | CS12: =CS11+CR12 -> 2.6938493 | CT12: =IF((CO12+CR12+CU12)<>0,CS12/(CP12+CS12+CV12),NA()) -> 0.33009483 | CU12: =$N$10 -> 0 | CV12: =CV11+CU12 -> 0.071847052 | CW12: =IF((CO12+CR12+CU12)<>0,CV12/(CP12+CS12+CV12),NA()) -> 0.0088038854 | CY12: 11:00 | CZ12: =$N$11 -> 0.32560633 | DA12: =DA11+CZ12 -> 4.7823926 | DB12: =IF((CZ12+DC12+DF12)<>0,DA12/(DA12+DD12+DG12),NA()) -> 0.61187064 | DC12: =$N$12 -> 0.10853544 | DD12: =DD11+DC12 -> 2.9293377 | DE12: =IF((CZ12+DC12+DF12)<>0,DD12/(DA12+DD12+DG12),NA()) -> 0.37478641 | DF12: =$N$13 -> 0 | DG12: =DG11+DF12 -> 0.10428878 | DH12: =IF((CZ12+DC12+DF12)<>0,DG12/(DA12+DD12+DG12),NA()) -> 0.013342953 | DJ12: 11:00 | DK12: =$N$14 -> 0.49449211 | DL12: =DL11+DK12 -> 4.2110444 | DM12: =IF((DK12+DN12+DQ12)<>0,DL12/(DL12+DO12+DR12),NA()) -> 0.50162709 | DN12: =$N$15 -> 0.37288556 | DO12: =DO11+DN12 -> 3.9826315 | DP12: =IF((DK12+DN12+DQ12)<>0,DO12/(DL12+DO12+DR12),NA()) -> 0.47441814 | DQ12: =$N$16 -> 0.072779414 | DR12: =DR11+DQ12 -> 0.20109476 | DS12: =IF((DK12+DN12+DQ12)<>0,DR12/(DL12+DO12+DR12),NA()) -> 0.023954765 | DU12: 11:00 | DV12: =$N$17 -> 0.36596426 | DW12: =DW11+DV12 -> 2.7253553 | DX12: =IF((DV12+DY12+EB12)<>0,DW12/(DW12+DZ12+EC12),NA()) -> 0.37581339 | DY12: =$N$18 -> 0.41742246 | DZ12: =DZ11+DY12 -> 4.3566623 | EA12: =IF((DV12+DY12+EB12)<>0,DZ12/(DW12+DZ12+EC12),NA()) -> 0.60076279 | EB12: =$N$19 -> 0 | EC12: =EC11+EB12 -> 0.16986688 | ED12: =IF((DV12+DY12+EB12)<>0,EC12/(DW12+DZ12+EC12),NA()) -> 0.023423826 | EF12: 11:00 | EG12: =$N$20 -> 0.58443518 | EH12: =EH11+EG12 -> 4.677393 | EI12: =IF((EG12+EJ12+EM12)<>0,EH12/(EH12+EK12+EN12),NA()) -> 0.57114884 | EJ12: =$N$21 -> 0.41212203 | EK12: =EK11+EJ12 -> 3.4479399 | EL12: =IF((EG12+EJ12+EM12)<>0,EK12/(EH12+EK12+EN12),NA()) -> 0.42102233 | EM12: =$N$22 -> 0.0034427895 | EN12: =EN11+EM12 -> 0.064113811 | EO12: =IF((EG12+EJ12+EM12)<>0,EN12/(EH12+EK12+EN12),NA()) -> 0.0078288331 | EQ12: 11:00 | ER12: =$N$23 -> 0.57576813 | ES12: =ES11+ER12 -> 4.0349053 | ET12: =IF((ER12+EU12+EX12)<>0,ES12/(ES12+EV12+EY12),NA()) -> 0.54137375 | EU12: =$N$24 -> 0.35395524 | EV12: =EV11+EU12 -> 3.2427039 | EW12: =IF((ER12+EU12+EX12)<>0,EV12/(ES12+EV12+EY12),NA()) -> 0.43508203 | EX12: =$N$25 -> 0.044070131 | EY12: =EY11+EX12 -> 0.17547708 | EZ12: =IF((ER12+EU12+EX12)<>0,EY12/(ES12+EV12+EY12),NA()) -> 0.023544217 | FB12: 11:00 | FC12: =$N$26 -> 0.50942734 | FD12: =FD11+FC12 -> 3.8008723 | FE12: =IF((FC12+FF12+FI12)<>0,FD12/(FD12+FG12+FJ12),NA()) -> 0.47182038 | FF12: =$N$27 -> 0.46417863 | FG12: =FG11+FF12 -> 4.2021008 | FH12: =IF((FC12+FF12+FI12)<>0,FG12/(FD12+FG12+FJ12),NA()) -> 0.52162679 | FI12: =$N$28 -> 0.026394028 | FJ12: =FJ11+FI12 -> 0.052788057 | FK12: =IF((FC12+FF12+FI12)<>0,FJ12/(FD12+FG12+FJ12),NA()) -> 0.0065528329 | FM12: 11:00 | FN12: =$N$29 -> 0.7 | FO12: =FO11+FN12 -> 2.925 | FP12: =IF((FN12+FQ12+FT12)<>0,FO12/(FO12+FR12+FU12),NA()) -> 0.4875 | FQ12: =$N$30 -> 0.3 | FR12: =FR11+FQ12 -> 2.95 | FS12: =IF((FN12+FQ12+FT12)<>0,FR12/(FO12+FR12+FU12),NA()) -> 0.49166667 | FT12: =$N$31 -> 0 | FU12: =FU11+FT12 -> 0.125 | FV12: =IF((FN12+FQ12+FT12)<>0,FU12/(FO12+FR12+FU12),NA()) -> 0.020833333 | FX12: 11:00 | FY12: =$N$32 -> 0.14131743 | FZ12: =FZ11+FY12 -> 2.5755047 | GA12: =IF((FY12+GB12+GE12)<>0,FZ12/(FZ12+GC12+GF12),NA()) -> 0.38825525 | GB12: =$N$33 -> 0.27339545 | GC12: =GC11+GB12 -> 3.8197816 | GD12: =IF((FY12+GB12+GE12)<>0,GC12/(FZ12+GC12+GF12),NA()) -> 0.57582897 | GE12: =$N$34 -> 0.032430781 | GF12: =GF11+GE12 -> 0.23824857 | GG12: =IF((FY12+GB12+GE12)<>0,GF12/(FZ12+GC12+GF12),NA()) -> 0.035915778 | GI12: 11:00 | GJ12: =$N$35 -> 0.64334715 | GK12: =GK11+GJ12 -> 5.679221 | GL12: =IF((GJ12+GM12+GP12)<>0,GK12/(GK12+GN12+GQ12),NA()) -> 0.68538978 | GM12: =$N$36 -> 0.35665285 | GN12: =GN11+GM12 -> 2.5680908 | GO12: =IF((GJ12+GM12+GP12)<>0,GN12/(GK12+GN12+GQ12),NA()) -> 0.30992686 | GP12: =$N$37 -> 0 | GQ12: =GQ11+GP12 -> 0.038806867 | GR12: =IF((GJ12+GM12+GP12)<>0,GQ12/(GK12+GN12+GQ12),NA()) -> 0.0046833588 | GT12: 11:00 | GU12: =$N$38 -> 0.50116526 | GV12: =GV11+GU12 -> 4.1824765 | GW12: =IF((GU12+GX12+HA12)<>0,GV12/(GV12+GY12+HB12),NA()) -> 0.60462741 | GX12: =$N$39 -> 0.49883474 | GY12: =GY11+GX12 -> 2.6920065 | GZ12: =IF((GU12+GX12+HA12)<>0,GY12/(GV12+GY12+HB12),NA()) -> 0.38916199 | HA12: =$N$40 -> 0 | HB12: =HB11+HA12 -> 0.042961455 | HC12: =IF((GU12+GX12+HA12)<>0,HB12/(GV12+GY12+HB12),NA()) -> 0.0062105963 | HE12: 11:00 | HF12: =$N$41 -> 0.092456226 | HG12: =HG11+HF12 -> 3.9817506 | HH12: =IF((HF12+HI12+HL12)<>0,HG12/(HG12+HJ12+HM12),NA()) -> 0.50240112 | HI12: =$N$42 -> 0.054452836 | HJ12: =HJ11+HI12 -> 3.8844822 | HK12: =IF((HF12+HI12+HL12)<>0,HJ12/(HG12+HJ12+HM12),NA()) -> 0.49012819 | HL12: =$N$43 -> 0 | HM12: =HM11+HL12 -> 0.059208539 | HN12: =IF((HF12+HI12+HL12)<>0,HM12/(HG12+HJ12+HM12),NA()) -> 0.007470693 | HP12: 11:00 | HQ12: =$N$44 -> 0 | HR12: =HR11+HQ12 -> 4.3044736 | HS12: =IF((HQ12+HT12+HW12)<>0,HR12/(HR12+HU12+HX12),NA()) -> #N/A | HT12: =$N$45 -> 0 | HU12: =HU11+HT12 -> 3.6135461 | HV12: =IF((HQ12+HT12+HW12)<>0,HU12/(HR12+HU12+HX12),NA()) -> #N/A | HW12: =$N$46 -> 0 | HX12: =HX11+HW12 -> 0.081980304 | HY12: =IF((HQ12+HT12+HW12)<>0,HX12/(HR12+HU12+HX12),NA()) -> #N/A | IA12: 11:00 | IB12: =$N$47 -> 0.34077763 | IC12: =IC11+IB12 -> 2.7142972 | ID12: =IF((IB12+IE12+IH12)<>0,IC12/(IC12+IF12+II12),NA()) -> 0.3805066 | IE12: =$N$48 -> 0.46615318 | IF12: =IF11+IE12 -> 4.2685705 | IG12: =IF((IB12+IE12+IH12)<>0,IF12/(IC12+IF12+II12),NA()) -> 0.59839405 | IH12: =$N$49 -> 0.019893358 | II12: =II11+IH12 -> 0.1505096 | IJ12: =IF((IB12+IE12+IH12)<>0,II12/(IC12+IF12+II12),NA()) -> 0.021099347 | IL12: 11:00 | IM12: =$N$50 -> 0.61166654 | IN12: =IN11+IM12 -> 3.544097 | IO12: =IF((IM12+IP12+IS12)<>0,IN12/(IN12+IQ12+IT12),NA()) -> 0.39378855 | IP12: =$N$51 -> 0.38833346 | IQ12: =IQ11+IP12 -> 5.3997052 | IR12: =IF((IM12+IP12+IS12)<>0,IQ12/(IN12+IQ12+IT12),NA()) -> 0.59996724 | IS12: =$N$52 -> 0 | IT12: =IT11+IS12 -> 0.056197847 | IU12: =IF((IM12+IP12+IS12)<>0,IT12/(IN12+IQ12+IT12),NA()) -> 0.0062442053 | IW12: 11:00 | IX12: =$N$53 -> 0.31039849 | IY12: =IY11+IX12 -> 3.0895253 | IZ12: =IF((IX12+JA12+JD12)<>0,IY12/(IY12+JB12+JE12),NA()) -> 0.55868486 | JA12: =$N$54 -> 0.28696083 | JB12: =JB11+JA12 -> 2.3107248 | JC12: =IF((IX12+JA12+JD12)<>0,JB12/(IY12+JB12+JE12),NA()) -> 0.41785285 | JD12: =$N$55 -> 0 | JE12: =JE11+JD12 -> 0.12974637 | JF12: =IF((IX12+JA12+JD12)<>0,JE12/(IY12+JB12+JE12),NA()) -> 0.023462288 | JH12: 11:00 | JI12: =$N$56 -> 0.31971994 | JJ12: =JJ11+JI12 -> 5.9470309 | JK12: =IF((JI12+JL12+JO12)<>0,JJ12/(JJ12+JM12+JP12),NA()) -> 0.75007745 | JL12: =$N$57 -> 0.16006911 | JM12: =JM11+JL12 -> 1.9551057 | JN12: =IF((JI12+JL12+JO12)<>0,JM12/(JJ12+JM12+JP12),NA()) -> 0.24659039 | JO12: =$N$58 -> 0 | JP12: =JP11+JO12 -> 0.026419214 | JQ12: =IF((JI12+JL12+JO12)<>0,JP12/(JJ12+JM12+JP12),NA()) -> 0.0033321597 | JS12: 11:00 | JT12: =$N$59 -> 0.13010914 | JU12: =JU11+JT12 -> 3.6542511 | JV12: =IF((JT12+JW12+JZ12)<>0,JU12/(JU12+JX12+KA12),NA()) -> 0.57204039 | JW12: =$N$60 -> 0.08457094 | JX12: =JX11+JW12 -> 2.6346657 | JY12: =IF((JT12+JW12+JZ12)<>0,JX12/(JU12+JX12+KA12),NA()) -> 0.4124334 | JZ12: =$N$61 -> 0 | KA12: =KA11+JZ12 -> 0.09918299 | KB12: =IF((JT12+JW12+JZ12)<>0,KA12/(JU12+JX12+KA12),NA()) -> 0.015526212 | KD12: 11:00 | KE12: =$N$62 -> 0 | KF12: =KF11+KE12 -> 1.8304419 | KG12: =IF((KE12+KH12+KK12)<>0,KF12/(KF12+KI12+KL12),NA()) -> #N/A | KH12: =$N$63 -> 0 | KI12: =KI11+KH12 -> 3.8685528 | KJ12: =IF((KE12+KH12+KK12)<>0,KI12/(KF12+KI12+KL12),NA()) -> #N/A | KK12: =$N$64 -> 0 | KL12: =KL11+KK12 -> 0.13647246 | KM12: =IF((KE12+KH12+KK12)<>0,KL12/(KF12+KI12+KL12),NA()) -> #N/A | KO12: 11:00 | KP12: =$N$65 -> 0 | KQ12: =KQ11+KP12 -> 3.5258255 | KR12: =IF((KP12+KS12+KV12)<>0,KQ12/(KQ12+KT12+KW12),NA()) -> #N/A | KS12: =$N$66 -> 0 | KT12: =KT11+KS12 -> 1.5710035 | KU12: =IF((KP12+KS12+KV12)<>0,KT12/(KQ12+KT12+KW12),NA()) -> #N/A | KV12: =$N$67 -> 0 | KW12: =KW11+KV12 -> 0.053009677 | KX12: =IF((KP12+KS12+KV12)<>0,KW12/(KQ12+KT12+KW12),NA()) -> #N/A | KZ12: 11:00 | LA12: =$N$68 -> 0 | LB12: =LB11+LA12 -> 3.5023864 | LC12: =IF((LA12+LD12+LG12)<>0,LB12/(LB12+LE12+LH12),NA()) -> #N/A | LD12: =$N$69 -> 0 | LE12: =LE11+LD12 -> 2.2450052 | LF12: =IF((LA12+LD12+LG12)<>0,LE12/(LB12+LE12+LH12),NA()) -> #N/A | LG12: =$N$70 -> 0 | LH12: =LH11+LG12 -> 0 | LI12: =IF((LA12+LD12+LG12)<>0,LH12/(LB12+LE12+LH12),NA()) -> #N/A | LK12: 11:00 | LL12: =$N$71 -> 0.38795148 | LM12: =LM11+LL12 -> 4.6823564 | LN12: =IF((LL12+LO12+LR12)<>0,LM12/(LM12+LP12+LS12),NA()) -> 0.62259494 | LO12: =$N$72 -> 0.25250878 | LP12: =LP11+LO12 -> 2.7862541 | LQ12: =IF((LL12+LO12+LR12)<>0,LP12/(LM12+LP12+LS12),NA()) -> 0.37047751 | LR12: =$N$73 -> 0.019780639 | LS12: =LS11+LR12 -> 0.052100142 | LT12: =IF((LL12+LO12+LR12)<>0,LS12/(LM12+LP12+LS12),NA()) -> 0.0069275557 | LV12: 11:00 | LW12: =$N$74 -> 0.36947736 | LX12: =LX11+LW12 -> 4.1414856 | LY12: =IF((LW12+LZ12+MC12)<>0,LX12/(LX12+MA12+MD12),NA()) -> 0.50478354 | LZ12: =$N$75 -> 0.33231128 | MA12: =MA11+LZ12 -> 3.9924122 | MB12: =IF((LW12+LZ12+MC12)<>0,MA12/(LX12+MA12+MD12),NA()) -> 0.48661379 | MC12: =$N$76 -> 0.0065828397 | MD12: =MD11+MC12 -> 0.070580407 | ME12: =IF((LW12+LZ12+MC12)<>0,MD12/(LX12+MA12+MD12),NA()) -> 0.0086026686
B13: =E13/SUM($E$11:$E$13) -> 0.0096375257 | C13: Otro | E13: =CORE!E76 -> 0.0096375257 | F13: =CORE!F76 -> 0.043414178 | G13: =CORE!G76 -> 0.033023054 | H13: =CORE!H76 -> 0.0080055889 | I13: =CORE!I76 -> 0.0071401198 | J13: =CORE!J76 -> 0.012705838 | K13: =CORE!K76 -> 0 | L13: =CORE!L76 -> 0 | ... Y13: =CORE!Y76 -> 0 | AQ13: 1.6489516 | AR13: =AU13/SUM($AU11:$AU13) -> 0.0096375257 | AS13: Otro | AU13: =IF((E11+E12+E13)=0,1,E13/(E11+E12+E13)*$AQ13) -> 0.015891814 | AV13: =IF((F11+F12+F13)=0,0,F13/(F11+F12+F13)*$AQ13) -> 0.071587879 | AW13: =IF((G11+G12+G13)=0,0,G13/(G11+G12+G13)*$AQ13) -> 0.064688762 | AX13: =IF((H11+H12+H13)=0,0,H13/(H11+H12+H13)*$AQ13) -> 0.013200829 | AY13: =IF((I11+I12+I13)=0,0,I13/(I11+I12+I13)*$AQ13) -> 0.013986759 | AZ13: =IF((J11+J12+J13)=0,0,J13/(J11+J12+J13)*$AQ13) -> 0.020951312 | BA13: =IF((K11+K12+K13)=0,0,K13/(K11+K12+K13)*$AQ13) -> 0 | BB13: =IF((L11+L12+L13)=0,0,L13/(L11+L12+L13)*$AQ13) -> 0 | BC13: =IF((M11+M12+M13)=0,0,M13/(M11+M12+M13)*$AQ13) -> 0 | ... BO13: =IF((Y11+Y12+Y13)=0,0,Y13/(Y11+Y12+Y13)*$AQ13) -> 0 | BP13: 10 | BQ13: 12:00 | BR13: 12:30 | BS13: =BE2 -> 27.24495 | BT13: =BT12+BS13 -> 479.70941 | BU13: =IF((BS13+BV13+BY13)<>0,BT13/(BT13+BW13+BZ13),NA()) -> 0.51340987 | BV13: =BE3 -> 23.321537 | BW13: =BW12+BV13 -> 439.5292 | BX13: =IF((BS13+BV13+BY13)<>0,BW13/(BT13+BW13+BZ13),NA()) -> 0.47040693 | BY13: =BE4 -> 1.5928495 | BZ13: =BZ12+BY13 -> 15.120923 | CA13: =IF((BS13+BV13+BY13)<>0,BZ13/(BT13+BW13+BZ13),NA()) -> 0.016183196 | CC13: 11:30 | CD13: =$O$5 -> 0.39393939 | CE13: =CE12+CD13 -> 5.0625768 | CF13: =IF((CD13+CG13+CJ13)<>0,CE13/(CE13+CH13+CK13),NA()) -> 0.56250853 | CG13: =$O$6 -> 0.57575758 | CH13: =CH12+CG13 -> 3.8785488 | CI13: =IF((CD13+CG13+CJ13)<>0,CH13/(CE13+CH13+CK13),NA()) -> 0.43094986 | CJ13: =$O$7 -> 0.03030303 | CK13: =CK12+CJ13 -> 0.058874459 | CL13: =IF((CD13+CG13+CJ13)<>0,CK13/(CE13+CH13+CK13),NA()) -> 0.0065416065 | CN13: 11:30 | CO13: =$O$8 -> 0.03619179 | CP13: =CP12+CO13 -> 5.43133 | CQ13: =IF((CO13+CR13+CU13)<>0,CP13/(CP13+CS13+CV13),NA()) -> 0.66021261 | CR13: =$O$9 -> 0.029611464 | CS13: =CS12+CR13 -> 2.7234608 | CT13: =IF((CO13+CR13+CU13)<>0,CS13/(CP13+CS13+CV13),NA()) -> 0.33105393 | CU13: =$O$10 -> 0 | CV13: =CV12+CU13 -> 0.071847052 | CW13: =IF((CO13+CR13+CU13)<>0,CV13/(CP13+CS13+CV13),NA()) -> 0.0087334649 | CY13: 11:30 | CZ13: =$O$11 -> 0.065926847 | DA13: =DA12+CZ13 -> 4.8483195 | DB13: =IF((CZ13+DC13+DF13)<>0,DA13/(DA13+DD13+DG13),NA()) -> 0.60799742 | DC13: =$O$12 -> 0.092297586 | DD13: =DD12+DC13 -> 3.0216353 | DE13: =IF((CZ13+DC13+DF13)<>0,DD13/(DA13+DD13+DG13),NA()) -> 0.37892438 | DF13: =$O$13 -> 0 | DG13: =DG12+DF13 -> 0.10428878 | DH13: =IF((CZ13+DC13+DF13)<>0,DG13/(DA13+DD13+DG13),NA()) -> 0.013078203 | DJ13: 11:30 | DK13: =$O$14 -> 0.102087 | DL13: =DL12+DK13 -> 4.3131314 | DM13: =IF((DK13+DN13+DQ13)<>0,DL13/(DL13+DO13+DR13),NA()) -> 0.49947572 | DN13: =$O$15 -> 0.13845984 | DO13: =DO12+DN13 -> 4.1210913 | DP13: =IF((DK13+DN13+DQ13)<>0,DO13/(DL13+DO13+DR13),NA()) -> 0.47723681 | DQ13: =$O$16 -> 0 | DR13: =DR12+DQ13 -> 0.20109476 | DS13: =IF((DK13+DN13+DQ13)<>0,DR13/(DL13+DO13+DR13),NA()) -> 0.023287477 | DU13: 11:30 | DV13: =$O$17 -> 0 | DW13: =DW12+DV13 -> 2.7253553 | DX13: =IF((DV13+DY13+EB13)<>0,DW13/(DW13+DZ13+EC13),NA()) -> #N/A | DY13: =$O$18 -> 0 | DZ13: =DZ12+DY13 -> 4.3566623 | EA13: =IF((DV13+DY13+EB13)<>0,DZ13/(DW13+DZ13+EC13),NA()) -> #N/A | EB13: =$O$19 -> 0 | EC13: =EC12+EB13 -> 0.16986688 | ED13: =IF((DV13+DY13+EB13)<>0,EC13/(DW13+DZ13+EC13),NA()) -> #N/A | EF13: 11:30 | EG13: =$O$20 -> 0.28620288 | EH13: =EH12+EG13 -> 4.9635959 | EI13: =IF((EG13+EJ13+EM13)<>0,EH13/(EH13+EK13+EN13),NA()) -> 0.58000036 | EJ13: =$O$21 -> 0.082268901 | EK13: =EK12+EJ13 -> 3.5302088 | EL13: =IF((EG13+EJ13+EM13)<>0,EK13/(EH13+EK13+EN13),NA()) -> 0.41250788 | EM13: =$O$22 -> 0 | EN13: =EN12+EM13 -> 0.064113811 | EO13: =IF((EG13+EJ13+EM13)<>0,EN13/(EH13+EK13+EN13),NA()) -> 0.007491753 | EQ13: 11:30 | ER13: =$O$23 -> 0.49834566 | ES13: =ES12+ER13 -> 4.533251 | ET13: =IF((ER13+EU13+EX13)<>0,ES13/(ES13+EV13+EY13),NA()) -> 0.55008106 | EU13: =$O$24 -> 0.28962792 | EV13: =EV12+EU13 -> 3.5323319 | EW13: =IF((ER13+EU13+EX13)<>0,EV13/(ES13+EV13+EY13),NA()) -> 0.42862592 | EX13: =$O$25 -> 0 | EY13: =EY12+EX13 -> 0.17547708 | EZ13: =IF((ER13+EU13+EX13)<>0,EY13/(ES13+EV13+EY13),NA()) -> 0.021293023 | FB13: 11:30 | FC13: =$O$26 -> 0 | FD13: =FD12+FC13 -> 3.8008723 | FE13: =IF((FC13+FF13+FI13)<>0,FD13/(FD13+FG13+FJ13),NA()) -> #N/A | FF13: =$O$27 -> 0 | FG13: =FG12+FF13 -> 4.2021008 | FH13: =IF((FC13+FF13+FI13)<>0,FG13/(FD13+FG13+FJ13),NA()) -> #N/A | FI13: =$O$28 -> 0 | FJ13: =FJ12+FI13 -> 0.052788057 | FK13: =IF((FC13+FF13+FI13)<>0,FJ13/(FD13+FG13+FJ13),NA()) -> #N/A | FM13: 11:30 | FN13: =$O$29 -> 0 | FO13: =FO12+FN13 -> 2.925 | FP13: =IF((FN13+FQ13+FT13)<>0,FO13/(FO13+FR13+FU13),NA()) -> #N/A | FQ13: =$O$30 -> 0 | FR13: =FR12+FQ13 -> 2.95 | FS13: =IF((FN13+FQ13+FT13)<>0,FR13/(FO13+FR13+FU13),NA()) -> #N/A | FT13: =$O$31 -> 0 | FU13: =FU12+FT13 -> 0.125 | FV13: =IF((FN13+FQ13+FT13)<>0,FU13/(FO13+FR13+FU13),NA()) -> #N/A | FX13: 11:30 | FY13: =$O$32 -> 0.12301541 | FZ13: =FZ12+FY13 -> 2.6985202 | GA13: =IF((FY13+GB13+GE13)<>0,FZ13/(FZ13+GC13+GF13),NA()) -> 0.38226305 | GB13: =$O$33 -> 0.27706923 | GC13: =GC12+GB13 -> 4.0968508 | GD13: =IF((FY13+GB13+GE13)<>0,GC13/(FZ13+GC13+GF13),NA()) -> 0.58034575 | GE13: =$O$34 -> 0.025708173 | GF13: =GF12+GE13 -> 0.26395674 | GG13: =IF((FY13+GB13+GE13)<>0,GF13/(FZ13+GC13+GF13),NA()) -> 0.037391201 | GI13: 11:30 | GJ13: =$O$35 -> 0.534151 | GK13: =GK12+GJ13 -> 6.213372 | GL13: =IF((GJ13+GM13+GP13)<>0,GK13/(GK13+GN13+GQ13),NA()) -> 0.66910323 | GM13: =$O$36 -> 0.4549689 | GN13: =GN12+GM13 -> 3.0230597 | GO13: =IF((GJ13+GM13+GP13)<>0,GN13/(GK13+GN13+GQ13),NA()) -> 0.32554609 | GP13: =$O$37 -> 0.010880099 | GQ13: =GQ12+GP13 -> 0.049686965 | GR13: =IF((GJ13+GM13+GP13)<>0,GQ13/(GK13+GN13+GQ13),NA()) -> 0.005350671 | GT13: 11:30 | GU13: =$O$38 -> 0 | GV13: =GV12+GU13 -> 4.1824765 | GW13: =IF((GU13+GX13+HA13)<>0,GV13/(GV13+GY13+HB13),NA()) -> #N/A | GX13: =$O$39 -> 0 | GY13: =GY12+GX13 -> 2.6920065 | GZ13: =IF((GU13+GX13+HA13)<>0,GY13/(GV13+GY13+HB13),NA()) -> #N/A | HA13: =$O$40 -> 0 | HB13: =HB12+HA13 -> 0.042961455 | HC13: =IF((GU13+GX13+HA13)<>0,HB13/(GV13+GY13+HB13),NA()) -> #N/A | HE13: 11:30 | HF13: =$O$41 -> 0 | HG13: =HG12+HF13 -> 3.9817506 | HH13: =IF((HF13+HI13+HL13)<>0,HG13/(HG13+HJ13+HM13),NA()) -> #N/A | HI13: =$O$42 -> 0 | HJ13: =HJ12+HI13 -> 3.8844822 | HK13: =IF((HF13+HI13+HL13)<>0,HJ13/(HG13+HJ13+HM13),NA()) -> #N/A | HL13: =$O$43 -> 0 | HM13: =HM12+HL13 -> 0.059208539 | HN13: =IF((HF13+HI13+HL13)<>0,HM13/(HG13+HJ13+HM13),NA()) -> #N/A | HP13: 11:30 | HQ13: =$O$44 -> 0 | HR13: =HR12+HQ13 -> 4.3044736 | HS13: =IF((HQ13+HT13+HW13)<>0,HR13/(HR13+HU13+HX13),NA()) -> #N/A | HT13: =$O$45 -> 0 | HU13: =HU12+HT13 -> 3.6135461 | HV13: =IF((HQ13+HT13+HW13)<>0,HU13/(HR13+HU13+HX13),NA()) -> #N/A | HW13: =$O$46 -> 0 | HX13: =HX12+HW13 -> 0.081980304 | HY13: =IF((HQ13+HT13+HW13)<>0,HX13/(HR13+HU13+HX13),NA()) -> #N/A | IA13: 11:30 | IB13: =$O$47 -> 0.21267098 | IC13: =IC12+IB13 -> 2.9269681 | ID13: =IF((IB13+IE13+IH13)<>0,IC13/(IC13+IF13+II13),NA()) -> 0.38836074 | IE13: =$O$48 -> 0.19067693 | IF13: =IF12+IE13 -> 4.4592474 | IG13: =IF((IB13+IE13+IH13)<>0,IF13/(IC13+IF13+II13),NA()) -> 0.5916691 | IH13: =$O$49 -> 0 | II13: =II12+IH13 -> 0.1505096 | IJ13: =IF((IB13+IE13+IH13)<>0,II13/(IC13+IF13+II13),NA()) -> 0.019970159 | IL13: 11:30 | IM13: =$O$50 -> 0 | IN13: =IN12+IM13 -> 3.544097 | IO13: =IF((IM13+IP13+IS13)<>0,IN13/(IN13+IQ13+IT13),NA()) -> #N/A | IP13: =$O$51 -> 0 | IQ13: =IQ12+IP13 -> 5.3997052 | IR13: =IF((IM13+IP13+IS13)<>0,IQ13/(IN13+IQ13+IT13),NA()) -> #N/A | IS13: =$O$52 -> 0 | IT13: =IT12+IS13 -> 0.056197847 | IU13: =IF((IM13+IP13+IS13)<>0,IT13/(IN13+IQ13+IT13),NA()) -> #N/A | IW13: 11:30 | IX13: =$O$53 -> 0 | IY13: =IY12+IX13 -> 3.0895253 | IZ13: =IF((IX13+JA13+JD13)<>0,IY13/(IY13+JB13+JE13),NA()) -> #N/A | JA13: =$O$54 -> 0 | JB13: =JB12+JA13 -> 2.3107248 | JC13: =IF((IX13+JA13+JD13)<>0,JB13/(IY13+JB13+JE13),NA()) -> #N/A | JD13: =$O$55 -> 0 | JE13: =JE12+JD13 -> 0.12974637 | JF13: =IF((IX13+JA13+JD13)<>0,JE13/(IY13+JB13+JE13),NA()) -> #N/A | JH13: 11:30 | JI13: =$O$56 -> 0.18617444 | JJ13: =JJ12+JI13 -> 6.1332054 | JK13: =IF((JI13+JL13+JO13)<>0,JJ13/(JJ13+JM13+JP13),NA()) -> 0.74723949 | JL13: =$O$57 -> 0 | JM13: =JM12+JL13 -> 1.9551057 | JN13: =IF((JI13+JL13+JO13)<>0,JM13/(JJ13+JM13+JP13),NA()) -> 0.23820043 | JO13: =$O$58 -> 0.093087222 | JP13: =JP12+JO13 -> 0.11950644 | JQ13: =IF((JI13+JL13+JO13)<>0,JP13/(JJ13+JM13+JP13),NA()) -> 0.014560075 | JS13: 11:30 | JT13: =$O$59 -> 0 | JU13: =JU12+JT13 -> 3.6542511 | JV13: =IF((JT13+JW13+JZ13)<>0,JU13/(JU13+JX13+KA13),NA()) -> #N/A | JW13: =$O$60 -> 0 | JX13: =JX12+JW13 -> 2.6346657 | JY13: =IF((JT13+JW13+JZ13)<>0,JX13/(JU13+JX13+KA13),NA()) -> #N/A | JZ13: =$O$61 -> 0 | KA13: =KA12+JZ13 -> 0.09918299 | KB13: =IF((JT13+JW13+JZ13)<>0,KA13/(JU13+JX13+KA13),NA()) -> #N/A | KD13: 11:30 | KE13: =$O$62 -> 0 | KF13: =KF12+KE13 -> 1.8304419 | KG13: =IF((KE13+KH13+KK13)<>0,KF13/(KF13+KI13+KL13),NA()) -> #N/A | KH13: =$O$63 -> 0 | KI13: =KI12+KH13 -> 3.8685528 | KJ13: =IF((KE13+KH13+KK13)<>0,KI13/(KF13+KI13+KL13),NA()) -> #N/A | KK13: =$O$64 -> 0 | KL13: =KL12+KK13 -> 0.13647246 | KM13: =IF((KE13+KH13+KK13)<>0,KL13/(KF13+KI13+KL13),NA()) -> #N/A | KO13: 11:30 | KP13: =$O$65 -> 0 | KQ13: =KQ12+KP13 -> 3.5258255 | KR13: =IF((KP13+KS13+KV13)<>0,KQ13/(KQ13+KT13+KW13),NA()) -> #N/A | KS13: =$O$66 -> 0 | KT13: =KT12+KS13 -> 1.5710035 | KU13: =IF((KP13+KS13+KV13)<>0,KT13/(KQ13+KT13+KW13),NA()) -> #N/A | KV13: =$O$67 -> 0 | KW13: =KW12+KV13 -> 0.053009677 | KX13: =IF((KP13+KS13+KV13)<>0,KW13/(KQ13+KT13+KW13),NA()) -> #N/A | KZ13: 11:30 | LA13: =$O$68 -> 0 | LB13: =LB12+LA13 -> 3.5023864 | LC13: =IF((LA13+LD13+LG13)<>0,LB13/(LB13+LE13+LH13),NA()) -> #N/A | LD13: =$O$69 -> 0 | LE13: =LE12+LD13 -> 2.2450052 | LF13: =IF((LA13+LD13+LG13)<>0,LE13/(LB13+LE13+LH13),NA()) -> #N/A | LG13: =$O$70 -> 0 | LH13: =LH12+LG13 -> 0 | LI13: =IF((LA13+LD13+LG13)<>0,LH13/(LB13+LE13+LH13),NA()) -> #N/A | LK13: 11:30 | LL13: =$O$71 -> 0 | LM13: =LM12+LL13 -> 4.6823564 | LN13: =IF((LL13+LO13+LR13)<>0,LM13/(LM13+LP13+LS13),NA()) -> #N/A | LO13: =$O$72 -> 0 | LP13: =LP12+LO13 -> 2.7862541 | LQ13: =IF((LL13+LO13+LR13)<>0,LP13/(LM13+LP13+LS13),NA()) -> #N/A | LR13: =$O$73 -> 0 | LS13: =LS12+LR13 -> 0.052100142 | LT13: =IF((LL13+LO13+LR13)<>0,LS13/(LM13+LP13+LS13),NA()) -> #N/A | LV13: 11:30 | LW13: =$O$74 -> 0 | LX13: =LX12+LW13 -> 4.1414856 | LY13: =IF((LW13+LZ13+MC13)<>0,LX13/(LX13+MA13+MD13),NA()) -> #N/A | LZ13: =$O$75 -> 0 | MA13: =MA12+LZ13 -> 3.9924122 | MB13: =IF((LW13+LZ13+MC13)<>0,MA13/(LX13+MA13+MD13),NA()) -> #N/A | MC13: =$O$76 -> 0 | MD13: =MD12+MC13 -> 0.070580407 | ME13: =IF((LW13+LZ13+MC13)<>0,MD13/(LX13+MA13+MD13),NA()) -> #N/A
B14: =E14/SUM($E$14:$E$16) -> 0.50438855 | C14: Chavez | E14: =CORE!E105 -> 0.50438855 | F14: =CORE!F105 -> 0.44222325 | G14: =CORE!G105 -> 0.56941577 | H14: =CORE!H105 -> 0.38201456 | I14: =CORE!I105 -> 0.55126925 | J14: =CORE!J105 -> 0.51980541 | K14: =CORE!K105 -> 0.40500783 | L14: =CORE!L105 -> 0.39902102 | ... Y14: =CORE!Y105 -> 0 | AQ14: 6.1944115 | AR14: =AU14/SUM($AU14:$AU16) -> 0.50438855 | AS14: Chavez | AU14: =IF((E14+E15+E16)=0,1,E14/(E14+E15+E16)*$AQ14) -> 3.1243902 | AV14: =IF((F14+F15+F16)=0,0,F14/(F14+F15+F16)*$AQ14) -> 3.1933452 | AW14: =IF((G14+G15+G16)=0,0,G14/(G14+G15+G16)*$AQ14) -> 3.5271956 | AX14: =IF((H14+H15+H16)=0,0,H14/(H14+H15+H16)*$AQ14) -> 2.60837 | AY14: =IF((I14+I15+I16)=0,0,I14/(I14+I15+I16)*$AQ14) -> 3.4147886 | AZ14: =IF((J14+J15+J16)=0,0,J14/(J14+J15+J16)*$AQ14) -> 3.5087954 | BA14: =IF((K14+K15+K16)=0,0,K14/(K14+K15+K16)*$AQ14) -> 2.6684744 | BB14: =IF((L14+L15+L16)=0,0,L14/(L14+L15+L16)*$AQ14) -> 2.9716545 | BC14: =IF((M14+M15+M16)=0,0,M14/(M14+M15+M16)*$AQ14) -> 2.7738276 | ... BO14: =IF((Y14+Y15+Y16)=0,0,Y14/(Y14+Y15+Y16)*$AQ14) -> 0 | BP14: 11 | BQ14: 12:30 | BR14: 1:00 | BS14: =BF2 -> 23.160578 | BT14: =BT13+BS14 -> 502.86999 | BU14: =IF((BS14+BV14+BY14)<>0,BT14/(BT14+BW14+BZ14),NA()) -> 0.51220752 | BV14: =BF3 -> 24.223431 | BW14: =BW13+BV14 -> 463.75264 | BX14: =IF((BS14+BV14+BY14)<>0,BW14/(BT14+BW14+BZ14),NA()) -> 0.47236382 | BY14: =BF4 -> 0.026476127 | BZ14: =BZ13+BY14 -> 15.147399 | CA14: =IF((BS14+BV14+BY14)<>0,BZ14/(BT14+BW14+BZ14),NA()) -> 0.015428664 | CC14: 12:00 | CD14: =$P$5 -> 0.80645161 | CE14: =CE13+CD14 -> 5.8690284 | CF14: =IF((CD14+CG14+CJ14)<>0,CE14/(CE14+CH14+CK14),NA()) -> 0.58690284 | CG14: =$P$6 -> 0.19354839 | CH14: =CH13+CG14 -> 4.0720971 | CI14: =IF((CD14+CG14+CJ14)<>0,CH14/(CE14+CH14+CK14),NA()) -> 0.40720971 | CJ14: =$P$7 -> 0 | CK14: =CK13+CJ14 -> 0.058874459 | CL14: =IF((CD14+CG14+CJ14)<>0,CK14/(CE14+CH14+CK14),NA()) -> 0.0058874459 | CN14: 12:00 | CO14: =$P$8 -> 0.032901627 | CP14: =CP13+CO14 -> 5.4642316 | CQ14: =IF((CO14+CR14+CU14)<>0,CP14/(CP14+CS14+CV14),NA()) -> 0.65894127 | CR14: =$P$9 -> 0.032901627 | CS14: =CS13+CR14 -> 2.7563624 | CT14: =IF((CO14+CR14+CU14)<>0,CS14/(CP14+CS14+CV14),NA()) -> 0.33239457 | CU14: =$P$10 -> 0 | CV14: =CV13+CU14 -> 0.071847052 | CW14: =IF((CO14+CR14+CU14)<>0,CV14/(CP14+CS14+CV14),NA()) -> 0.0086641619 | CY14: 12:00 | CZ14: =$P$11 -> 0.10548295 | DA14: =DA13+CZ14 -> 4.9538024 | DB14: =IF((CZ14+DC14+DF14)<>0,DA14/(DA14+DD14+DG14),NA()) -> 0.60913888 | DC14: =$P$12 -> 0.052741477 | DD14: =DD13+DC14 -> 3.0743768 | DE14: =IF((CZ14+DC14+DF14)<>0,DD14/(DA14+DD14+DG14),NA()) -> 0.37803737 | DF14: =$P$13 -> 0 | DG14: =DG13+DF14 -> 0.10428878 | DH14: =IF((CZ14+DC14+DF14)<>0,DG14/(DA14+DD14+DG14),NA()) -> 0.012823755 | DJ14: 12:00 | DK14: =$P$14 -> 0 | DL14: =DL13+DK14 -> 4.3131314 | DM14: =IF((DK14+DN14+DQ14)<>0,DL14/(DL14+DO14+DR14),NA()) -> #N/A | DN14: =$P$15 -> 0 | DO14: =DO13+DN14 -> 4.1210913 | DP14: =IF((DK14+DN14+DQ14)<>0,DO14/(DL14+DO14+DR14),NA()) -> #N/A | DQ14: =$P$16 -> 0 | DR14: =DR13+DQ14 -> 0.20109476 | DS14: =IF((DK14+DN14+DQ14)<>0,DR14/(DL14+DO14+DR14),NA()) -> #N/A | DU14: 12:00 | DV14: =$P$17 -> 0 | DW14: =DW13+DV14 -> 2.7253553 | DX14: =IF((DV14+DY14+EB14)<>0,DW14/(DW14+DZ14+EC14),NA()) -> #N/A | DY14: =$P$18 -> 0 | DZ14: =DZ13+DY14 -> 4.3566623 | EA14: =IF((DV14+DY14+EB14)<>0,DZ14/(DW14+DZ14+EC14),NA()) -> #N/A | EB14: =$P$19 -> 0 | EC14: =EC13+EB14 -> 0.16986688 | ED14: =IF((DV14+DY14+EB14)<>0,EC14/(DW14+DZ14+EC14),NA()) -> #N/A | EF14: 12:00 | EG14: =$P$20 -> 0.01950827 | EH14: =EH13+EG14 -> 4.9831041 | EI14: =IF((EG14+EJ14+EM14)<>0,EH14/(EH14+EK14+EN14),NA()) -> 0.57851206 | EJ14: =$P$21 -> 0.036229644 | EK14: =EK13+EJ14 -> 3.5664385 | EL14: =IF((EG14+EJ14+EM14)<>0,EK14/(EH14+EK14+EN14),NA()) -> 0.41404467 | EM14: =$P$22 -> 0 | EN14: =EN13+EM14 -> 0.064113811 | EO14: =IF((EG14+EJ14+EM14)<>0,EN14/(EH14+EK14+EN14),NA()) -> 0.0074432747 | EQ14: 12:00 | ER14: =$P$23 -> 0.048107638 | ES14: =ES13+ER14 -> 4.5813586 | ET14: =IF((ER14+EU14+EX14)<>0,ES14/(ES14+EV14+EY14),NA()) -> 0.55154903 | EU14: =$P$24 -> 0.017181299 | EV14: =EV13+EU14 -> 3.5495132 | EW14: =IF((ER14+EU14+EX14)<>0,EV14/(ES14+EV14+EY14),NA()) -> 0.42732532 | EX14: =$P$25 -> 0 | EY14: =EY13+EX14 -> 0.17547708 | EZ14: =IF((ER14+EU14+EX14)<>0,EY14/(ES14+EV14+EY14),NA()) -> 0.021125657 | FB14: 12:00 | FC14: =$P$26 -> 0 | FD14: =FD13+FC14 -> 3.8008723 | FE14: =IF((FC14+FF14+FI14)<>0,FD14/(FD14+FG14+FJ14),NA()) -> #N/A | FF14: =$P$27 -> 0 | FG14: =FG13+FF14 -> 4.2021008 | FH14: =IF((FC14+FF14+FI14)<>0,FG14/(FD14+FG14+FJ14),NA()) -> #N/A | FI14: =$P$28 -> 0 | FJ14: =FJ13+FI14 -> 0.052788057 | FK14: =IF((FC14+FF14+FI14)<>0,FJ14/(FD14+FG14+FJ14),NA()) -> #N/A | FM14: 12:00 | FN14: =$P$29 -> 0 | FO14: =FO13+FN14 -> 2.925 | FP14: =IF((FN14+FQ14+FT14)<>0,FO14/(FO14+FR14+FU14),NA()) -> #N/A | FQ14: =$P$30 -> 0 | FR14: =FR13+FQ14 -> 2.95 | FS14: =IF((FN14+FQ14+FT14)<>0,FR14/(FO14+FR14+FU14),NA()) -> #N/A | FT14: =$P$31 -> 0 | FU14: =FU13+FT14 -> 0.125 | FV14: =IF((FN14+FQ14+FT14)<>0,FU14/(FO14+FR14+FU14),NA()) -> #N/A | FX14: 12:00 | FY14: =$P$32 -> 0.084882186 | FZ14: =FZ13+FY14 -> 2.7834023 | GA14: =IF((FY14+GB14+GE14)<>0,FZ14/(FZ14+GC14+GF14),NA()) -> 0.3840259 | GB14: =$P$33 -> 0.10374489 | GC14: =GC13+GB14 -> 4.2005957 | GD14: =IF((FY14+GB14+GE14)<>0,GC14/(FZ14+GC14+GF14),NA()) -> 0.579556 | GE14: =$P$34 -> 0 | GF14: =GF13+GE14 -> 0.26395674 | GG14: =IF((FY14+GB14+GE14)<>0,GF14/(FZ14+GC14+GF14),NA()) -> 0.0364181 | GI14: 12:00 | GJ14: =$P$35 -> 0 | GK14: =GK13+GJ14 -> 6.213372 | GL14: =IF((GJ14+GM14+GP14)<>0,GK14/(GK14+GN14+GQ14),NA()) -> #N/A | GM14: =$P$36 -> 0 | GN14: =GN13+GM14 -> 3.0230597 | GO14: =IF((GJ14+GM14+GP14)<>0,GN14/(GK14+GN14+GQ14),NA()) -> #N/A | GP14: =$P$37 -> 0 | GQ14: =GQ13+GP14 -> 0.049686965 | GR14: =IF((GJ14+GM14+GP14)<>0,GQ14/(GK14+GN14+GQ14),NA()) -> #N/A | GT14: 12:00 | GU14: =$P$38 -> 0 | GV14: =GV13+GU14 -> 4.1824765 | GW14: =IF((GU14+GX14+HA14)<>0,GV14/(GV14+GY14+HB14),NA()) -> #N/A | GX14: =$P$39 -> 0 | GY14: =GY13+GX14 -> 2.6920065 | GZ14: =IF((GU14+GX14+HA14)<>0,GY14/(GV14+GY14+HB14),NA()) -> #N/A | HA14: =$P$40 -> 0 | HB14: =HB13+HA14 -> 0.042961455 | HC14: =IF((GU14+GX14+HA14)<>0,HB14/(GV14+GY14+HB14),NA()) -> #N/A | HE14: 12:00 | HF14: =$P$41 -> 0 | HG14: =HG13+HF14 -> 3.9817506 | HH14: =IF((HF14+HI14+HL14)<>0,HG14/(HG14+HJ14+HM14),NA()) -> #N/A | HI14: =$P$42 -> 0 | HJ14: =HJ13+HI14 -> 3.8844822 | HK14: =IF((HF14+HI14+HL14)<>0,HJ14/(HG14+HJ14+HM14),NA()) -> #N/A | HL14: =$P$43 -> 0 | HM14: =HM13+HL14 -> 0.059208539 | HN14: =IF((HF14+HI14+HL14)<>0,HM14/(HG14+HJ14+HM14),NA()) -> #N/A | HP14: 12:00 | HQ14: =$P$44 -> 0.20339271 | HR14: =HR13+HQ14 -> 4.5078663 | HS14: =IF((HQ14+HT14+HW14)<>0,HR14/(HR14+HU14+HX14),NA()) -> 0.5319278 | HT14: =$P$45 -> 0.27119027 | HU14: =HU13+HT14 -> 3.8847364 | HV14: =IF((HQ14+HT14+HW14)<>0,HU14/(HR14+HU14+HX14),NA()) -> 0.45839853 | HW14: =$P$46 -> 0 | HX14: =HX13+HW14 -> 0.081980304 | HY14: =IF((HQ14+HT14+HW14)<>0,HX14/(HR14+HU14+HX14),NA()) -> 0.0096736683 | IA14: 12:00 | IB14: =$P$47 -> 0.23850138 | IC14: =IC13+IB14 -> 3.1654695 | ID14: =IF((IB14+IE14+IH14)<>0,IC14/(IC14+IF14+II14),NA()) -> 0.38840213 | IE14: =$P$48 -> 0.37318812 | IF14: =IF13+IE14 -> 4.8324356 | IG14: =IF((IB14+IE14+IH14)<>0,IF14/(IC14+IF14+II14),NA()) -> 0.59293835 | IH14: =$P$49 -> 0.0015650675 | II14: =II13+IH14 -> 0.15207467 | IJ14: =IF((IB14+IE14+IH14)<>0,II14/(IC14+IF14+II14),NA()) -> 0.018659515 | IL14: 12:00 | IM14: =$P$50 -> 0 | IN14: =IN13+IM14 -> 3.544097 | IO14: =IF((IM14+IP14+IS14)<>0,IN14/(IN14+IQ14+IT14),NA()) -> #N/A | IP14: =$P$51 -> 0 | IQ14: =IQ13+IP14 -> 5.3997052 | IR14: =IF((IM14+IP14+IS14)<>0,IQ14/(IN14+IQ14+IT14),NA()) -> #N/A | IS14: =$P$52 -> 0 | IT14: =IT13+IS14 -> 0.056197847 | IU14: =IF((IM14+IP14+IS14)<>0,IT14/(IN14+IQ14+IT14),NA()) -> #N/A | IW14: 12:00 | IX14: =$P$53 -> 0 | IY14: =IY13+IX14 -> 3.0895253 | IZ14: =IF((IX14+JA14+JD14)<>0,IY14/(IY14+JB14+JE14),NA()) -> 0.53904634 | JA14: =$P$54 -> 0.20146869 | JB14: =JB13+JA14 -> 2.5121935 | JC14: =IF((IX14+JA14+JD14)<>0,JB14/(IY14+JB14+JE14),NA()) -> 0.4383161 | JD14: =$P$55 -> 0 | JE14: =JE13+JD14 -> 0.12974637 | JF14: =IF((IX14+JA14+JD14)<>0,JE14/(IY14+JB14+JE14),NA()) -> 0.022637557 | JH14: 12:00 | JI14: =$P$56 -> 0.28655229 | JJ14: =JJ13+JI14 -> 6.4197577 | JK14: =IF((JI14+JL14+JO14)<>0,JJ14/(JJ14+JM14+JP14),NA()) -> 0.74374279 | JL14: =$P$57 -> 0.13732078 | JM14: =JM13+JL14 -> 2.0924265 | JN14: =IF((JI14+JL14+JO14)<>0,JM14/(JJ14+JM14+JP14),NA()) -> 0.24241213 | JO14: =$P$58 -> 0 | JP14: =JP13+JO14 -> 0.11950644 | JQ14: =IF((JI14+JL14+JO14)<>0,JP14/(JJ14+JM14+JP14),NA()) -> 0.013845079 | JS14: 12:00 | JT14: =$P$59 -> 0 | JU14: =JU13+JT14 -> 3.6542511 | JV14: =IF((JT14+JW14+JZ14)<>0,JU14/(JU14+JX14+KA14),NA()) -> #N/A | JW14: =$P$60 -> 0 | JX14: =JX13+JW14 -> 2.6346657 | JY14: =IF((JT14+JW14+JZ14)<>0,JX14/(JU14+JX14+KA14),NA()) -> #N/A | JZ14: =$P$61 -> 0 | KA14: =KA13+JZ14 -> 0.09918299 | KB14: =IF((JT14+JW14+JZ14)<>0,KA14/(JU14+JX14+KA14),NA()) -> #N/A | KD14: 12:00 | KE14: =$P$62 -> 0 | KF14: =KF13+KE14 -> 1.8304419 | KG14: =IF((KE14+KH14+KK14)<>0,KF14/(KF14+KI14+KL14),NA()) -> #N/A | KH14: =$P$63 -> 0 | KI14: =KI13+KH14 -> 3.8685528 | KJ14: =IF((KE14+KH14+KK14)<>0,KI14/(KF14+KI14+KL14),NA()) -> #N/A | KK14: =$P$64 -> 0 | KL14: =KL13+KK14 -> 0.13647246 | KM14: =IF((KE14+KH14+KK14)<>0,KL14/(KF14+KI14+KL14),NA()) -> #N/A | KO14: 12:00 | KP14: =$P$65 -> 0 | KQ14: =KQ13+KP14 -> 3.5258255 | KR14: =IF((KP14+KS14+KV14)<>0,KQ14/(KQ14+KT14+KW14),NA()) -> #N/A | KS14: =$P$66 -> 0 | KT14: =KT13+KS14 -> 1.5710035 | KU14: =IF((KP14+KS14+KV14)<>0,KT14/(KQ14+KT14+KW14),NA()) -> #N/A | KV14: =$P$67 -> 0 | KW14: =KW13+KV14 -> 0.053009677 | KX14: =IF((KP14+KS14+KV14)<>0,KW14/(KQ14+KT14+KW14),NA()) -> #N/A | KZ14: 12:00 | LA14: =$P$68 -> 0 | LB14: =LB13+LA14 -> 3.5023864 | LC14: =IF((LA14+LD14+LG14)<>0,LB14/(LB14+LE14+LH14),NA()) -> #N/A | LD14: =$P$69 -> 0 | LE14: =LE13+LD14 -> 2.2450052 | LF14: =IF((LA14+LD14+LG14)<>0,LE14/(LB14+LE14+LH14),NA()) -> #N/A | LG14: =$P$70 -> 0 | LH14: =LH13+LG14 -> 0 | LI14: =IF((LA14+LD14+LG14)<>0,LH14/(LB14+LE14+LH14),NA()) -> #N/A | LK14: 12:00 | LL14: =$P$71 -> 0 | LM14: =LM13+LL14 -> 4.6823564 | LN14: =IF((LL14+LO14+LR14)<>0,LM14/(LM14+LP14+LS14),NA()) -> #N/A | LO14: =$P$72 -> 0 | LP14: =LP13+LO14 -> 2.7862541 | LQ14: =IF((LL14+LO14+LR14)<>0,LP14/(LM14+LP14+LS14),NA()) -> #N/A | LR14: =$P$73 -> 0 | LS14: =LS13+LR14 -> 0.052100142 | LT14: =IF((LL14+LO14+LR14)<>0,LS14/(LM14+LP14+LS14),NA()) -> #N/A | LV14: 12:00 | LW14: =$P$74 -> 0 | LX14: =LX13+LW14 -> 4.1414856 | LY14: =IF((LW14+LZ14+MC14)<>0,LX14/(LX14+MA14+MD14),NA()) -> #N/A | LZ14: =$P$75 -> 0 | MA14: =MA13+LZ14 -> 3.9924122 | MB14: =IF((LW14+LZ14+MC14)<>0,MA14/(LX14+MA14+MD14),NA()) -> #N/A | MC14: =$P$76 -> 0 | MD14: =MD13+MC14 -> 0.070580407 | ME14: =IF((LW14+LZ14+MC14)<>0,MD14/(LX14+MA14+MD14),NA()) -> #N/A
B15: =E15/SUM($E$14:$E$16) -> 0.47572039 | C15: Capriles | D15: ARAGUA | E15: =CORE!E106 -> 0.47572039 | F15: =CORE!F106 -> 0.41060128 | G15: =CORE!G106 -> 0.4026892 | H15: =CORE!H106 -> 0.48895565 | I15: =CORE!I106 -> 0.43771171 | J15: =CORE!J106 -> 0.39104299 | K15: =CORE!K106 -> 0.52876398 | L15: =CORE!L106 -> 0.41931791 | ... Y15: =CORE!Y106 -> 0 | AQ15: 6.1944115 | AR15: =AU15/SUM($AU14:$AU16) -> 0.47572039 | AS15: Capriles | AT15: ARAGUA | AU15: =IF((E14+E15+E16)=0,1,E15/(E14+E15+E16)*$AQ15) -> 2.9468079 | AV15: =IF((F14+F15+F16)=0,0,F15/(F14+F15+F16)*$AQ15) -> 2.9649993 | AW15: =IF((G14+G15+G16)=0,0,G15/(G14+G15+G16)*$AQ15) -> 2.4944226 | AX15: =IF((H14+H15+H16)=0,0,H15/(H14+H15+H16)*$AQ15) -> 3.3385566 | AY15: =IF((I14+I15+I16)=0,0,I15/(I14+I15+I16)*$AQ15) -> 2.7113664 | AZ15: =IF((J14+J15+J16)=0,0,J15/(J14+J15+J16)*$AQ15) -> 2.6396221 | BA15: =IF((K14+K15+K16)=0,0,K15/(K14+K15+K16)*$AQ15) -> 3.4838664 | BB15: =IF((L14+L15+L16)=0,0,L15/(L14+L15+L16)*$AQ15) -> 3.1228128 | BC15: =IF((M14+M15+M16)=0,0,M15/(M14+M15+M16)*$AQ15) -> 3.2871464 | ... BO15: =IF((Y14+Y15+Y16)=0,0,Y15/(Y14+Y15+Y16)*$AQ15) -> 0 | BP15: 12 | BQ15: 1:00 | BR15: 1:30 | BS15: =BG2 -> 24.717971 | BT15: =BT14+BS15 -> 527.58796 | BU15: =IF((BS15+BV15+BY15)<>0,BT15/(BT15+BW15+BZ15),NA()) -> 0.51474027 | BV15: =BG3 -> 17.535328 | BW15: =BW14+BV15 -> 481.28796 | BX15: =IF((BS15+BV15+BY15)<>0,BW15/(BT15+BW15+BZ15),NA()) -> 0.46956776 | BY15: =BG4 -> 0.93623912 | BZ15: =BZ14+BY15 -> 16.083639 | CA15: =IF((BS15+BV15+BY15)<>0,BZ15/(BT15+BW15+BZ15),NA()) -> 0.015691974 | CC15: 12:30 | CD15: =$Q$5 -> 0 | CE15: =CE14+CD15 -> 5.8690284 | CF15: =IF((CD15+CG15+CJ15)<>0,CE15/(CE15+CH15+CK15),NA()) -> #N/A | CG15: =$Q$6 -> 0 | CH15: =CH14+CG15 -> 4.0720971 | CI15: =IF((CD15+CG15+CJ15)<>0,CH15/(CE15+CH15+CK15),NA()) -> #N/A | CJ15: =$Q$7 -> 0 | CK15: =CK14+CJ15 -> 0.058874459 | CL15: =IF((CD15+CG15+CJ15)<>0,CK15/(CE15+CH15+CK15),NA()) -> #N/A | CN15: 12:30 | CO15: =$Q$8 -> 0 | CP15: =CP14+CO15 -> 5.4642316 | CQ15: =IF((CO15+CR15+CU15)<>0,CP15/(CP15+CS15+CV15),NA()) -> #N/A | CR15: =$Q$9 -> 0 | CS15: =CS14+CR15 -> 2.7563624 | CT15: =IF((CO15+CR15+CU15)<>0,CS15/(CP15+CS15+CV15),NA()) -> #N/A | CU15: =$Q$10 -> 0 | CV15: =CV14+CU15 -> 0.071847052 | CW15: =IF((CO15+CR15+CU15)<>0,CV15/(CP15+CS15+CV15),NA()) -> #N/A | CY15: 12:30 | CZ15: =$Q$11 -> 0 | DA15: =DA14+CZ15 -> 4.9538024 | DB15: =IF((CZ15+DC15+DF15)<>0,DA15/(DA15+DD15+DG15),NA()) -> #N/A | DC15: =$Q$12 -> 0 | DD15: =DD14+DC15 -> 3.0743768 | DE15: =IF((CZ15+DC15+DF15)<>0,DD15/(DA15+DD15+DG15),NA()) -> #N/A | DF15: =$Q$13 -> 0 | DG15: =DG14+DF15 -> 0.10428878 | DH15: =IF((CZ15+DC15+DF15)<>0,DG15/(DA15+DD15+DG15),NA()) -> #N/A | DJ15: 12:30 | DK15: =$Q$14 -> 0.018556769 | DL15: =DL14+DK15 -> 4.3316882 | DM15: =IF((DK15+DN15+DQ15)<>0,DL15/(DL15+DO15+DR15),NA()) -> 0.49165405 | DN15: =$Q$15 -> 0.15656495 | DO15: =DO14+DN15 -> 4.2776563 | DP15: =IF((DK15+DN15+DQ15)<>0,DO15/(DL15+DO15+DR15),NA()) -> 0.48552134 | DQ15: =$Q$16 -> 0 | DR15: =DR14+DQ15 -> 0.20109476 | DS15: =IF((DK15+DN15+DQ15)<>0,DR15/(DL15+DO15+DR15),NA()) -> 0.022824601 | DU15: 12:30 | DV15: =$Q$17 -> 0 | DW15: =DW14+DV15 -> 2.7253553 | DX15: =IF((DV15+DY15+EB15)<>0,DW15/(DW15+DZ15+EC15),NA()) -> #N/A | DY15: =$Q$18 -> 0 | DZ15: =DZ14+DY15 -> 4.3566623 | EA15: =IF((DV15+DY15+EB15)<>0,DZ15/(DW15+DZ15+EC15),NA()) -> #N/A | EB15: =$Q$19 -> 0 | EC15: =EC14+EB15 -> 0.16986688 | ED15: =IF((DV15+DY15+EB15)<>0,EC15/(DW15+DZ15+EC15),NA()) -> #N/A | EF15: 12:30 | EG15: =$Q$20 -> 0 | EH15: =EH14+EG15 -> 4.9831041 | EI15: =IF((EG15+EJ15+EM15)<>0,EH15/(EH15+EK15+EN15),NA()) -> #N/A | EJ15: =$Q$21 -> 0 | EK15: =EK14+EJ15 -> 3.5664385 | EL15: =IF((EG15+EJ15+EM15)<>0,EK15/(EH15+EK15+EN15),NA()) -> #N/A | EM15: =$Q$22 -> 0 | EN15: =EN14+EM15 -> 0.064113811 | EO15: =IF((EG15+EJ15+EM15)<>0,EN15/(EH15+EK15+EN15),NA()) -> #N/A | EQ15: 12:30 | ER15: =$Q$23 -> 0.35742122 | ES15: =ES14+ER15 -> 4.9387799 | ET15: =IF((ER15+EU15+EX15)<>0,ES15/(ES15+EV15+EY15),NA()) -> 0.55698708 | EU15: =$Q$24 -> 0.20318574 | EV15: =EV14+EU15 -> 3.7526989 | EW15: =IF((ER15+EU15+EX15)<>0,EV15/(ES15+EV15+EY15),NA()) -> 0.42322292 | EX15: =$Q$25 -> 0 | EY15: =EY14+EX15 -> 0.17547708 | EZ15: =IF((ER15+EU15+EX15)<>0,EY15/(ES15+EV15+EY15),NA()) -> 0.019790003 | FB15: 12:30 | FC15: =$Q$26 -> 0 | FD15: =FD14+FC15 -> 3.8008723 | FE15: =IF((FC15+FF15+FI15)<>0,FD15/(FD15+FG15+FJ15),NA()) -> #N/A | FF15: =$Q$27 -> 0 | FG15: =FG14+FF15 -> 4.2021008 | FH15: =IF((FC15+FF15+FI15)<>0,FG15/(FD15+FG15+FJ15),NA()) -> #N/A | FI15: =$Q$28 -> 0 | FJ15: =FJ14+FI15 -> 0.052788057 | FK15: =IF((FC15+FF15+FI15)<>0,FJ15/(FD15+FG15+FJ15),NA()) -> #N/A | FM15: 12:30 | FN15: =$Q$29 -> 0 | FO15: =FO14+FN15 -> 2.925 | FP15: =IF((FN15+FQ15+FT15)<>0,FO15/(FO15+FR15+FU15),NA()) -> #N/A | FQ15: =$Q$30 -> 0 | FR15: =FR14+FQ15 -> 2.95 | FS15: =IF((FN15+FQ15+FT15)<>0,FR15/(FO15+FR15+FU15),NA()) -> #N/A | FT15: =$Q$31 -> 0 | FU15: =FU14+FT15 -> 0.125 | FV15: =IF((FN15+FQ15+FT15)<>0,FU15/(FO15+FR15+FU15),NA()) -> #N/A | FX15: 12:30 | FY15: =$Q$32 -> 0 | FZ15: =FZ14+FY15 -> 2.7834023 | GA15: =IF((FY15+GB15+GE15)<>0,FZ15/(FZ15+GC15+GF15),NA()) -> #N/A | GB15: =$Q$33 -> 0 | GC15: =GC14+GB15 -> 4.2005957 | GD15: =IF((FY15+GB15+GE15)<>0,GC15/(FZ15+GC15+GF15),NA()) -> #N/A | GE15: =$Q$34 -> 0 | GF15: =GF14+GE15 -> 0.26395674 | GG15: =IF((FY15+GB15+GE15)<>0,GF15/(FZ15+GC15+GF15),NA()) -> #N/A | GI15: 12:30 | GJ15: =$Q$35 -> 0 | GK15: =GK14+GJ15 -> 6.213372 | GL15: =IF((GJ15+GM15+GP15)<>0,GK15/(GK15+GN15+GQ15),NA()) -> #N/A | GM15: =$Q$36 -> 0 | GN15: =GN14+GM15 -> 3.0230597 | GO15: =IF((GJ15+GM15+GP15)<>0,GN15/(GK15+GN15+GQ15),NA()) -> #N/A | GP15: =$Q$37 -> 0 | GQ15: =GQ14+GP15 -> 0.049686965 | GR15: =IF((GJ15+GM15+GP15)<>0,GQ15/(GK15+GN15+GQ15),NA()) -> #N/A | GT15: 12:30 | GU15: =$Q$38 -> 0 | GV15: =GV14+GU15 -> 4.1824765 | GW15: =IF((GU15+GX15+HA15)<>0,GV15/(GV15+GY15+HB15),NA()) -> #N/A | GX15: =$Q$39 -> 0 | GY15: =GY14+GX15 -> 2.6920065 | GZ15: =IF((GU15+GX15+HA15)<>0,GY15/(GV15+GY15+HB15),NA()) -> #N/A | HA15: =$Q$40 -> 0 | HB15: =HB14+HA15 -> 0.042961455 | HC15: =IF((GU15+GX15+HA15)<>0,HB15/(GV15+GY15+HB15),NA()) -> #N/A | HE15: 12:30 | HF15: =$Q$41 -> 0.53155446 | HG15: =HG14+HF15 -> 4.513305 | HH15: =IF((HF15+HI15+HL15)<>0,HG15/(HG15+HJ15+HM15),NA()) -> 0.50880786 | HI15: =$Q$42 -> 0.4064503 | HJ15: =HJ14+HI15 -> 4.2909325 | HK15: =IF((HF15+HI15+HL15)<>0,HJ15/(HG15+HJ15+HM15),NA()) -> 0.48373868 | HL15: =$Q$43 -> 0.0069062658 | HM15: =HM14+HL15 -> 0.066114805 | HN15: =IF((HF15+HI15+HL15)<>0,HM15/(HG15+HJ15+HM15),NA()) -> 0.0074534587 | HP15: 12:30 | HQ15: =$Q$44 -> 0 | HR15: =HR14+HQ15 -> 4.5078663 | HS15: =IF((HQ15+HT15+HW15)<>0,HR15/(HR15+HU15+HX15),NA()) -> #N/A | HT15: =$Q$45 -> 0 | HU15: =HU14+HT15 -> 3.8847364 | HV15: =IF((HQ15+HT15+HW15)<>0,HU15/(HR15+HU15+HX15),NA()) -> #N/A | HW15: =$Q$46 -> 0 | HX15: =HX14+HW15 -> 0.081980304 | HY15: =IF((HQ15+HT15+HW15)<>0,HX15/(HR15+HU15+HX15),NA()) -> #N/A | IA15: 12:30 | IB15: =$Q$47 -> 0 | IC15: =IC14+IB15 -> 3.1654695 | ID15: =IF((IB15+IE15+IH15)<>0,IC15/(IC15+IF15+II15),NA()) -> #N/A | IE15: =$Q$48 -> 0 | IF15: =IF14+IE15 -> 4.8324356 | IG15: =IF((IB15+IE15+IH15)<>0,IF15/(IC15+IF15+II15),NA()) -> #N/A | IH15: =$Q$49 -> 0 | II15: =II14+IH15 -> 0.15207467 | IJ15: =IF((IB15+IE15+IH15)<>0,II15/(IC15+IF15+II15),NA()) -> #N/A | IL15: 12:30 | IM15: =$Q$50 -> 0.38210434 | IN15: =IN14+IM15 -> 3.9262013 | IO15: =IF((IM15+IP15+IS15)<>0,IN15/(IN15+IQ15+IT15),NA()) -> 0.39667654 | IP15: =$Q$51 -> 0.51563581 | IQ15: =IQ14+IP15 -> 5.915341 | IR15: =IF((IM15+IP15+IS15)<>0,IQ15/(IN15+IQ15+IT15),NA()) -> 0.59764561 | IS15: =$Q$52 -> 0 | IT15: =IT14+IS15 -> 0.056197847 | IU15: =IF((IM15+IP15+IS15)<>0,IT15/(IN15+IQ15+IT15),NA()) -> 0.0056778463 | IW15: 12:30 | IX15: =$Q$53 -> 0.25622589 | IY15: =IY14+IX15 -> 3.3457512 | IZ15: =IF((IX15+JA15+JD15)<>0,IY15/(IY15+JB15+JE15),NA()) -> 0.54543421 | JA15: =$Q$54 -> 0.1098111 | JB15: =JB14+JA15 -> 2.6220046 | JC15: =IF((IX15+JA15+JD15)<>0,JB15/(IY15+JB15+JE15),NA()) -> 0.42744691 | JD15: =$Q$55 -> 0.036603699 | JE15: =JE14+JD15 -> 0.16635007 | JF15: =IF((IX15+JA15+JD15)<>0,JE15/(IY15+JB15+JE15),NA()) -> 0.027118878 | JH15: 12:30 | JI15: =$Q$56 -> 0.24920339 | JJ15: =JJ14+JI15 -> 6.668961 | JK15: =IF((JI15+JL15+JO15)<>0,JJ15/(JJ15+JM15+JP15),NA()) -> 0.74903048 | JL15: =$Q$57 -> 0.022563564 | JM15: =JM14+JL15 -> 2.11499 | JN15: =IF((JI15+JL15+JO15)<>0,JM15/(JJ15+JM15+JP15),NA()) -> 0.23754705 | JO15: =$Q$58 -> 0 | JP15: =JP14+JO15 -> 0.11950644 | JQ15: =IF((JI15+JL15+JO15)<>0,JP15/(JJ15+JM15+JP15),NA()) -> 0.013422475 | JS15: 12:30 | JT15: =$Q$59 -> 0 | JU15: =JU14+JT15 -> 3.6542511 | JV15: =IF((JT15+JW15+JZ15)<>0,JU15/(JU15+JX15+KA15),NA()) -> #N/A | JW15: =$Q$60 -> 0 | JX15: =JX14+JW15 -> 2.6346657 | JY15: =IF((JT15+JW15+JZ15)<>0,JX15/(JU15+JX15+KA15),NA()) -> #N/A | JZ15: =$Q$61 -> 0 | KA15: =KA14+JZ15 -> 0.09918299 | KB15: =IF((JT15+JW15+JZ15)<>0,KA15/(JU15+JX15+KA15),NA()) -> #N/A | KD15: 12:30 | KE15: =$Q$62 -> 0 | KF15: =KF14+KE15 -> 1.8304419 | KG15: =IF((KE15+KH15+KK15)<>0,KF15/(KF15+KI15+KL15),NA()) -> #N/A | KH15: =$Q$63 -> 0 | KI15: =KI14+KH15 -> 3.8685528 | KJ15: =IF((KE15+KH15+KK15)<>0,KI15/(KF15+KI15+KL15),NA()) -> #N/A | KK15: =$Q$64 -> 0 | KL15: =KL14+KK15 -> 0.13647246 | KM15: =IF((KE15+KH15+KK15)<>0,KL15/(KF15+KI15+KL15),NA()) -> #N/A | KO15: 12:30 | KP15: =$Q$65 -> 0 | KQ15: =KQ14+KP15 -> 3.5258255 | KR15: =IF((KP15+KS15+KV15)<>0,KQ15/(KQ15+KT15+KW15),NA()) -> #N/A | KS15: =$Q$66 -> 0 | KT15: =KT14+KS15 -> 1.5710035 | KU15: =IF((KP15+KS15+KV15)<>0,KT15/(KQ15+KT15+KW15),NA()) -> #N/A | KV15: =$Q$67 -> 0 | KW15: =KW14+KV15 -> 0.053009677 | KX15: =IF((KP15+KS15+KV15)<>0,KW15/(KQ15+KT15+KW15),NA()) -> #N/A | KZ15: 12:30 | LA15: =$Q$68 -> 0 | LB15: =LB14+LA15 -> 3.5023864 | LC15: =IF((LA15+LD15+LG15)<>0,LB15/(LB15+LE15+LH15),NA()) -> #N/A | LD15: =$Q$69 -> 0 | LE15: =LE14+LD15 -> 2.2450052 | LF15: =IF((LA15+LD15+LG15)<>0,LE15/(LB15+LE15+LH15),NA()) -> #N/A | LG15: =$Q$70 -> 0 | LH15: =LH14+LG15 -> 0 | LI15: =IF((LA15+LD15+LG15)<>0,LH15/(LB15+LE15+LH15),NA()) -> #N/A | LK15: 12:30 | LL15: =$Q$71 -> 0.14771354 | LM15: =LM14+LL15 -> 4.8300699 | LN15: =IF((LL15+LO15+LR15)<>0,LM15/(LM15+LP15+LS15),NA()) -> 0.62187874 | LO15: =$Q$72 -> 0.098475694 | LP15: =LP14+LO15 -> 2.8847298 | LQ15: =IF((LL15+LO15+LR15)<>0,LP15/(LM15+LP15+LS15),NA()) -> 0.37141329 | LR15: =$Q$73 -> 0 | LS15: =LS14+LR15 -> 0.052100142 | LT15: =IF((LL15+LO15+LR15)<>0,LS15/(LM15+LP15+LS15),NA()) -> 0.0067079713 | LV15: 12:30 | LW15: =$Q$74 -> 0.056782676 | LX15: =LX14+LW15 -> 4.1982682 | LY15: =IF((LW15+LZ15+MC15)<>0,LX15/(LX15+MA15+MD15),NA()) -> 0.5067361 | LZ15: =$Q$75 -> 0.018927559 | MA15: =MA14+LZ15 -> 4.0113398 | MB15: =IF((LW15+LZ15+MC15)<>0,MA15/(LX15+MA15+MD15),NA()) -> 0.48417361 | MC15: =$Q$76 -> 0.0047318896 | MD15: =MD14+MC15 -> 0.075312296 | ME15: =IF((LW15+LZ15+MC15)<>0,MD15/(LX15+MA15+MD15),NA()) -> 0.0090902862
